<?xml version="1.0" encoding="UTF-8"?>
<kml xmlns="http://www.opengis.net/kml/2.2">
  <Document>
    <name>maimai Worldwide — official ALL.Net coverage</name>
    <Style id="primary"><IconStyle><color>ff3a4ad8</color><scale>0.85</scale></IconStyle></Style>
    <Style id="secondary"><IconStyle><color>ff9c6f25</color><scale>0.85</scale></IconStyle></Style>
    <Folder>
      <name>Australia</name>
      <Placemark>
        <name>AMUSE</name>
        <description>16 WITCOMBE STREET, ADELAIDE, SA5000&lt;br/&gt;maimai DX International Version&lt;br/&gt;maimai International official / ALL.Net&lt;br/&gt;&lt;a href="https://location.am-all.net/alm/shop?gm=98&amp;astep=1012&amp;sid=18399&amp;lang=en"&gt;Official detail&lt;/a&gt;</description>
        <styleUrl>#secondary</styleUrl>
        <ExtendedData>
          <Data name="id"><value>intl-1012-18399</value></Data>
          <Data name="area"><value>Australia</value></Data>
          <Data name="address"><value>16 WITCOMBE STREET, ADELAIDE, SA5000</value></Data>
        </ExtendedData>
        <Point>
          <coordinates>138.5947976,-34.9299206,0</coordinates>
        </Point>
      </Placemark>
      <Placemark>
        <name>ARCHIE BROTHERS CCW</name>
        <description>285 Springvale Road, Glen Waverley, Victoria, Australia, 3150&lt;br/&gt;maimai DX International Version&lt;br/&gt;maimai International official / ALL.Net&lt;br/&gt;&lt;a href="https://location.am-all.net/alm/shop?gm=98&amp;astep=1012&amp;sid=18755&amp;lang=en"&gt;Official detail&lt;/a&gt;</description>
        <styleUrl>#secondary</styleUrl>
        <ExtendedData>
          <Data name="id"><value>intl-1012-18755</value></Data>
          <Data name="area"><value>Australia</value></Data>
          <Data name="address"><value>285 Springvale Road, Glen Waverley, Victoria, Australia, 3150</value></Data>
        </ExtendedData>
        <Point>
          <coordinates>145.1647251,-37.8812875,0</coordinates>
        </Point>
      </Placemark>
      <Placemark>
        <name>ARCHIE BROTHERS QV</name>
        <description>45 Little Londsdale Street, Melbourne, Victoria, 3000&lt;br/&gt;maimai DX International Version&lt;br/&gt;maimai International official / ALL.Net&lt;br/&gt;&lt;a href="https://location.am-all.net/alm/shop?gm=98&amp;astep=1012&amp;sid=18636&amp;lang=en"&gt;Official detail&lt;/a&gt;</description>
        <styleUrl>#secondary</styleUrl>
        <ExtendedData>
          <Data name="id"><value>intl-1012-18636</value></Data>
          <Data name="area"><value>Australia</value></Data>
          <Data name="address"><value>45 Little Londsdale Street, Melbourne, Victoria, 3000</value></Data>
        </ExtendedData>
        <Point>
          <coordinates>144.9712286,-37.8093821,0</coordinates>
        </Point>
      </Placemark>
      <Placemark>
        <name>B.LUCKY&amp;SONS MELBOURNE</name>
        <description>Level 3, 211 Latrobe St., Melrourne, Vic,3000&lt;br/&gt;maimai DX International Version&lt;br/&gt;maimai International official / ALL.Net&lt;br/&gt;&lt;a href="https://location.am-all.net/alm/shop?gm=98&amp;astep=1012&amp;sid=19218&amp;lang=en"&gt;Official detail&lt;/a&gt;</description>
        <styleUrl>#secondary</styleUrl>
        <ExtendedData>
          <Data name="id"><value>intl-1012-19218</value></Data>
          <Data name="area"><value>Australia</value></Data>
          <Data name="address"><value>Level 3, 211 Latrobe St., Melrourne, Vic,3000</value></Data>
        </ExtendedData>
        <Point>
          <coordinates>144.9630556,-37.8105556,0</coordinates>
        </Point>
      </Placemark>
      <Placemark>
        <name>ENTERTAINMENT PARK</name>
        <description>361 Milperra Rd Bankstown NSW 2200&lt;br/&gt;maimai DX International Version&lt;br/&gt;maimai International official / ALL.Net&lt;br/&gt;&lt;a href="https://location.am-all.net/alm/shop?gm=98&amp;astep=1012&amp;sid=18972&amp;lang=en"&gt;Official detail&lt;/a&gt;</description>
        <styleUrl>#secondary</styleUrl>
        <ExtendedData>
          <Data name="id"><value>intl-1012-18972</value></Data>
          <Data name="area"><value>Australia</value></Data>
          <Data name="address"><value>361 Milperra Rd Bankstown NSW 2200</value></Data>
        </ExtendedData>
        <Point>
          <coordinates>150.9905704,-33.9294993,0</coordinates>
        </Point>
      </Placemark>
      <Placemark>
        <name>FORTRESS MELBOURNE</name>
        <description>23 CALEDONIAN LANE, MELBOURNE, VICTORIA, AUSTRALIA 3000&lt;br/&gt;maimai DX International Version&lt;br/&gt;maimai International official / ALL.Net&lt;br/&gt;&lt;a href="https://location.am-all.net/alm/shop?gm=98&amp;astep=1012&amp;sid=19214&amp;lang=en"&gt;Official detail&lt;/a&gt;</description>
        <styleUrl>#secondary</styleUrl>
        <ExtendedData>
          <Data name="id"><value>intl-1012-19214</value></Data>
          <Data name="area"><value>Australia</value></Data>
          <Data name="address"><value>23 CALEDONIAN LANE, MELBOURNE, VICTORIA, AUSTRALIA 3000</value></Data>
        </ExtendedData>
        <Point>
          <coordinates>144.9640502,-37.8121261,0</coordinates>
        </Point>
      </Placemark>
      <Placemark>
        <name>FUNHOUSE BRISBANE CITY</name>
        <description>Level 3/91 Queen St, Brisbane City QLD 4000&lt;br/&gt;maimai DX International Version&lt;br/&gt;maimai International official / ALL.Net&lt;br/&gt;&lt;a href="https://location.am-all.net/alm/shop?gm=98&amp;astep=1012&amp;sid=18780&amp;lang=en"&gt;Official detail&lt;/a&gt;</description>
        <styleUrl>#secondary</styleUrl>
        <ExtendedData>
          <Data name="id"><value>intl-1012-18780</value></Data>
          <Data name="area"><value>Australia</value></Data>
          <Data name="address"><value>Level 3/91 Queen St, Brisbane City QLD 4000</value></Data>
        </ExtendedData>
        <Point>
          <coordinates>153.0248758,-27.4706058,0</coordinates>
        </Point>
      </Placemark>
      <Placemark>
        <name>IPLAY CAROUSEL</name>
        <description>SHOP MM223, 1382 ALBANY HWY, CANNINGTON, WA AUSTRALIA 6107&lt;br/&gt;maimai DX International Version&lt;br/&gt;maimai International official / ALL.Net&lt;br/&gt;&lt;a href="https://location.am-all.net/alm/shop?gm=98&amp;astep=1012&amp;sid=19217&amp;lang=en"&gt;Official detail&lt;/a&gt;</description>
        <styleUrl>#secondary</styleUrl>
        <ExtendedData>
          <Data name="id"><value>intl-1012-19217</value></Data>
          <Data name="area"><value>Australia</value></Data>
          <Data name="address"><value>SHOP MM223, 1382 ALBANY HWY, CANNINGTON, WA AUSTRALIA 6107</value></Data>
        </ExtendedData>
        <Point>
          <coordinates>115.9388969,-32.0199279,0</coordinates>
        </Point>
      </Placemark>
      <Placemark>
        <name>IPLAY WETHERILL PARK</name>
        <description>561/583 Polding St, Wetherill Park NSW 2164&lt;br/&gt;maimai DX International Version&lt;br/&gt;maimai International official / ALL.Net&lt;br/&gt;&lt;a href="https://location.am-all.net/alm/shop?gm=98&amp;astep=1012&amp;sid=18937&amp;lang=en"&gt;Official detail&lt;/a&gt;</description>
        <styleUrl>#secondary</styleUrl>
        <ExtendedData>
          <Data name="id"><value>intl-1012-18937</value></Data>
          <Data name="area"><value>Australia</value></Data>
          <Data name="address"><value>561/583 Polding St, Wetherill Park NSW 2164</value></Data>
        </ExtendedData>
        <Point>
          <coordinates>150.8978985,-33.8593157,0</coordinates>
        </Point>
      </Placemark>
      <Placemark>
        <name>KINGPIN CANBERRA</name>
        <description>Canberra Centre Bunda Street,Canberra City ACT 2608&lt;br/&gt;maimai DX International Version&lt;br/&gt;maimai International official / ALL.Net&lt;br/&gt;&lt;a href="https://location.am-all.net/alm/shop?gm=98&amp;astep=1012&amp;sid=19453&amp;lang=en"&gt;Official detail&lt;/a&gt;</description>
        <styleUrl>#secondary</styleUrl>
        <ExtendedData>
          <Data name="id"><value>intl-1012-19453</value></Data>
          <Data name="area"><value>Australia</value></Data>
          <Data name="address"><value>Canberra Centre Bunda Street,Canberra City ACT 2608</value></Data>
        </ExtendedData>
        <Point>
          <coordinates>149.1332559,-35.2802271,0</coordinates>
        </Point>
      </Placemark>
      <Placemark>
        <name>KINGPIN MELBOURNE</name>
        <description>260 Collins St, MELBOURNE VIC 3000&lt;br/&gt;maimai DX International Version&lt;br/&gt;maimai International official / ALL.Net&lt;br/&gt;&lt;a href="https://location.am-all.net/alm/shop?gm=98&amp;astep=1012&amp;sid=18430&amp;lang=en"&gt;Official detail&lt;/a&gt;</description>
        <styleUrl>#secondary</styleUrl>
        <ExtendedData>
          <Data name="id"><value>intl-1012-18430</value></Data>
          <Data name="area"><value>Australia</value></Data>
          <Data name="address"><value>260 Collins St, MELBOURNE VIC 3000</value></Data>
        </ExtendedData>
        <Point>
          <coordinates>144.9650986,-37.8152725,0</coordinates>
        </Point>
      </Placemark>
      <Placemark>
        <name>KINGPIN NORTH STRATHFIELD</name>
        <description>Building H3/3-5 George St, North Strathfield NSW 2137&lt;br/&gt;maimai DX International Version&lt;br/&gt;maimai International official / ALL.Net&lt;br/&gt;&lt;a href="https://location.am-all.net/alm/shop?gm=98&amp;astep=1012&amp;sid=18926&amp;lang=en"&gt;Official detail&lt;/a&gt;</description>
        <styleUrl>#secondary</styleUrl>
        <ExtendedData>
          <Data name="id"><value>intl-1012-18926</value></Data>
          <Data name="area"><value>Australia</value></Data>
          <Data name="address"><value>Building H3/3-5 George St, North Strathfield NSW 2137</value></Data>
        </ExtendedData>
        <Point>
          <coordinates>151.0889051,-33.8632365,0</coordinates>
        </Point>
      </Placemark>
      <Placemark>
        <name>KINGPIN(CHERMSIDE)</name>
        <description>Westfield Chermside,Corner Gympie &amp; HamiltonRd,Chermside QLD4032&lt;br/&gt;maimai DX International Version&lt;br/&gt;maimai International official / ALL.Net&lt;br/&gt;&lt;a href="https://location.am-all.net/alm/shop?gm=98&amp;astep=1012&amp;sid=19803&amp;lang=en"&gt;Official detail&lt;/a&gt;</description>
        <styleUrl>#secondary</styleUrl>
        <ExtendedData>
          <Data name="id"><value>intl-1012-19803</value></Data>
          <Data name="area"><value>Australia</value></Data>
          <Data name="address"><value>Westfield Chermside,Corner Gympie &amp; HamiltonRd,Chermside QLD4032</value></Data>
        </ExtendedData>
        <Point>
          <coordinates>153.0325653,-27.3826351,0</coordinates>
        </Point>
      </Placemark>
      <Placemark>
        <name>KINGPIN(CROWN)</name>
        <description>Malbourne,CrownEntertainmentComplex,WhitemanSt,Southbank,VIC3006&lt;br/&gt;maimai DX International Version&lt;br/&gt;maimai International official / ALL.Net&lt;br/&gt;&lt;a href="https://location.am-all.net/alm/shop?gm=98&amp;astep=1012&amp;sid=19809&amp;lang=en"&gt;Official detail&lt;/a&gt;</description>
        <styleUrl>#secondary</styleUrl>
        <ExtendedData>
          <Data name="id"><value>intl-1012-19809</value></Data>
          <Data name="area"><value>Australia</value></Data>
          <Data name="address"><value>Malbourne,CrownEntertainmentComplex,WhitemanSt,Southbank,VIC3006</value></Data>
        </ExtendedData>
        <Point>
          <coordinates>144.957,-37.829,0</coordinates>
        </Point>
      </Placemark>
      <Placemark>
        <name>KOKO AMESEMENT HORNSBY</name>
        <description>Shop 4000-1/236 Pacific Hwy Horsby NSW 2077&lt;br/&gt;maimai DX International Version&lt;br/&gt;maimai International official / ALL.Net&lt;br/&gt;&lt;a href="https://location.am-all.net/alm/shop?gm=98&amp;astep=1012&amp;sid=18973&amp;lang=en"&gt;Official detail&lt;/a&gt;</description>
        <styleUrl>#secondary</styleUrl>
        <ExtendedData>
          <Data name="id"><value>intl-1012-18973</value></Data>
          <Data name="area"><value>Australia</value></Data>
          <Data name="address"><value>Shop 4000-1/236 Pacific Hwy Horsby NSW 2077</value></Data>
        </ExtendedData>
        <Point>
          <coordinates>151.1006823,-33.7043415,0</coordinates>
        </Point>
      </Placemark>
      <Placemark>
        <name>KOKO AMUSEMENT 614</name>
        <description>Basement 614 George ST Sydney NSW 2000&lt;br/&gt;maimai DX International Version&lt;br/&gt;maimai International official / ALL.Net&lt;br/&gt;&lt;a href="https://location.am-all.net/alm/shop?gm=98&amp;astep=1012&amp;sid=19464&amp;lang=en"&gt;Official detail&lt;/a&gt;</description>
        <styleUrl>#secondary</styleUrl>
        <ExtendedData>
          <Data name="id"><value>intl-1012-19464</value></Data>
          <Data name="area"><value>Australia</value></Data>
          <Data name="address"><value>Basement 614 George ST Sydney NSW 2000</value></Data>
        </ExtendedData>
        <Point>
          <coordinates>151.2067759,-33.8757593,0</coordinates>
        </Point>
      </Placemark>
      <Placemark>
        <name>KOKO AMUSEMENT BURWOOD</name>
        <description>lot29 27-31 belmore St,.Burwood,2134,NSW&lt;br/&gt;maimai DX International Version&lt;br/&gt;maimai International official / ALL.Net&lt;br/&gt;&lt;a href="https://location.am-all.net/alm/shop?gm=98&amp;astep=1012&amp;sid=19341&amp;lang=en"&gt;Official detail&lt;/a&gt;</description>
        <styleUrl>#secondary</styleUrl>
        <ExtendedData>
          <Data name="id"><value>intl-1012-19341</value></Data>
          <Data name="area"><value>Australia</value></Data>
          <Data name="address"><value>lot29 27-31 belmore St,.Burwood,2134,NSW</value></Data>
        </ExtendedData>
        <Point>
          <coordinates>151.102158,-33.8784196,0</coordinates>
        </Point>
      </Placemark>
      <Placemark>
        <name>KOKO HURSTVILLE</name>
        <description>G03/288 Forest Road, HurstvilleNSW&lt;br/&gt;maimai DX International Version&lt;br/&gt;maimai International official / ALL.Net&lt;br/&gt;&lt;a href="https://location.am-all.net/alm/shop?gm=98&amp;astep=1012&amp;sid=19129&amp;lang=en"&gt;Official detail&lt;/a&gt;</description>
        <styleUrl>#secondary</styleUrl>
        <ExtendedData>
          <Data name="id"><value>intl-1012-19129</value></Data>
          <Data name="area"><value>Australia</value></Data>
          <Data name="address"><value>G03/288 Forest Road, HurstvilleNSW</value></Data>
        </ExtendedData>
        <Point>
          <coordinates>151.1032215,-33.9669703,0</coordinates>
        </Point>
      </Placemark>
      <Placemark>
        <name>PARADIGM ZONE</name>
        <description>58 Gawler Place, Adelaide SA 5000&lt;br/&gt;maimai DX International Version&lt;br/&gt;maimai International official / ALL.Net&lt;br/&gt;&lt;a href="https://location.am-all.net/alm/shop?gm=98&amp;astep=1012&amp;sid=18431&amp;lang=en"&gt;Official detail&lt;/a&gt;</description>
        <styleUrl>#secondary</styleUrl>
        <ExtendedData>
          <Data name="id"><value>intl-1012-18431</value></Data>
          <Data name="area"><value>Australia</value></Data>
          <Data name="address"><value>58 Gawler Place, Adelaide SA 5000</value></Data>
        </ExtendedData>
        <Point>
          <coordinates>138.6021461,-34.923429,0</coordinates>
        </Point>
      </Placemark>
      <Placemark>
        <name>ROLLER ONE BURWOOD</name>
        <description>172-210 Burwood Hwy, Burwood East VIC 3151&lt;br/&gt;maimai DX International Version&lt;br/&gt;maimai International official / ALL.Net&lt;br/&gt;&lt;a href="https://location.am-all.net/alm/shop?gm=98&amp;astep=1012&amp;sid=18782&amp;lang=en"&gt;Official detail&lt;/a&gt;</description>
        <styleUrl>#secondary</styleUrl>
        <ExtendedData>
          <Data name="id"><value>intl-1012-18782</value></Data>
          <Data name="area"><value>Australia</value></Data>
          <Data name="address"><value>172-210 Burwood Hwy, Burwood East VIC 3151</value></Data>
        </ExtendedData>
        <Point>
          <coordinates>145.1493983,-37.8530342,0</coordinates>
        </Point>
      </Placemark>
      <Placemark>
        <name>TIMEZONE CHATSWOOD</name>
        <description>Level6 Westfield Chatswood,1 Anderson Street,Chatswood,NSW 2067&lt;br/&gt;maimai DX International Version&lt;br/&gt;maimai International official / ALL.Net&lt;br/&gt;&lt;a href="https://location.am-all.net/alm/shop?gm=98&amp;astep=1012&amp;sid=19443&amp;lang=en"&gt;Official detail&lt;/a&gt;</description>
        <styleUrl>#secondary</styleUrl>
        <ExtendedData>
          <Data name="id"><value>intl-1012-19443</value></Data>
          <Data name="area"><value>Australia</value></Data>
          <Data name="address"><value>Level6 Westfield Chatswood,1 Anderson Street,Chatswood,NSW 2067</value></Data>
        </ExtendedData>
        <Point>
          <coordinates>151.1831083,-33.7973628,0</coordinates>
        </Point>
      </Placemark>
      <Placemark>
        <name>TIMEZONE EASTGARDENS</name>
        <description>Westfield Shopping Centre, Bunnerong Rd, Eastgardens, NSW, 2036&lt;br/&gt;maimai DX International Version&lt;br/&gt;maimai International official / ALL.Net&lt;br/&gt;&lt;a href="https://location.am-all.net/alm/shop?gm=98&amp;astep=1012&amp;sid=18539&amp;lang=en"&gt;Official detail&lt;/a&gt;</description>
        <styleUrl>#secondary</styleUrl>
        <ExtendedData>
          <Data name="id"><value>intl-1012-18539</value></Data>
          <Data name="area"><value>Australia</value></Data>
          <Data name="address"><value>Westfield Shopping Centre, Bunnerong Rd, Eastgardens, NSW, 2036</value></Data>
        </ExtendedData>
        <Point>
          <coordinates>151.2243238,-33.9448896,0</coordinates>
        </Point>
      </Placemark>
      <Placemark>
        <name>TIMEZONE EASTLAND</name>
        <description>Shop MM12/13 Eastland Shopping Centre,171 -175 Maroondah Hwy&lt;br/&gt;maimai DX International Version&lt;br/&gt;maimai International official / ALL.Net&lt;br/&gt;&lt;a href="https://location.am-all.net/alm/shop?gm=98&amp;astep=1012&amp;sid=18501&amp;lang=en"&gt;Official detail&lt;/a&gt;</description>
        <styleUrl>#secondary</styleUrl>
        <ExtendedData>
          <Data name="id"><value>intl-1012-18501</value></Data>
          <Data name="area"><value>Australia</value></Data>
          <Data name="address"><value>Shop MM12/13 Eastland Shopping Centre,171 -175 Maroondah Hwy</value></Data>
        </ExtendedData>
        <Point>
          <coordinates>145.2292803,-37.8126592,0</coordinates>
        </Point>
      </Placemark>
      <Placemark>
        <name>TIMEZONE FREMANTLE</name>
        <description>Shop 32-33 South Terrace PiazzaFremantle WA 6160&lt;br/&gt;maimai DX International Version&lt;br/&gt;maimai International official / ALL.Net&lt;br/&gt;&lt;a href="https://location.am-all.net/alm/shop?gm=98&amp;astep=1012&amp;sid=18918&amp;lang=en"&gt;Official detail&lt;/a&gt;</description>
        <styleUrl>#secondary</styleUrl>
        <ExtendedData>
          <Data name="id"><value>intl-1012-18918</value></Data>
          <Data name="area"><value>Australia</value></Data>
          <Data name="address"><value>Shop 32-33 South Terrace PiazzaFremantle WA 6160</value></Data>
        </ExtendedData>
        <Point>
          <coordinates>115.7479566,-32.0562381,0</coordinates>
        </Point>
      </Placemark>
      <Placemark>
        <name>TIMEZONE INDOOROOPILLY</name>
        <description>Indooroopilly Shopping Centre 322 Moggill Rd, QLD 4068&lt;br/&gt;maimai DX International Version&lt;br/&gt;maimai International official / ALL.Net&lt;br/&gt;&lt;a href="https://location.am-all.net/alm/shop?gm=98&amp;astep=1012&amp;sid=19190&amp;lang=en"&gt;Official detail&lt;/a&gt;</description>
        <styleUrl>#secondary</styleUrl>
        <ExtendedData>
          <Data name="id"><value>intl-1012-19190</value></Data>
          <Data name="area"><value>Australia</value></Data>
          <Data name="address"><value>Indooroopilly Shopping Centre 322 Moggill Rd, QLD 4068</value></Data>
        </ExtendedData>
        <Point>
          <coordinates>152.9723122,-27.4994475,0</coordinates>
        </Point>
      </Placemark>
      <Placemark>
        <name>TIMEZONE KNOX</name>
        <description>2 Brisbane Ln, Wantirna South Vic 3152&lt;br/&gt;maimai DX International Version&lt;br/&gt;maimai International official / ALL.Net&lt;br/&gt;&lt;a href="https://location.am-all.net/alm/shop?gm=98&amp;astep=1012&amp;sid=18898&amp;lang=en"&gt;Official detail&lt;/a&gt;</description>
        <styleUrl>#secondary</styleUrl>
        <ExtendedData>
          <Data name="id"><value>intl-1012-18898</value></Data>
          <Data name="area"><value>Australia</value></Data>
          <Data name="address"><value>2 Brisbane Ln, Wantirna South Vic 3152</value></Data>
        </ExtendedData>
        <Point>
          <coordinates>145.2437459,-37.8699923,0</coordinates>
        </Point>
      </Placemark>
      <Placemark>
        <name>TIMEZONE PARRAMATTA</name>
        <description>Shop 4070, Westfield Parramatta, 175 Church St., NSW 2150&lt;br/&gt;maimai DX International Version&lt;br/&gt;maimai International official / ALL.Net&lt;br/&gt;&lt;a href="https://location.am-all.net/alm/shop?gm=98&amp;astep=1012&amp;sid=19191&amp;lang=en"&gt;Official detail&lt;/a&gt;</description>
        <styleUrl>#secondary</styleUrl>
        <ExtendedData>
          <Data name="id"><value>intl-1012-19191</value></Data>
          <Data name="area"><value>Australia</value></Data>
          <Data name="address"><value>Shop 4070, Westfield Parramatta, 175 Church St., NSW 2150</value></Data>
        </ExtendedData>
        <Point>
          <coordinates>151.0016557,-33.8173782,0</coordinates>
        </Point>
      </Placemark>
      <Placemark>
        <name>TIMEZONE PRESTON</name>
        <description>Northland Shopping Centre,2-50 Murray Rd,Preston VIC 3072&lt;br/&gt;maimai DX International Version&lt;br/&gt;maimai International official / ALL.Net&lt;br/&gt;&lt;a href="https://location.am-all.net/alm/shop?gm=98&amp;astep=1012&amp;sid=18796&amp;lang=en"&gt;Official detail&lt;/a&gt;</description>
        <styleUrl>#secondary</styleUrl>
        <ExtendedData>
          <Data name="id"><value>intl-1012-18796</value></Data>
          <Data name="area"><value>Australia</value></Data>
          <Data name="address"><value>Northland Shopping Centre,2-50 Murray Rd,Preston VIC 3072</value></Data>
        </ExtendedData>
        <Point>
          <coordinates>145.0299969,-37.7389461,0</coordinates>
        </Point>
      </Placemark>
      <Placemark>
        <name>TIMEZONE SURFERS PARADISE</name>
        <description>Level1 Paradise Centre,Cavilll Mall,Surfers Paradise QLD 4217&lt;br/&gt;maimai DX International Version&lt;br/&gt;maimai International official / ALL.Net&lt;br/&gt;&lt;a href="https://location.am-all.net/alm/shop?gm=98&amp;astep=1012&amp;sid=18816&amp;lang=en"&gt;Official detail&lt;/a&gt;</description>
        <styleUrl>#secondary</styleUrl>
        <ExtendedData>
          <Data name="id"><value>intl-1012-18816</value></Data>
          <Data name="area"><value>Australia</value></Data>
          <Data name="address"><value>Level1 Paradise Centre,Cavilll Mall,Surfers Paradise QLD 4217</value></Data>
        </ExtendedData>
        <Point>
          <coordinates>153.4298183,-28.001953,0</coordinates>
        </Point>
      </Placemark>
      <Placemark>
        <name>TIMEZONE TREE TEA PLAZA</name>
        <description>Tea Tree Plaza, 976 North East Road, Modbury SA 5092&lt;br/&gt;maimai DX International Version&lt;br/&gt;maimai International official / ALL.Net&lt;br/&gt;&lt;a href="https://location.am-all.net/alm/shop?gm=98&amp;astep=1012&amp;sid=18877&amp;lang=en"&gt;Official detail&lt;/a&gt;</description>
        <styleUrl>#secondary</styleUrl>
        <ExtendedData>
          <Data name="id"><value>intl-1012-18877</value></Data>
          <Data name="area"><value>Australia</value></Data>
          <Data name="address"><value>Tea Tree Plaza, 976 North East Road, Modbury SA 5092</value></Data>
        </ExtendedData>
        <Point>
          <coordinates>138.6901334,-34.8307178,0</coordinates>
        </Point>
      </Placemark>
      <Placemark>
        <name>TIMEZONE WERRIBEE</name>
        <description>Pacific Werribee Shopping Centre Heaths VIC 3029&lt;br/&gt;maimai DX International Version&lt;br/&gt;maimai International official / ALL.Net&lt;br/&gt;&lt;a href="https://location.am-all.net/alm/shop?gm=98&amp;astep=1012&amp;sid=18729&amp;lang=en"&gt;Official detail&lt;/a&gt;</description>
        <styleUrl>#secondary</styleUrl>
        <ExtendedData>
          <Data name="id"><value>intl-1012-18729</value></Data>
          <Data name="area"><value>Australia</value></Data>
          <Data name="address"><value>Pacific Werribee Shopping Centre Heaths VIC 3029</value></Data>
        </ExtendedData>
        <Point>
          <coordinates>144.6804581,-37.8769343,0</coordinates>
        </Point>
      </Placemark>
      <Placemark>
        <name>TIMEZONE WODEN</name>
        <description>Shop A3 Westfield Woden, KeltieSt, Phillip ACT 2606&lt;br/&gt;maimai DX International Version&lt;br/&gt;maimai International official / ALL.Net&lt;br/&gt;&lt;a href="https://location.am-all.net/alm/shop?gm=98&amp;astep=1012&amp;sid=18730&amp;lang=en"&gt;Official detail&lt;/a&gt;</description>
        <styleUrl>#secondary</styleUrl>
        <ExtendedData>
          <Data name="id"><value>intl-1012-18730</value></Data>
          <Data name="area"><value>Australia</value></Data>
          <Data name="address"><value>Shop A3 Westfield Woden, KeltieSt, Phillip ACT 2606</value></Data>
        </ExtendedData>
        <Point>
          <coordinates>149.0860718,-35.3462875,0</coordinates>
        </Point>
      </Placemark>
      <Placemark>
        <name>TIMEZONE(CENTRAL)</name>
        <description>Level 2, Central Park Mall, 28 Broadway, Chippendale,NSW2008&lt;br/&gt;maimai DX International Version&lt;br/&gt;maimai International official / ALL.Net&lt;br/&gt;&lt;a href="https://location.am-all.net/alm/shop?gm=98&amp;astep=1012&amp;sid=19806&amp;lang=en"&gt;Official detail&lt;/a&gt;</description>
        <styleUrl>#secondary</styleUrl>
        <ExtendedData>
          <Data name="id"><value>intl-1012-19806</value></Data>
          <Data name="area"><value>Australia</value></Data>
          <Data name="address"><value>Level 2, Central Park Mall, 28 Broadway, Chippendale,NSW2008</value></Data>
        </ExtendedData>
        <Point>
          <coordinates>151.2006823,-33.884581,0</coordinates>
        </Point>
      </Placemark>
      <Placemark>
        <name>TIMEZONE(HAYMARKET)</name>
        <description>Level 3 Market City, 9-13 Hay Street, Haymerket, Sydney, NSW2020&lt;br/&gt;maimai DX International Version&lt;br/&gt;maimai International official / ALL.Net&lt;br/&gt;&lt;a href="https://location.am-all.net/alm/shop?gm=98&amp;astep=1012&amp;sid=19807&amp;lang=en"&gt;Official detail&lt;/a&gt;</description>
        <styleUrl>#secondary</styleUrl>
        <ExtendedData>
          <Data name="id"><value>intl-1012-19807</value></Data>
          <Data name="area"><value>Australia</value></Data>
          <Data name="address"><value>Level 3 Market City, 9-13 Hay Street, Haymerket, Sydney, NSW2020</value></Data>
        </ExtendedData>
        <Point>
          <coordinates>151.2033833,-33.8797944,0</coordinates>
        </Point>
      </Placemark>
      <Placemark>
        <name>TIMEZONE(HIGHPOINT)</name>
        <description>Level 1 Highpoint SC,120-200Rosamond Rd,Maribyrnong,VIC3032&lt;br/&gt;maimai DX International Version&lt;br/&gt;maimai International official / ALL.Net&lt;br/&gt;&lt;a href="https://location.am-all.net/alm/shop?gm=98&amp;astep=1012&amp;sid=19808&amp;lang=en"&gt;Official detail&lt;/a&gt;</description>
        <styleUrl>#secondary</styleUrl>
        <ExtendedData>
          <Data name="id"><value>intl-1012-19808</value></Data>
          <Data name="area"><value>Australia</value></Data>
          <Data name="address"><value>Level 1 Highpoint SC,120-200Rosamond Rd,Maribyrnong,VIC3032</value></Data>
        </ExtendedData>
        <Point>
          <coordinates>144.8820803,-37.7695602,0</coordinates>
        </Point>
      </Placemark>
      <Placemark>
        <name>TIMEZONE(MACQUARIE)</name>
        <description>MacquarieCentre,CornerofHerringRd&amp;WaterlooRd,NorthRyde,NSW2113&lt;br/&gt;maimai DX International Version&lt;br/&gt;maimai International official / ALL.Net&lt;br/&gt;&lt;a href="https://location.am-all.net/alm/shop?gm=98&amp;astep=1012&amp;sid=19805&amp;lang=en"&gt;Official detail&lt;/a&gt;</description>
        <styleUrl>#secondary</styleUrl>
        <ExtendedData>
          <Data name="id"><value>intl-1012-19805</value></Data>
          <Data name="area"><value>Australia</value></Data>
          <Data name="address"><value>MacquarieCentre,CornerofHerringRd&amp;WaterlooRd,NorthRyde,NSW2113</value></Data>
        </ExtendedData>
        <Point>
          <coordinates>151.1200451,-33.7763709,0</coordinates>
        </Point>
      </Placemark>
      <Placemark>
        <name>TIMEZONE(NORTHBRIDGE)</name>
        <description>31 Lake Street, Northbridge, WA6003&lt;br/&gt;maimai DX International Version&lt;br/&gt;maimai International official / ALL.Net&lt;br/&gt;&lt;a href="https://location.am-all.net/alm/shop?gm=98&amp;astep=1012&amp;sid=19802&amp;lang=en"&gt;Official detail&lt;/a&gt;</description>
        <styleUrl>#secondary</styleUrl>
        <ExtendedData>
          <Data name="id"><value>intl-1012-19802</value></Data>
          <Data name="area"><value>Australia</value></Data>
          <Data name="address"><value>31 Lake Street, Northbridge, WA6003</value></Data>
        </ExtendedData>
        <Point>
          <coordinates>115.8567513,-31.9475043,0</coordinates>
        </Point>
      </Placemark>
      <Placemark>
        <name>VARSITY WATERFORD</name>
        <description>55/230 Manning Road, Karawara Perth, WA&lt;br/&gt;maimai DX International Version&lt;br/&gt;maimai International official / ALL.Net&lt;br/&gt;&lt;a href="https://location.am-all.net/alm/shop?gm=98&amp;astep=1012&amp;sid=18400&amp;lang=en"&gt;Official detail&lt;/a&gt;</description>
        <styleUrl>#secondary</styleUrl>
        <ExtendedData>
          <Data name="id"><value>intl-1012-18400</value></Data>
          <Data name="area"><value>Australia</value></Data>
          <Data name="address"><value>55/230 Manning Road, Karawara Perth, WA</value></Data>
        </ExtendedData>
        <Point>
          <coordinates>115.886449,-32.011588,0</coordinates>
        </Point>
      </Placemark>
      <Placemark>
        <name>ZONE BOWLING SOUTHLAND</name>
        <description>Zone Bowling Southland SHOP 3049B, 1239 Nepean Highway 3192&lt;br/&gt;maimai DX International Version&lt;br/&gt;maimai International official / ALL.Net&lt;br/&gt;&lt;a href="https://location.am-all.net/alm/shop?gm=98&amp;astep=1012&amp;sid=18628&amp;lang=en"&gt;Official detail&lt;/a&gt;</description>
        <styleUrl>#secondary</styleUrl>
        <ExtendedData>
          <Data name="id"><value>intl-1012-18628</value></Data>
          <Data name="area"><value>Australia</value></Data>
          <Data name="address"><value>Zone Bowling Southland SHOP 3049B, 1239 Nepean Highway 3192</value></Data>
        </ExtendedData>
        <Point>
          <coordinates>145.0510807,-37.9584584,0</coordinates>
        </Point>
      </Placemark>
      <Placemark>
        <name>ZONE BOWLING TOP RYDE</name>
        <description>GRD M5,Top Ryde City Shopping Centre,Blaxland Rd.&amp;Devlin St.NSW&lt;br/&gt;maimai DX International Version&lt;br/&gt;maimai International official / ALL.Net&lt;br/&gt;&lt;a href="https://location.am-all.net/alm/shop?gm=98&amp;astep=1012&amp;sid=19399&amp;lang=en"&gt;Official detail&lt;/a&gt;</description>
        <styleUrl>#secondary</styleUrl>
        <ExtendedData>
          <Data name="id"><value>intl-1012-19399</value></Data>
          <Data name="area"><value>Australia</value></Data>
          <Data name="address"><value>GRD M5,Top Ryde City Shopping Centre,Blaxland Rd.&amp;Devlin St.NSW</value></Data>
        </ExtendedData>
        <Point>
          <coordinates>151.1062214,-33.8122148,0</coordinates>
        </Point>
      </Placemark>
      <Placemark>
        <name>ZONE BOWLING VILLAWOOD</name>
        <description>850a Woodvilla Road,Villawood NSW 2163&lt;br/&gt;maimai DX International Version&lt;br/&gt;maimai International official / ALL.Net&lt;br/&gt;&lt;a href="https://location.am-all.net/alm/shop?gm=98&amp;astep=1012&amp;sid=18915&amp;lang=en"&gt;Official detail&lt;/a&gt;</description>
        <styleUrl>#secondary</styleUrl>
        <ExtendedData>
          <Data name="id"><value>intl-1012-18915</value></Data>
          <Data name="area"><value>Australia</value></Data>
          <Data name="address"><value>850a Woodvilla Road,Villawood NSW 2163</value></Data>
        </ExtendedData>
        <Point>
          <coordinates>150.9786698,-33.8792943,0</coordinates>
        </Point>
      </Placemark>
      <Placemark>
        <name>ZONEBOWLING BLACKTOWN</name>
        <description>Shop 4011/17 Patrick st, Blacktown NSW 2148&lt;br/&gt;maimai DX International Version&lt;br/&gt;maimai International official / ALL.Net&lt;br/&gt;&lt;a href="https://location.am-all.net/alm/shop?gm=98&amp;astep=1012&amp;sid=18938&amp;lang=en"&gt;Official detail&lt;/a&gt;</description>
        <styleUrl>#secondary</styleUrl>
        <ExtendedData>
          <Data name="id"><value>intl-1012-18938</value></Data>
          <Data name="area"><value>Australia</value></Data>
          <Data name="address"><value>Shop 4011/17 Patrick st, Blacktown NSW 2148</value></Data>
        </ExtendedData>
        <Point>
          <coordinates>150.9061011,-33.7699265,0</coordinates>
        </Point>
      </Placemark>
      <Placemark>
        <name>ZONEBOWLING(GARDEN CITY)</name>
        <description>Westfield Garden City, Kessels Rd, Upper Mount Gravatt QLD 4122&lt;br/&gt;maimai DX International Version&lt;br/&gt;maimai International official / ALL.Net&lt;br/&gt;&lt;a href="https://location.am-all.net/alm/shop?gm=98&amp;astep=1012&amp;sid=19804&amp;lang=en"&gt;Official detail&lt;/a&gt;</description>
        <styleUrl>#secondary</styleUrl>
        <ExtendedData>
          <Data name="id"><value>intl-1012-19804</value></Data>
          <Data name="area"><value>Australia</value></Data>
          <Data name="address"><value>Westfield Garden City, Kessels Rd, Upper Mount Gravatt QLD 4122</value></Data>
        </ExtendedData>
        <Point>
          <coordinates>153.0822254,-27.5626135,0</coordinates>
        </Point>
      </Placemark>
    </Folder>
    <Folder>
      <name>Hong Kong</name>
      <Placemark>
        <name>168 GAME CENTRE</name>
        <description>GIF YUE MAN SHOPPING CENTRE 300-302 NGAU TAU KOK RD. KWUN TONG&lt;br/&gt;maimai DX International Version&lt;br/&gt;maimai International official / ALL.Net&lt;br/&gt;&lt;a href="https://location.am-all.net/alm/shop?gm=98&amp;astep=1002&amp;sid=19393&amp;lang=en"&gt;Official detail&lt;/a&gt;</description>
        <styleUrl>#secondary</styleUrl>
        <ExtendedData>
          <Data name="id"><value>intl-1002-19393</value></Data>
          <Data name="area"><value>Hong Kong</value></Data>
          <Data name="address"><value>GIF YUE MAN SHOPPING CENTRE 300-302 NGAU TAU KOK RD. KWUN TONG</value></Data>
        </ExtendedData>
        <Point>
          <coordinates>114.2226831,22.3143438,0</coordinates>
        </Point>
      </Placemark>
      <Placemark>
        <name>ELECTRONIC PLAZA</name>
        <description>G/F&amp;COCKLOFT,130 FUK WA ST.,SHAM SHUI PO, KOWLOON&lt;br/&gt;maimai DX International Version&lt;br/&gt;maimai International official / ALL.Net&lt;br/&gt;&lt;a href="https://location.am-all.net/alm/shop?gm=98&amp;astep=1002&amp;sid=24290&amp;lang=en"&gt;Official detail&lt;/a&gt;</description>
        <styleUrl>#secondary</styleUrl>
        <ExtendedData>
          <Data name="id"><value>intl-1002-24290</value></Data>
          <Data name="area"><value>Hong Kong</value></Data>
          <Data name="address"><value>G/F&amp;COCKLOFT,130 FUK WA ST.,SHAM SHUI PO, KOWLOON</value></Data>
        </ExtendedData>
        <Point>
          <coordinates>114.162595156099,22.331478159747,0</coordinates>
        </Point>
      </Placemark>
      <Placemark>
        <name>GAMEZONE(KWUN TONG PLAZA)</name>
        <description>1/F,KWUN TONG PLAZA,68HOI YUEN ROAD, KWUNTONG, KOWLOON&lt;br/&gt;maimai DX International Version&lt;br/&gt;maimai International official / ALL.Net&lt;br/&gt;&lt;a href="https://location.am-all.net/alm/shop?gm=98&amp;astep=1002&amp;sid=24741&amp;lang=en"&gt;Official detail&lt;/a&gt;</description>
        <styleUrl>#secondary</styleUrl>
        <ExtendedData>
          <Data name="id"><value>intl-1002-24741</value></Data>
          <Data name="area"><value>Hong Kong</value></Data>
          <Data name="address"><value>1/F,KWUN TONG PLAZA,68HOI YUEN ROAD, KWUNTONG, KOWLOON</value></Data>
        </ExtendedData>
        <Point>
          <coordinates>114.226019,22.3111759,0</coordinates>
        </Point>
      </Placemark>
      <Placemark>
        <name>GAMEZONE(MONG KOK)</name>
        <description>BF., ARGYLE CENTRE PHASE I,65 ARGYLE ST, MONGKOK, KOWLOON&lt;br/&gt;maimai DX International Version&lt;br/&gt;maimai International official / ALL.Net&lt;br/&gt;&lt;a href="https://location.am-all.net/alm/shop?gm=98&amp;astep=1002&amp;sid=24738&amp;lang=en"&gt;Official detail&lt;/a&gt;</description>
        <styleUrl>#secondary</styleUrl>
        <ExtendedData>
          <Data name="id"><value>intl-1002-24738</value></Data>
          <Data name="area"><value>Hong Kong</value></Data>
          <Data name="address"><value>BF., ARGYLE CENTRE PHASE I,65 ARGYLE ST, MONGKOK, KOWLOON</value></Data>
        </ExtendedData>
        <Point>
          <coordinates>114.171476986786,22.3195199991315,0</coordinates>
        </Point>
      </Placemark>
      <Placemark>
        <name>GOLD STAR(NATHAN ROAD)</name>
        <description>B,WING WONG BLDG., 557-559NATHAN RD., YAU MA TEI, KOWLOON&lt;br/&gt;maimai DX International Version&lt;br/&gt;maimai International official / ALL.Net&lt;br/&gt;&lt;a href="https://location.am-all.net/alm/shop?gm=98&amp;astep=1002&amp;sid=24092&amp;lang=en"&gt;Official detail&lt;/a&gt;</description>
        <styleUrl>#secondary</styleUrl>
        <ExtendedData>
          <Data name="id"><value>intl-1002-24092</value></Data>
          <Data name="area"><value>Hong Kong</value></Data>
          <Data name="address"><value>B,WING WONG BLDG., 557-559NATHAN RD., YAU MA TEI, KOWLOON</value></Data>
        </ExtendedData>
        <Point>
          <coordinates>114.170193171263,22.3141685472114,0</coordinates>
        </Point>
      </Placemark>
      <Placemark>
        <name>GOLD STAR(TSUEN WAN)</name>
        <description>3F,E WING, NAN FUNG CENTRE, 264-298CASTLE PEAK RD.,TSUEN WAN N.T&lt;br/&gt;maimai DX International Version&lt;br/&gt;maimai International official / ALL.Net&lt;br/&gt;&lt;a href="https://location.am-all.net/alm/shop?gm=98&amp;astep=1002&amp;sid=24723&amp;lang=en"&gt;Official detail&lt;/a&gt;</description>
        <styleUrl>#secondary</styleUrl>
        <ExtendedData>
          <Data name="id"><value>intl-1002-24723</value></Data>
          <Data name="area"><value>Hong Kong</value></Data>
          <Data name="address"><value>3F,E WING, NAN FUNG CENTRE, 264-298CASTLE PEAK RD.,TSUEN WAN N.T</value></Data>
        </ExtendedData>
        <Point>
          <coordinates>114.116348067718,22.3738489535483,0</coordinates>
        </Point>
      </Placemark>
      <Placemark>
        <name>GOLDEN ERA GAME CENTRE</name>
        <description>2/F, GOLDEN ERA PLAZA, 39SAI YEE STREET, MONGKOK, KOWLOON&lt;br/&gt;maimai DX International Version&lt;br/&gt;maimai International official / ALL.Net&lt;br/&gt;&lt;a href="https://location.am-all.net/alm/shop?gm=98&amp;astep=1002&amp;sid=24735&amp;lang=en"&gt;Official detail&lt;/a&gt;</description>
        <styleUrl>#secondary</styleUrl>
        <ExtendedData>
          <Data name="id"><value>intl-1002-24735</value></Data>
          <Data name="area"><value>Hong Kong</value></Data>
          <Data name="address"><value>2/F, GOLDEN ERA PLAZA, 39SAI YEE STREET, MONGKOK, KOWLOON</value></Data>
        </ExtendedData>
        <Point>
          <coordinates>114.17173,22.318361,0</coordinates>
        </Point>
      </Placemark>
      <Placemark>
        <name>HOLLYWOOD GAME ZONE</name>
        <description>383, LEVEL 3, PLAZA HOLLYWOODDIAMOND HILL, KOWLOON,&lt;br/&gt;maimai DX International Version&lt;br/&gt;maimai International official / ALL.Net&lt;br/&gt;&lt;a href="https://location.am-all.net/alm/shop?gm=98&amp;astep=1002&amp;sid=24742&amp;lang=en"&gt;Official detail&lt;/a&gt;</description>
        <styleUrl>#secondary</styleUrl>
        <ExtendedData>
          <Data name="id"><value>intl-1002-24742</value></Data>
          <Data name="area"><value>Hong Kong</value></Data>
          <Data name="address"><value>383, LEVEL 3, PLAZA HOLLYWOODDIAMOND HILL, KOWLOON,</value></Data>
        </ExtendedData>
        <Point>
          <coordinates>114.202109561089,22.3407058292102,0</coordinates>
        </Point>
      </Placemark>
      <Placemark>
        <name>HUNG MIN GAME CENTRE</name>
        <description>G/F., 11-13 Hung Min Court, Yuen Long, N.T. (YLFL152)&lt;br/&gt;maimai DX International Version&lt;br/&gt;maimai International official / ALL.Net&lt;br/&gt;&lt;a href="https://location.am-all.net/alm/shop?gm=98&amp;astep=1002&amp;sid=18724&amp;lang=en"&gt;Official detail&lt;/a&gt;</description>
        <styleUrl>#secondary</styleUrl>
        <ExtendedData>
          <Data name="id"><value>intl-1002-18724</value></Data>
          <Data name="area"><value>Hong Kong</value></Data>
          <Data name="address"><value>G/F., 11-13 Hung Min Court, Yuen Long, N.T. (YLFL152)</value></Data>
        </ExtendedData>
        <Point>
          <coordinates>114.0296046,22.442376,0</coordinates>
        </Point>
      </Placemark>
      <Placemark>
        <name>IGAME(TAI PO)</name>
        <description>B,TAI PO SPORTS ASSOCIATION 2ON CHEUNG RD.,TAI PO,N.T&lt;br/&gt;maimai DX International Version&lt;br/&gt;maimai International official / ALL.Net&lt;br/&gt;&lt;a href="https://location.am-all.net/alm/shop?gm=98&amp;astep=1002&amp;sid=22378&amp;lang=en"&gt;Official detail&lt;/a&gt;</description>
        <styleUrl>#secondary</styleUrl>
        <ExtendedData>
          <Data name="id"><value>intl-1002-22378</value></Data>
          <Data name="area"><value>Hong Kong</value></Data>
          <Data name="address"><value>B,TAI PO SPORTS ASSOCIATION 2ON CHEUNG RD.,TAI PO,N.T</value></Data>
        </ExtendedData>
        <Point>
          <coordinates>114.167268772552,22.4537095979308,0</coordinates>
        </Point>
      </Placemark>
      <Placemark>
        <name>INTERNATIONAL GAMES CENTRE</name>
        <description>SHOP A15 39,40&amp;41G/F,TAI ON BLDG57-87SHAU KEI WAN RD,SAI WAN HO&lt;br/&gt;maimai DX International Version&lt;br/&gt;maimai International official / ALL.Net&lt;br/&gt;&lt;a href="https://location.am-all.net/alm/shop?gm=98&amp;astep=1002&amp;sid=24118&amp;lang=en"&gt;Official detail&lt;/a&gt;</description>
        <styleUrl>#secondary</styleUrl>
        <ExtendedData>
          <Data name="id"><value>intl-1002-24118</value></Data>
          <Data name="area"><value>Hong Kong</value></Data>
          <Data name="address"><value>SHOP A15 39,40&amp;41G/F,TAI ON BLDG57-87SHAU KEI WAN RD,SAI WAN HO</value></Data>
        </ExtendedData>
        <Point>
          <coordinates>114.22202897611,22.2828744370836,0</coordinates>
        </Point>
      </Placemark>
      <Placemark>
        <name>JUMBO GAME</name>
        <description>BASEMENT, 82 OLD MAIN STREET,ABERDEEN, HONG KONG,&lt;br/&gt;maimai DX International Version&lt;br/&gt;maimai International official / ALL.Net&lt;br/&gt;&lt;a href="https://location.am-all.net/alm/shop?gm=98&amp;astep=1002&amp;sid=24718&amp;lang=en"&gt;Official detail&lt;/a&gt;</description>
        <styleUrl>#secondary</styleUrl>
        <ExtendedData>
          <Data name="id"><value>intl-1002-24718</value></Data>
          <Data name="area"><value>Hong Kong</value></Data>
          <Data name="address"><value>BASEMENT, 82 OLD MAIN STREET,ABERDEEN, HONG KONG,</value></Data>
        </ExtendedData>
        <Point>
          <coordinates>114.156244157078,22.248364058739,0</coordinates>
        </Point>
      </Placemark>
      <Placemark>
        <name>LUCKY GAME CENTRE</name>
        <description>G/F HONG SHUN BLDG., 166 WOOSUNG ST.,YAU MA TEI ,KOWLOON.&lt;br/&gt;maimai DX International Version&lt;br/&gt;maimai International official / ALL.Net&lt;br/&gt;&lt;a href="https://location.am-all.net/alm/shop?gm=98&amp;astep=1002&amp;sid=24115&amp;lang=en"&gt;Official detail&lt;/a&gt;</description>
        <styleUrl>#secondary</styleUrl>
        <ExtendedData>
          <Data name="id"><value>intl-1002-24115</value></Data>
          <Data name="area"><value>Hong Kong</value></Data>
          <Data name="address"><value>G/F HONG SHUN BLDG., 166 WOOSUNG ST.,YAU MA TEI ,KOWLOON.</value></Data>
        </ExtendedData>
        <Point>
          <coordinates>114.170254874788,22.3038496751725,0</coordinates>
        </Point>
      </Placemark>
      <Placemark>
        <name>PIK FU GAME CENTRE</name>
        <description>SHOP LG1,26-30 WO YI HOP ROAD, KWAI CHUNG,N.T&lt;br/&gt;maimai DX International Version&lt;br/&gt;maimai International official / ALL.Net&lt;br/&gt;&lt;a href="https://location.am-all.net/alm/shop?gm=98&amp;astep=1002&amp;sid=19227&amp;lang=en"&gt;Official detail&lt;/a&gt;</description>
        <styleUrl>#secondary</styleUrl>
        <ExtendedData>
          <Data name="id"><value>intl-1002-19227</value></Data>
          <Data name="area"><value>Hong Kong</value></Data>
          <Data name="address"><value>SHOP LG1,26-30 WO YI HOP ROAD, KWAI CHUNG,N.T</value></Data>
        </ExtendedData>
        <Point>
          <coordinates>114.1371543,22.3658113,0</coordinates>
        </Point>
      </Placemark>
      <Placemark>
        <name>POWER CITY(TIN SHUI WAI)</name>
        <description>G68-72 G/F,PHASE 1 KINGSWOOD GINZA, TIN SHUI WAI, N.T.&lt;br/&gt;maimai DX International Version&lt;br/&gt;maimai International official / ALL.Net&lt;br/&gt;&lt;a href="https://location.am-all.net/alm/shop?gm=98&amp;astep=1002&amp;sid=20490&amp;lang=en"&gt;Official detail&lt;/a&gt;</description>
        <styleUrl>#secondary</styleUrl>
        <ExtendedData>
          <Data name="id"><value>intl-1002-20490</value></Data>
          <Data name="area"><value>Hong Kong</value></Data>
          <Data name="address"><value>G68-72 G/F,PHASE 1 KINGSWOOD GINZA, TIN SHUI WAI, N.T.</value></Data>
        </ExtendedData>
        <Point>
          <coordinates>114.0046892,22.4569941,0</coordinates>
        </Point>
      </Placemark>
      <Placemark>
        <name>RETROCITY CONCEPT</name>
        <description>UNIT NO.23 LG/F,HOUSTON CENTRE,NO.63 MODY DOAD,KLN. HKG&lt;br/&gt;maimai DX International Version&lt;br/&gt;maimai International official / ALL.Net&lt;br/&gt;&lt;a href="https://location.am-all.net/alm/shop?gm=98&amp;astep=1002&amp;sid=20897&amp;lang=en"&gt;Official detail&lt;/a&gt;</description>
        <styleUrl>#secondary</styleUrl>
        <ExtendedData>
          <Data name="id"><value>intl-1002-20897</value></Data>
          <Data name="area"><value>Hong Kong</value></Data>
          <Data name="address"><value>UNIT NO.23 LG/F,HOUSTON CENTRE,NO.63 MODY DOAD,KLN. HKG</value></Data>
        </ExtendedData>
        <Point>
          <coordinates>114.176992177963,22.298752766927,0</coordinates>
        </Point>
      </Placemark>
      <Placemark>
        <name>SALEM GAME CENTRE</name>
        <description>C2 G/F.,FUN CITY, 7LEK YUEN ST.,SHA TIN ,NT.&lt;br/&gt;maimai DX International Version&lt;br/&gt;maimai International official / ALL.Net&lt;br/&gt;&lt;a href="https://location.am-all.net/alm/shop?gm=98&amp;astep=1002&amp;sid=24112&amp;lang=en"&gt;Official detail&lt;/a&gt;</description>
        <styleUrl>#secondary</styleUrl>
        <ExtendedData>
          <Data name="id"><value>intl-1002-24112</value></Data>
          <Data name="area"><value>Hong Kong</value></Data>
          <Data name="address"><value>C2 G/F.,FUN CITY, 7LEK YUEN ST.,SHA TIN ,NT.</value></Data>
        </ExtendedData>
        <Point>
          <coordinates>114.192304666228,22.384135773369,0</coordinates>
        </Point>
      </Placemark>
      <Placemark>
        <name>SATURNEY MUSIC HOUSE</name>
        <description>503a, 18 Centre St, Sai Ying Pun, Hong Kong&lt;br/&gt;maimai DX International Version&lt;br/&gt;maimai International official / ALL.Net&lt;br/&gt;&lt;a href="https://location.am-all.net/alm/shop?gm=98&amp;astep=1002&amp;sid=18488&amp;lang=en"&gt;Official detail&lt;/a&gt;</description>
        <styleUrl>#secondary</styleUrl>
        <ExtendedData>
          <Data name="id"><value>intl-1002-18488</value></Data>
          <Data name="area"><value>Hong Kong</value></Data>
          <Data name="address"><value>503a, 18 Centre St, Sai Ying Pun, Hong Kong</value></Data>
        </ExtendedData>
        <Point>
          <coordinates>114.1421936,22.2875521,0</coordinates>
        </Point>
      </Placemark>
      <Placemark>
        <name>SILVERCORD AMUSEMENT ＆ GAMES</name>
        <description>SHOP B03 BASEMENT, SILVERCORD30CANTON RD, T.S.T, KOWLOON&lt;br/&gt;maimai DX International Version&lt;br/&gt;maimai International official / ALL.Net&lt;br/&gt;&lt;a href="https://location.am-all.net/alm/shop?gm=98&amp;astep=1002&amp;sid=24701&amp;lang=en"&gt;Official detail&lt;/a&gt;</description>
        <styleUrl>#secondary</styleUrl>
        <ExtendedData>
          <Data name="id"><value>intl-1002-24701</value></Data>
          <Data name="area"><value>Hong Kong</value></Data>
          <Data name="address"><value>SHOP B03 BASEMENT, SILVERCORD30CANTON RD, T.S.T, KOWLOON</value></Data>
        </ExtendedData>
        <Point>
          <coordinates>114.1695192752,22.2977762206117,0</coordinates>
        </Point>
      </Placemark>
      <Placemark>
        <name>SMART GAME(WAN CHAI)</name>
        <description>G/F,GREAT SMART TOWER,NO.230 WAN CHAI ROAD,HONG KONG&lt;br/&gt;maimai DX International Version&lt;br/&gt;maimai International official / ALL.Net&lt;br/&gt;&lt;a href="https://location.am-all.net/alm/shop?gm=98&amp;astep=1002&amp;sid=20681&amp;lang=en"&gt;Official detail&lt;/a&gt;</description>
        <styleUrl>#secondary</styleUrl>
        <ExtendedData>
          <Data name="id"><value>intl-1002-20681</value></Data>
          <Data name="area"><value>Hong Kong</value></Data>
          <Data name="address"><value>G/F,GREAT SMART TOWER,NO.230 WAN CHAI ROAD,HONG KONG</value></Data>
        </ExtendedData>
        <Point>
          <coordinates>114.178909,22.278089,0</coordinates>
        </Point>
      </Placemark>
      <Placemark>
        <name>SUPER KING GAME CENTRE</name>
        <description>B/F,WEST COAST BLDG, 290-296UN CHAU ST.,CHEUNG SHA WAN,KW&lt;br/&gt;maimai DX International Version&lt;br/&gt;maimai International official / ALL.Net&lt;br/&gt;&lt;a href="https://location.am-all.net/alm/shop?gm=98&amp;astep=1002&amp;sid=24481&amp;lang=en"&gt;Official detail&lt;/a&gt;</description>
        <styleUrl>#secondary</styleUrl>
        <ExtendedData>
          <Data name="id"><value>intl-1002-24481</value></Data>
          <Data name="area"><value>Hong Kong</value></Data>
          <Data name="address"><value>B/F,WEST COAST BLDG, 290-296UN CHAU ST.,CHEUNG SHA WAN,KW</value></Data>
        </ExtendedData>
        <Point>
          <coordinates>114.159122095384,22.3356793047242,0</coordinates>
        </Point>
      </Placemark>
      <Placemark>
        <name>TIN TIN GAME CENTRE(TUEN MUN)</name>
        <description>SHOP B, G/F., SAI BO BUILDING, 5 TSING PAK PATH, TUEN MUN, NT&lt;br/&gt;maimai DX International Version&lt;br/&gt;maimai International official / ALL.Net&lt;br/&gt;&lt;a href="https://location.am-all.net/alm/shop?gm=98&amp;astep=1002&amp;sid=19930&amp;lang=en"&gt;Official detail&lt;/a&gt;</description>
        <styleUrl>#secondary</styleUrl>
        <ExtendedData>
          <Data name="id"><value>intl-1002-19930</value></Data>
          <Data name="area"><value>Hong Kong</value></Data>
          <Data name="address"><value>SHOP B, G/F., SAI BO BUILDING, 5 TSING PAK PATH, TUEN MUN, NT</value></Data>
        </ExtendedData>
        <Point>
          <coordinates>113.9781571,22.4016026,0</coordinates>
        </Point>
      </Placemark>
    </Folder>
    <Folder>
      <name>Indonesia</name>
      <Placemark>
        <name>COW PLAY COW MOO CARSTENSZ MALL</name>
        <description>Jalan jend sudirman no1. Cihuni. Kec pagedangan&lt;br/&gt;maimai DX International Version&lt;br/&gt;maimai International official / ALL.Net&lt;br/&gt;&lt;a href="https://location.am-all.net/alm/shop?gm=98&amp;astep=1007&amp;sid=19045&amp;lang=en"&gt;Official detail&lt;/a&gt;</description>
        <styleUrl>#secondary</styleUrl>
        <ExtendedData>
          <Data name="id"><value>intl-1007-19045</value></Data>
          <Data name="area"><value>Indonesia</value></Data>
          <Data name="address"><value>Jalan jend sudirman no1. Cihuni. Kec pagedangan</value></Data>
        </ExtendedData>
        <Point>
          <coordinates>106.6304198,-6.2697615,0</coordinates>
        </Point>
      </Placemark>
      <Placemark>
        <name>CPCM ELYSEE</name>
        <description>LOT 21, JL. SCBD NO. KAV 52-53,KOTA JAKARTA SELATAN&lt;br/&gt;maimai DX International Version&lt;br/&gt;maimai International official / ALL.Net&lt;br/&gt;&lt;a href="https://location.am-all.net/alm/shop?gm=98&amp;astep=1007&amp;sid=18618&amp;lang=en"&gt;Official detail&lt;/a&gt;</description>
        <styleUrl>#secondary</styleUrl>
        <ExtendedData>
          <Data name="id"><value>intl-1007-18618</value></Data>
          <Data name="area"><value>Indonesia</value></Data>
          <Data name="address"><value>LOT 21, JL. SCBD NO. KAV 52-53,KOTA JAKARTA SELATAN</value></Data>
        </ExtendedData>
        <Point>
          <coordinates>106.8094982,-6.2243508,0</coordinates>
        </Point>
      </Placemark>
      <Placemark>
        <name>CPCM INDONESIA DESIGN DISTRICT</name>
        <description>Jalan M.H. Thamrin., SalembaranJaya, Kosambi,15214&lt;br/&gt;maimai DX International Version&lt;br/&gt;maimai International official / ALL.Net&lt;br/&gt;&lt;a href="https://location.am-all.net/alm/shop?gm=98&amp;astep=1007&amp;sid=18756&amp;lang=en"&gt;Official detail&lt;/a&gt;</description>
        <styleUrl>#secondary</styleUrl>
        <ExtendedData>
          <Data name="id"><value>intl-1007-18756</value></Data>
          <Data name="area"><value>Indonesia</value></Data>
          <Data name="address"><value>Jalan M.H. Thamrin., SalembaranJaya, Kosambi,15214</value></Data>
        </ExtendedData>
        <Point>
          <coordinates>106.6967904,-6.0676077,0</coordinates>
        </Point>
      </Placemark>
      <Placemark>
        <name>CPCM LIPPO MALL NUSANTARA</name>
        <description>Jl. Jend. Sudirman Kav. 50, Karet Semanggi, Setiabudi&lt;br/&gt;maimai DX International Version&lt;br/&gt;maimai International official / ALL.Net&lt;br/&gt;&lt;a href="https://location.am-all.net/alm/shop?gm=98&amp;astep=1007&amp;sid=18613&amp;lang=en"&gt;Official detail&lt;/a&gt;</description>
        <styleUrl>#secondary</styleUrl>
        <ExtendedData>
          <Data name="id"><value>intl-1007-18613</value></Data>
          <Data name="area"><value>Indonesia</value></Data>
          <Data name="address"><value>Jl. Jend. Sudirman Kav. 50, Karet Semanggi, Setiabudi</value></Data>
        </ExtendedData>
        <Point>
          <coordinates>106.8143752,-6.2201667,0</coordinates>
        </Point>
      </Placemark>
      <Placemark>
        <name>CPCM MALL OF INDONESIA</name>
        <description>Jl.Boulevard Bar.Raya No.12,RT.18/RW.19,Klp.Gading Bar.,Kec.Klp.&lt;br/&gt;maimai DX International Version&lt;br/&gt;maimai International official / ALL.Net&lt;br/&gt;&lt;a href="https://location.am-all.net/alm/shop?gm=98&amp;astep=1007&amp;sid=18757&amp;lang=en"&gt;Official detail&lt;/a&gt;</description>
        <styleUrl>#secondary</styleUrl>
        <ExtendedData>
          <Data name="id"><value>intl-1007-18757</value></Data>
          <Data name="area"><value>Indonesia</value></Data>
          <Data name="address"><value>Jl.Boulevard Bar.Raya No.12,RT.18/RW.19,Klp.Gading Bar.,Kec.Klp.</value></Data>
        </ExtendedData>
        <Point>
          <coordinates>106.893036,-6.153693,0</coordinates>
        </Point>
      </Placemark>
      <Placemark>
        <name>CPCM PIK</name>
        <description>Jl.Pantai Indah Kapuk,Kamal Muara,Kec.Penjaringan,Jakarta Utara&lt;br/&gt;maimai DX International Version&lt;br/&gt;maimai International official / ALL.Net&lt;br/&gt;&lt;a href="https://location.am-all.net/alm/shop?gm=98&amp;astep=1007&amp;sid=18863&amp;lang=en"&gt;Official detail&lt;/a&gt;</description>
        <styleUrl>#secondary</styleUrl>
        <ExtendedData>
          <Data name="id"><value>intl-1007-18863</value></Data>
          <Data name="area"><value>Indonesia</value></Data>
          <Data name="address"><value>Jl.Pantai Indah Kapuk,Kamal Muara,Kec.Penjaringan,Jakarta Utara</value></Data>
        </ExtendedData>
        <Point>
          <coordinates>106.7411622,-6.1026441,0</coordinates>
        </Point>
      </Placemark>
      <Placemark>
        <name>MOLLY FANTASY LIVING WORLD KOTA WISATA</name>
        <description>Jl Blvd Kota Wisata Lt 1-43B Ciangsana, Kecamatan Gunung Putri&lt;br/&gt;maimai DX International Version&lt;br/&gt;maimai International official / ALL.Net&lt;br/&gt;&lt;a href="https://location.am-all.net/alm/shop?gm=98&amp;astep=1007&amp;sid=18546&amp;lang=en"&gt;Official detail&lt;/a&gt;</description>
        <styleUrl>#secondary</styleUrl>
        <ExtendedData>
          <Data name="id"><value>intl-1007-18546</value></Data>
          <Data name="area"><value>Indonesia</value></Data>
          <Data name="address"><value>Jl Blvd Kota Wisata Lt 1-43B Ciangsana, Kecamatan Gunung Putri</value></Data>
        </ExtendedData>
        <Point>
          <coordinates>106.9570403,-6.3713106,0</coordinates>
        </Point>
      </Placemark>
      <Placemark>
        <name>PIK 1 KITA</name>
        <description>Kawasan Pantai Kita, Jl. Ebony 2, Jkt Utara&lt;br/&gt;maimai DX International Version&lt;br/&gt;maimai International official / ALL.Net&lt;br/&gt;&lt;a href="https://location.am-all.net/alm/shop?gm=98&amp;astep=1007&amp;sid=18529&amp;lang=en"&gt;Official detail&lt;/a&gt;</description>
        <styleUrl>#secondary</styleUrl>
        <ExtendedData>
          <Data name="id"><value>intl-1007-18529</value></Data>
          <Data name="area"><value>Indonesia</value></Data>
          <Data name="address"><value>Kawasan Pantai Kita, Jl. Ebony 2, Jkt Utara</value></Data>
        </ExtendedData>
        <Point>
          <coordinates>106.9188253,-6.1519684,0</coordinates>
        </Point>
      </Placemark>
      <Placemark>
        <name>PRIZE SPOT PALO BLOK M</name>
        <description>Jl Bulungan No76 Lt.5 Kramat Pela Kec Kebayoran Baru&lt;br/&gt;maimai DX International Version&lt;br/&gt;maimai International official / ALL.Net&lt;br/&gt;&lt;a href="https://location.am-all.net/alm/shop?gm=98&amp;astep=1007&amp;sid=18544&amp;lang=en"&gt;Official detail&lt;/a&gt;</description>
        <styleUrl>#secondary</styleUrl>
        <ExtendedData>
          <Data name="id"><value>intl-1007-18544</value></Data>
          <Data name="area"><value>Indonesia</value></Data>
          <Data name="address"><value>Jl Bulungan No76 Lt.5 Kramat Pela Kec Kebayoran Baru</value></Data>
        </ExtendedData>
        <Point>
          <coordinates>106.7964001,-6.2428317,0</coordinates>
        </Point>
      </Placemark>
      <Placemark>
        <name>TIMEZONE BANDUNG INDAH PLASA</name>
        <description>Jl. Merdeka No. 56, Bandung 40117&lt;br/&gt;maimai DX International Version&lt;br/&gt;maimai International official / ALL.Net&lt;br/&gt;&lt;a href="https://location.am-all.net/alm/shop?gm=98&amp;astep=1007&amp;sid=18952&amp;lang=en"&gt;Official detail&lt;/a&gt;</description>
        <styleUrl>#secondary</styleUrl>
        <ExtendedData>
          <Data name="id"><value>intl-1007-18952</value></Data>
          <Data name="area"><value>Indonesia</value></Data>
          <Data name="address"><value>Jl. Merdeka No. 56, Bandung 40117</value></Data>
        </ExtendedData>
        <Point>
          <coordinates>107.6107996,-6.9085663,0</coordinates>
        </Point>
      </Placemark>
      <Placemark>
        <name>TIMEZONE BENCOOLEN</name>
        <description>JL.Pariwisata No.1 Penurunan Kec. Ratu Samban, Bengkulu&lt;br/&gt;maimai DX International Version&lt;br/&gt;maimai International official / ALL.Net&lt;br/&gt;&lt;a href="https://location.am-all.net/alm/shop?gm=98&amp;astep=1007&amp;sid=18851&amp;lang=en"&gt;Official detail&lt;/a&gt;</description>
        <styleUrl>#secondary</styleUrl>
        <ExtendedData>
          <Data name="id"><value>intl-1007-18851</value></Data>
          <Data name="area"><value>Indonesia</value></Data>
          <Data name="address"><value>JL.Pariwisata No.1 Penurunan Kec. Ratu Samban, Bengkulu</value></Data>
        </ExtendedData>
        <Point>
          <coordinates>102.270578,-3.8148175,0</coordinates>
        </Point>
      </Placemark>
      <Placemark>
        <name>TIMEZONE BIG MALL SAMARINDA</name>
        <description>No.8KarangAsamUlu,SungaiKujang,Samarinda,KalimantanTimur&lt;br/&gt;maimai DX International Version&lt;br/&gt;maimai International official / ALL.Net&lt;br/&gt;&lt;a href="https://location.am-all.net/alm/shop?gm=98&amp;astep=1007&amp;sid=18941&amp;lang=en"&gt;Official detail&lt;/a&gt;</description>
        <styleUrl>#secondary</styleUrl>
        <ExtendedData>
          <Data name="id"><value>intl-1007-18941</value></Data>
          <Data name="area"><value>Indonesia</value></Data>
          <Data name="address"><value>No.8KarangAsamUlu,SungaiKujang,Samarinda,KalimantanTimur</value></Data>
        </ExtendedData>
        <Point>
          <coordinates>117.1099903,-0.5050225,0</coordinates>
        </Point>
      </Placemark>
      <Placemark>
        <name>TIMEZONE BOEMI KEDATON</name>
        <description>Jl. Teuku Umar, Sultan Agung No. 1, Kedaton, Lampung 35132&lt;br/&gt;maimai DX International Version&lt;br/&gt;maimai International official / ALL.Net&lt;br/&gt;&lt;a href="https://location.am-all.net/alm/shop?gm=98&amp;astep=1007&amp;sid=18847&amp;lang=en"&gt;Official detail&lt;/a&gt;</description>
        <styleUrl>#secondary</styleUrl>
        <ExtendedData>
          <Data name="id"><value>intl-1007-18847</value></Data>
          <Data name="area"><value>Indonesia</value></Data>
          <Data name="address"><value>Jl. Teuku Umar, Sultan Agung No. 1, Kedaton, Lampung 35132</value></Data>
        </ExtendedData>
        <Point>
          <coordinates>105.2591307,-5.3823988,0</coordinates>
        </Point>
      </Placemark>
      <Placemark>
        <name>TIMEZONE CENTRE POINT</name>
        <description>Centre Point Medan 3rd Floor, Jl.Jawa No.8,Gg. Buntu, Kec. Medan&lt;br/&gt;maimai DX International Version&lt;br/&gt;maimai International official / ALL.Net&lt;br/&gt;&lt;a href="https://location.am-all.net/alm/shop?gm=98&amp;astep=1007&amp;sid=18895&amp;lang=en"&gt;Official detail&lt;/a&gt;</description>
        <styleUrl>#secondary</styleUrl>
        <ExtendedData>
          <Data name="id"><value>intl-1007-18895</value></Data>
          <Data name="area"><value>Indonesia</value></Data>
          <Data name="address"><value>Centre Point Medan 3rd Floor, Jl.Jawa No.8,Gg. Buntu, Kec. Medan</value></Data>
        </ExtendedData>
        <Point>
          <coordinates>98.6810665,3.5916749,0</coordinates>
        </Point>
      </Placemark>
      <Placemark>
        <name>TIMEZONE DUTA PALANGKARAYA</name>
        <description>Langkai,Kec.Pahandut,KotaPalangkaRaya,KalimantanTengah&lt;br/&gt;maimai DX International Version&lt;br/&gt;maimai International official / ALL.Net&lt;br/&gt;&lt;a href="https://location.am-all.net/alm/shop?gm=98&amp;astep=1007&amp;sid=18842&amp;lang=en"&gt;Official detail&lt;/a&gt;</description>
        <styleUrl>#secondary</styleUrl>
        <ExtendedData>
          <Data name="id"><value>intl-1007-18842</value></Data>
          <Data name="area"><value>Indonesia</value></Data>
          <Data name="address"><value>Langkai,Kec.Pahandut,KotaPalangkaRaya,KalimantanTengah</value></Data>
        </ExtendedData>
        <Point>
          <coordinates>113.925819,-2.2227384,0</coordinates>
        </Point>
      </Placemark>
      <Placemark>
        <name>TIMEZONE DUTA PERTIWI</name>
        <description>Jalan Pemuda No. 150, Semarang 50132&lt;br/&gt;maimai DX International Version&lt;br/&gt;maimai International official / ALL.Net&lt;br/&gt;&lt;a href="https://location.am-all.net/alm/shop?gm=98&amp;astep=1007&amp;sid=18802&amp;lang=en"&gt;Official detail&lt;/a&gt;</description>
        <styleUrl>#secondary</styleUrl>
        <ExtendedData>
          <Data name="id"><value>intl-1007-18802</value></Data>
          <Data name="area"><value>Indonesia</value></Data>
          <Data name="address"><value>Jalan Pemuda No. 150, Semarang 50132</value></Data>
        </ExtendedData>
        <Point>
          <coordinates>110.4121797,-6.9832693,0</coordinates>
        </Point>
      </Placemark>
      <Placemark>
        <name>TIMEZONE GALAXY 3 NEW</name>
        <description>Jl Dr IR H Soekarno No. 178 Surabaya 60115&lt;br/&gt;maimai DX International Version&lt;br/&gt;maimai International official / ALL.Net&lt;br/&gt;&lt;a href="https://location.am-all.net/alm/shop?gm=98&amp;astep=1007&amp;sid=18801&amp;lang=en"&gt;Official detail&lt;/a&gt;</description>
        <styleUrl>#secondary</styleUrl>
        <ExtendedData>
          <Data name="id"><value>intl-1007-18801</value></Data>
          <Data name="area"><value>Indonesia</value></Data>
          <Data name="address"><value>Jl Dr IR H Soekarno No. 178 Surabaya 60115</value></Data>
        </ExtendedData>
        <Point>
          <coordinates>112.7805726,-7.2760864,0</coordinates>
        </Point>
      </Placemark>
      <Placemark>
        <name>TIMEZONE GALAXY MAL 1</name>
        <description>Jl. Dharmahusada Indah Timur No. 37, 3rd Floor, Surabaya&lt;br/&gt;maimai DX International Version&lt;br/&gt;maimai International official / ALL.Net&lt;br/&gt;&lt;a href="https://location.am-all.net/alm/shop?gm=98&amp;astep=1007&amp;sid=18942&amp;lang=en"&gt;Official detail&lt;/a&gt;</description>
        <styleUrl>#secondary</styleUrl>
        <ExtendedData>
          <Data name="id"><value>intl-1007-18942</value></Data>
          <Data name="area"><value>Indonesia</value></Data>
          <Data name="address"><value>Jl. Dharmahusada Indah Timur No. 37, 3rd Floor, Surabaya</value></Data>
        </ExtendedData>
        <Point>
          <coordinates>114.6035484,-3.3175996,0</coordinates>
        </Point>
      </Placemark>
      <Placemark>
        <name>TIMEZONE GALERIA BALI</name>
        <description>JI.RayaByPassIGustiNgurahRai,SimpangDewa Ruci,Kuta,Denpasar,Bali&lt;br/&gt;maimai DX International Version&lt;br/&gt;maimai International official / ALL.Net&lt;br/&gt;&lt;a href="https://location.am-all.net/alm/shop?gm=98&amp;astep=1007&amp;sid=18943&amp;lang=en"&gt;Official detail&lt;/a&gt;</description>
        <styleUrl>#secondary</styleUrl>
        <ExtendedData>
          <Data name="id"><value>intl-1007-18943</value></Data>
          <Data name="area"><value>Indonesia</value></Data>
          <Data name="address"><value>JI.RayaByPassIGustiNgurahRai,SimpangDewa Ruci,Kuta,Denpasar,Bali</value></Data>
        </ExtendedData>
        <Point>
          <coordinates>115.1708974,-8.6985178,0</coordinates>
        </Point>
      </Placemark>
      <Placemark>
        <name>TIMEZONE GRAND WISATA</name>
        <description>Jl.GrandWisata,Lambang Jaya,TambunSelatan,Bekasi,Jawa Barat17510&lt;br/&gt;maimai DX International Version&lt;br/&gt;maimai International official / ALL.Net&lt;br/&gt;&lt;a href="https://location.am-all.net/alm/shop?gm=98&amp;astep=1007&amp;sid=18843&amp;lang=en"&gt;Official detail&lt;/a&gt;</description>
        <styleUrl>#secondary</styleUrl>
        <ExtendedData>
          <Data name="id"><value>intl-1007-18843</value></Data>
          <Data name="area"><value>Indonesia</value></Data>
          <Data name="address"><value>Jl.GrandWisata,Lambang Jaya,TambunSelatan,Bekasi,Jawa Barat17510</value></Data>
        </ExtendedData>
        <Point>
          <coordinates>107.0577756,-6.2934631,0</coordinates>
        </Point>
      </Placemark>
      <Placemark>
        <name>TIMEZONE JAMBI</name>
        <description>No.88,Simpang IV Sipin,Kec.Telanaipura,Kota Jambi,Jambi36125&lt;br/&gt;maimai DX International Version&lt;br/&gt;maimai International official / ALL.Net&lt;br/&gt;&lt;a href="https://location.am-all.net/alm/shop?gm=98&amp;astep=1007&amp;sid=18944&amp;lang=en"&gt;Official detail&lt;/a&gt;</description>
        <styleUrl>#secondary</styleUrl>
        <ExtendedData>
          <Data name="id"><value>intl-1007-18944</value></Data>
          <Data name="area"><value>Indonesia</value></Data>
          <Data name="address"><value>No.88,Simpang IV Sipin,Kec.Telanaipura,Kota Jambi,Jambi36125</value></Data>
        </ExtendedData>
        <Point>
          <coordinates>103.5755084,-1.612739,0</coordinates>
        </Point>
      </Placemark>
      <Placemark>
        <name>TIMEZONE KELAPA GADING 3 LT 3</name>
        <description>Jl.Boulevard Raya,RT13/18,Klp.Gading Tim,Kota Jakarta Utara,DKI&lt;br/&gt;maimai DX International Version&lt;br/&gt;maimai International official / ALL.Net&lt;br/&gt;&lt;a href="https://location.am-all.net/alm/shop?gm=98&amp;astep=1007&amp;sid=18892&amp;lang=en"&gt;Official detail&lt;/a&gt;</description>
        <styleUrl>#secondary</styleUrl>
        <ExtendedData>
          <Data name="id"><value>intl-1007-18892</value></Data>
          <Data name="area"><value>Indonesia</value></Data>
          <Data name="address"><value>Jl.Boulevard Raya,RT13/18,Klp.Gading Tim,Kota Jakarta Utara,DKI</value></Data>
        </ExtendedData>
        <Point>
          <coordinates>106.9070746,-6.157455,0</coordinates>
        </Point>
      </Placemark>
      <Placemark>
        <name>TIMEZONE KELAPA GADING MALL3</name>
        <description>KELAPAGADINGML3L2No.ENTERTAINMENTJLBULEVAR.BLOK.M,PERMAI-14240&lt;br/&gt;maimai DX International Version&lt;br/&gt;maimai International official / ALL.Net&lt;br/&gt;&lt;a href="https://location.am-all.net/alm/shop?gm=98&amp;astep=1007&amp;sid=20736&amp;lang=en"&gt;Official detail&lt;/a&gt;</description>
        <styleUrl>#secondary</styleUrl>
        <ExtendedData>
          <Data name="id"><value>intl-1007-20736</value></Data>
          <Data name="area"><value>Indonesia</value></Data>
          <Data name="address"><value>KELAPAGADINGML3L2No.ENTERTAINMENTJLBULEVAR.BLOK.M,PERMAI-14240</value></Data>
        </ExtendedData>
        <Point>
          <coordinates>106.909268,-6.156673,0</coordinates>
        </Point>
      </Placemark>
      <Placemark>
        <name>TIMEZONE KOTA WISATA</name>
        <description>Jl. Transyogi KM6, Perumahan Kota Wisata Cibubur 16968, K&lt;br/&gt;maimai DX International Version&lt;br/&gt;maimai International official / ALL.Net&lt;br/&gt;&lt;a href="https://location.am-all.net/alm/shop?gm=98&amp;astep=1007&amp;sid=18844&amp;lang=en"&gt;Official detail&lt;/a&gt;</description>
        <styleUrl>#secondary</styleUrl>
        <ExtendedData>
          <Data name="id"><value>intl-1007-18844</value></Data>
          <Data name="area"><value>Indonesia</value></Data>
          <Data name="address"><value>Jl. Transyogi KM6, Perumahan Kota Wisata Cibubur 16968, K</value></Data>
        </ExtendedData>
        <Point>
          <coordinates>106.9540259,-6.3804508,0</coordinates>
        </Point>
      </Placemark>
      <Placemark>
        <name>TIMEZONE LA PIAZZA</name>
        <description>Klp. Gading, Kota Jkt Utara, Daerah Khusus Ibukota Jakarta 14240&lt;br/&gt;maimai DX International Version&lt;br/&gt;maimai International official / ALL.Net&lt;br/&gt;&lt;a href="https://location.am-all.net/alm/shop?gm=98&amp;astep=1007&amp;sid=18945&amp;lang=en"&gt;Official detail&lt;/a&gt;</description>
        <styleUrl>#secondary</styleUrl>
        <ExtendedData>
          <Data name="id"><value>intl-1007-18945</value></Data>
          <Data name="area"><value>Indonesia</value></Data>
          <Data name="address"><value>Klp. Gading, Kota Jkt Utara, Daerah Khusus Ibukota Jakarta 14240</value></Data>
        </ExtendedData>
        <Point>
          <coordinates>106.8945456,-6.1588448,0</coordinates>
        </Point>
      </Placemark>
      <Placemark>
        <name>TIMEZONE LEVEL 21</name>
        <description>Level 21 Mall Lt. 1, Jl. Teuku Umar No. 1 Denpasar&lt;br/&gt;maimai DX International Version&lt;br/&gt;maimai International official / ALL.Net&lt;br/&gt;&lt;a href="https://location.am-all.net/alm/shop?gm=98&amp;astep=1007&amp;sid=18893&amp;lang=en"&gt;Official detail&lt;/a&gt;</description>
        <styleUrl>#secondary</styleUrl>
        <ExtendedData>
          <Data name="id"><value>intl-1007-18893</value></Data>
          <Data name="area"><value>Indonesia</value></Data>
          <Data name="address"><value>Level 21 Mall Lt. 1, Jl. Teuku Umar No. 1 Denpasar</value></Data>
        </ExtendedData>
        <Point>
          <coordinates>115.2150664,-8.6696985,0</coordinates>
        </Point>
      </Placemark>
      <Placemark>
        <name>TIMEZONE LIPPO MALL CIKARANG</name>
        <description>Jalan M.H.Thamrin, Cibatu, Cikarang Sel., Bekasi, Jawa Barat&lt;br/&gt;maimai DX International Version&lt;br/&gt;maimai International official / ALL.Net&lt;br/&gt;&lt;a href="https://location.am-all.net/alm/shop?gm=98&amp;astep=1007&amp;sid=18848&amp;lang=en"&gt;Official detail&lt;/a&gt;</description>
        <styleUrl>#secondary</styleUrl>
        <ExtendedData>
          <Data name="id"><value>intl-1007-18848</value></Data>
          <Data name="area"><value>Indonesia</value></Data>
          <Data name="address"><value>Jalan M.H.Thamrin, Cibatu, Cikarang Sel., Bekasi, Jawa Barat</value></Data>
        </ExtendedData>
        <Point>
          <coordinates>107.1330016,-6.3307487,0</coordinates>
        </Point>
      </Placemark>
      <Placemark>
        <name>TIMEZONE LIPPO MALL KEMANG</name>
        <description>No.36,RT.12/RW5,Bangka,MampangPrpt.JakartaSelatan12150&lt;br/&gt;maimai DX International Version&lt;br/&gt;maimai International official / ALL.Net&lt;br/&gt;&lt;a href="https://location.am-all.net/alm/shop?gm=98&amp;astep=1007&amp;sid=18846&amp;lang=en"&gt;Official detail&lt;/a&gt;</description>
        <styleUrl>#secondary</styleUrl>
        <ExtendedData>
          <Data name="id"><value>intl-1007-18846</value></Data>
          <Data name="area"><value>Indonesia</value></Data>
          <Data name="address"><value>No.36,RT.12/RW5,Bangka,MampangPrpt.JakartaSelatan12150</value></Data>
        </ExtendedData>
        <Point>
          <coordinates>106.8145192,-6.2613633,0</coordinates>
        </Point>
      </Placemark>
      <Placemark>
        <name>TIMEZONE LIPPO MALL PURI</name>
        <description>LIPPO ML PURI,UNIT L1-07KEL KEMBANGAN SELATAN CBD PURI INDAH JKT&lt;br/&gt;maimai DX International Version&lt;br/&gt;maimai International official / ALL.Net&lt;br/&gt;&lt;a href="https://location.am-all.net/alm/shop?gm=98&amp;astep=1007&amp;sid=20734&amp;lang=en"&gt;Official detail&lt;/a&gt;</description>
        <styleUrl>#secondary</styleUrl>
        <ExtendedData>
          <Data name="id"><value>intl-1007-20734</value></Data>
          <Data name="area"><value>Indonesia</value></Data>
          <Data name="address"><value>LIPPO ML PURI,UNIT L1-07KEL KEMBANGAN SELATAN CBD PURI INDAH JKT</value></Data>
        </ExtendedData>
        <Point>
          <coordinates>106.738733,-6.190158,0</coordinates>
        </Point>
      </Placemark>
      <Placemark>
        <name>TIMEZONE MAL CIPUTRA CIBUBUR</name>
        <description>No.Km4,Jatikarya,Jatisampurna,Kota Bks,Jawa Barat 17435&lt;br/&gt;maimai DX International Version&lt;br/&gt;maimai International official / ALL.Net&lt;br/&gt;&lt;a href="https://location.am-all.net/alm/shop?gm=98&amp;astep=1007&amp;sid=18800&amp;lang=en"&gt;Official detail&lt;/a&gt;</description>
        <styleUrl>#secondary</styleUrl>
        <ExtendedData>
          <Data name="id"><value>intl-1007-18800</value></Data>
          <Data name="area"><value>Indonesia</value></Data>
          <Data name="address"><value>No.Km4,Jatikarya,Jatisampurna,Kota Bks,Jawa Barat 17435</value></Data>
        </ExtendedData>
        <Point>
          <coordinates>106.9181532,-6.3829616,0</coordinates>
        </Point>
      </Placemark>
      <Placemark>
        <name>TIMEZONE MAL RATU INDAH</name>
        <description>Mamajang Luar,Mamajang,Kota Makassar,Sulawesi Selatan 90114&lt;br/&gt;maimai DX International Version&lt;br/&gt;maimai International official / ALL.Net&lt;br/&gt;&lt;a href="https://location.am-all.net/alm/shop?gm=98&amp;astep=1007&amp;sid=18799&amp;lang=en"&gt;Official detail&lt;/a&gt;</description>
        <styleUrl>#secondary</styleUrl>
        <ExtendedData>
          <Data name="id"><value>intl-1007-18799</value></Data>
          <Data name="area"><value>Indonesia</value></Data>
          <Data name="address"><value>Mamajang Luar,Mamajang,Kota Makassar,Sulawesi Selatan 90114</value></Data>
        </ExtendedData>
        <Point>
          <coordinates>119.4164813,-5.146043,0</coordinates>
        </Point>
      </Placemark>
      <Placemark>
        <name>TIMEZONE MANADO TOWN SQUARE LT1</name>
        <description>ManadoTownSquare Lantai 1,JI.Piere Tendean Boulevard Sario Utara&lt;br/&gt;maimai DX International Version&lt;br/&gt;maimai International official / ALL.Net&lt;br/&gt;&lt;a href="https://location.am-all.net/alm/shop?gm=98&amp;astep=1007&amp;sid=18947&amp;lang=en"&gt;Official detail&lt;/a&gt;</description>
        <styleUrl>#secondary</styleUrl>
        <ExtendedData>
          <Data name="id"><value>intl-1007-18947</value></Data>
          <Data name="area"><value>Indonesia</value></Data>
          <Data name="address"><value>ManadoTownSquare Lantai 1,JI.Piere Tendean Boulevard Sario Utara</value></Data>
        </ExtendedData>
        <Point>
          <coordinates>124.8319485,1.4723227,0</coordinates>
        </Point>
      </Placemark>
      <Placemark>
        <name>TIMEZONE MARGO CITY MALL</name>
        <description>MARGO CITY PLASA , JL. MARGONDARAYA NO 358 - DEPOK 16423&lt;br/&gt;maimai DX International Version&lt;br/&gt;maimai International official / ALL.Net&lt;br/&gt;&lt;a href="https://location.am-all.net/alm/shop?gm=98&amp;astep=1007&amp;sid=21301&amp;lang=en"&gt;Official detail&lt;/a&gt;</description>
        <styleUrl>#secondary</styleUrl>
        <ExtendedData>
          <Data name="id"><value>intl-1007-21301</value></Data>
          <Data name="area"><value>Indonesia</value></Data>
          <Data name="address"><value>MARGO CITY PLASA , JL. MARGONDARAYA NO 358 - DEPOK 16423</value></Data>
        </ExtendedData>
        <Point>
          <coordinates>106.8347512,-6.3730937,0</coordinates>
        </Point>
      </Placemark>
      <Placemark>
        <name>TIMEZONE MEDAN FAIR LT.4 NEW</name>
        <description>Jl. Jend. Gatot Subroto, Medan, Sumatera Utara&lt;br/&gt;maimai DX International Version&lt;br/&gt;maimai International official / ALL.Net&lt;br/&gt;&lt;a href="https://location.am-all.net/alm/shop?gm=98&amp;astep=1007&amp;sid=20737&amp;lang=en"&gt;Official detail&lt;/a&gt;</description>
        <styleUrl>#secondary</styleUrl>
        <ExtendedData>
          <Data name="id"><value>intl-1007-20737</value></Data>
          <Data name="area"><value>Indonesia</value></Data>
          <Data name="address"><value>Jl. Jend. Gatot Subroto, Medan, Sumatera Utara</value></Data>
        </ExtendedData>
        <Point>
          <coordinates>98.62671,3.581662,0</coordinates>
        </Point>
      </Placemark>
      <Placemark>
        <name>TIMEZONE MEGA MAL BATAM</name>
        <description>Jl. Engkau Putri, Batam 29461&lt;br/&gt;maimai DX International Version&lt;br/&gt;maimai International official / ALL.Net&lt;br/&gt;&lt;a href="https://location.am-all.net/alm/shop?gm=98&amp;astep=1007&amp;sid=18798&amp;lang=en"&gt;Official detail&lt;/a&gt;</description>
        <styleUrl>#secondary</styleUrl>
        <ExtendedData>
          <Data name="id"><value>intl-1007-18798</value></Data>
          <Data name="area"><value>Indonesia</value></Data>
          <Data name="address"><value>Jl. Engkau Putri, Batam 29461</value></Data>
        </ExtendedData>
        <Point>
          <coordinates>104.0383027,1.1236806,0</coordinates>
        </Point>
      </Placemark>
      <Placemark>
        <name>TIMEZONE MENARA JAKARTA</name>
        <description>Jl. Pekan Raya, Kemayoran, Jakarta, Indonesia&lt;br/&gt;maimai DX International Version&lt;br/&gt;maimai International official / ALL.Net&lt;br/&gt;&lt;a href="https://location.am-all.net/alm/shop?gm=98&amp;astep=1007&amp;sid=18845&amp;lang=en"&gt;Official detail&lt;/a&gt;</description>
        <styleUrl>#secondary</styleUrl>
        <ExtendedData>
          <Data name="id"><value>intl-1007-18845</value></Data>
          <Data name="area"><value>Indonesia</value></Data>
          <Data name="address"><value>Jl. Pekan Raya, Kemayoran, Jakarta, Indonesia</value></Data>
        </ExtendedData>
        <Point>
          <coordinates>106.8437329,-6.1507108,0</coordinates>
        </Point>
      </Placemark>
      <Placemark>
        <name>TIMEZONE NIPAH</name>
        <description>Jalan Urip Sumoharjo Km 5 Makassar, Sulawesi Selatan 90144&lt;br/&gt;maimai DX International Version&lt;br/&gt;maimai International official / ALL.Net&lt;br/&gt;&lt;a href="https://location.am-all.net/alm/shop?gm=98&amp;astep=1007&amp;sid=18822&amp;lang=en"&gt;Official detail&lt;/a&gt;</description>
        <styleUrl>#secondary</styleUrl>
        <ExtendedData>
          <Data name="id"><value>intl-1007-18822</value></Data>
          <Data name="area"><value>Indonesia</value></Data>
          <Data name="address"><value>Jalan Urip Sumoharjo Km 5 Makassar, Sulawesi Selatan 90144</value></Data>
        </ExtendedData>
        <Point>
          <coordinates>119.4468493,-5.1366701,0</coordinates>
        </Point>
      </Placemark>
      <Placemark>
        <name>TIMEZONE PACIFIC PLACE</name>
        <description>Jl.Jend.sudirman kav 52-53,Senayan,Kec.Kebayoran Baru,Jakarta&lt;br/&gt;maimai DX International Version&lt;br/&gt;maimai International official / ALL.Net&lt;br/&gt;&lt;a href="https://location.am-all.net/alm/shop?gm=98&amp;astep=1007&amp;sid=18821&amp;lang=en"&gt;Official detail&lt;/a&gt;</description>
        <styleUrl>#secondary</styleUrl>
        <ExtendedData>
          <Data name="id"><value>intl-1007-18821</value></Data>
          <Data name="area"><value>Indonesia</value></Data>
          <Data name="address"><value>Jl.Jend.sudirman kav 52-53,Senayan,Kec.Kebayoran Baru,Jakarta</value></Data>
        </ExtendedData>
        <Point>
          <coordinates>106.8106879,-6.2247181,0</coordinates>
        </Point>
      </Placemark>
      <Placemark>
        <name>TIMEZONE PAKUWON</name>
        <description>Jl. Raya Lontar Timur, Pakuwon Indah, Surabaya, Jawa Timur 60227&lt;br/&gt;maimai DX International Version&lt;br/&gt;maimai International official / ALL.Net&lt;br/&gt;&lt;a href="https://location.am-all.net/alm/shop?gm=98&amp;astep=1007&amp;sid=18797&amp;lang=en"&gt;Official detail&lt;/a&gt;</description>
        <styleUrl>#secondary</styleUrl>
        <ExtendedData>
          <Data name="id"><value>intl-1007-18797</value></Data>
          <Data name="area"><value>Indonesia</value></Data>
          <Data name="address"><value>Jl. Raya Lontar Timur, Pakuwon Indah, Surabaya, Jawa Timur 60227</value></Data>
        </ExtendedData>
        <Point>
          <coordinates>112.6679759,-7.2838224,0</coordinates>
        </Point>
      </Placemark>
      <Placemark>
        <name>TIMEZONE PARIS VAN JAVA</name>
        <description>No131-139 Cipedes,Kec.Sukajadi Kota Bandung,JawaBarat 40162&lt;br/&gt;maimai DX International Version&lt;br/&gt;maimai International official / ALL.Net&lt;br/&gt;&lt;a href="https://location.am-all.net/alm/shop?gm=98&amp;astep=1007&amp;sid=18948&amp;lang=en"&gt;Official detail&lt;/a&gt;</description>
        <styleUrl>#secondary</styleUrl>
        <ExtendedData>
          <Data name="id"><value>intl-1007-18948</value></Data>
          <Data name="area"><value>Indonesia</value></Data>
          <Data name="address"><value>No131-139 Cipedes,Kec.Sukajadi Kota Bandung,JawaBarat 40162</value></Data>
        </ExtendedData>
        <Point>
          <coordinates>107.5908826,-6.8844395,0</coordinates>
        </Point>
      </Placemark>
      <Placemark>
        <name>TIMEZONE PLAZA AMBARUKMO</name>
        <description>Ambarukmo Plaza 3rd Floor,Jl.Laksda Adi Sucipto Jogjakarta 55281&lt;br/&gt;maimai DX International Version&lt;br/&gt;maimai International official / ALL.Net&lt;br/&gt;&lt;a href="https://location.am-all.net/alm/shop?gm=98&amp;astep=1007&amp;sid=18820&amp;lang=en"&gt;Official detail&lt;/a&gt;</description>
        <styleUrl>#secondary</styleUrl>
        <ExtendedData>
          <Data name="id"><value>intl-1007-18820</value></Data>
          <Data name="area"><value>Indonesia</value></Data>
          <Data name="address"><value>Ambarukmo Plaza 3rd Floor,Jl.Laksda Adi Sucipto Jogjakarta 55281</value></Data>
        </ExtendedData>
        <Point>
          <coordinates>110.4013199,-7.7823147,0</coordinates>
        </Point>
      </Placemark>
      <Placemark>
        <name>TIMEZONE PLUIT EMPORIUM</name>
        <description>EMPORIUM PLUIT MAL(KAWASAN CBD)LEMPORIUM PLUIT MAL(KAWASAN CBD)LT.4,PLUIT S.RAYA,JAKARTA UTARA&lt;br/&gt;maimai DX International Version&lt;br/&gt;maimai International official / ALL.Net&lt;br/&gt;&lt;a href="https://location.am-all.net/alm/shop?gm=98&amp;astep=1007&amp;sid=21073&amp;lang=en"&gt;Official detail&lt;/a&gt;</description>
        <styleUrl>#secondary</styleUrl>
        <ExtendedData>
          <Data name="id"><value>intl-1007-21073</value></Data>
          <Data name="area"><value>Indonesia</value></Data>
          <Data name="address"><value>EMPORIUM PLUIT MAL(KAWASAN CBD)LEMPORIUM PLUIT MAL(KAWASAN CBD)LT.4,PLUIT S.RAYA,JAKARTA UTARA</value></Data>
        </ExtendedData>
        <Point>
          <coordinates>106.790760820654,-6.12758088433719,0</coordinates>
        </Point>
      </Placemark>
      <Placemark>
        <name>TIMEZONE Q-MALL</name>
        <description>Jl. Ahmad Yani KM 38, Banjarbaru 70714&lt;br/&gt;maimai DX International Version&lt;br/&gt;maimai International official / ALL.Net&lt;br/&gt;&lt;a href="https://location.am-all.net/alm/shop?gm=98&amp;astep=1007&amp;sid=18949&amp;lang=en"&gt;Official detail&lt;/a&gt;</description>
        <styleUrl>#secondary</styleUrl>
        <ExtendedData>
          <Data name="id"><value>intl-1007-18949</value></Data>
          <Data name="area"><value>Indonesia</value></Data>
          <Data name="address"><value>Jl. Ahmad Yani KM 38, Banjarbaru 70714</value></Data>
        </ExtendedData>
        <Point>
          <coordinates>114.8490017,-3.4300034,0</coordinates>
        </Point>
      </Placemark>
      <Placemark>
        <name>TIMEZONE SUMMARECON BANDUNG</name>
        <description>Summarecon Bandung,Kec. Gedebage, Kota Bandung, Jawa Barat 40295&lt;br/&gt;maimai DX International Version&lt;br/&gt;maimai International official / ALL.Net&lt;br/&gt;&lt;a href="https://location.am-all.net/alm/shop?gm=98&amp;astep=1007&amp;sid=18894&amp;lang=en"&gt;Official detail&lt;/a&gt;</description>
        <styleUrl>#secondary</styleUrl>
        <ExtendedData>
          <Data name="id"><value>intl-1007-18894</value></Data>
          <Data name="area"><value>Indonesia</value></Data>
          <Data name="address"><value>Summarecon Bandung,Kec. Gedebage, Kota Bandung, Jawa Barat 40295</value></Data>
        </ExtendedData>
        <Point>
          <coordinates>107.6946987,-6.9594492,0</coordinates>
        </Point>
      </Placemark>
      <Placemark>
        <name>TIMEZONE SUMMARECON BEKASI</name>
        <description>SUMARECONMAL BEKASI.JL.BOULEVARDAHMAD YANI BLOKM-BEKASI-17142&lt;br/&gt;maimai DX International Version&lt;br/&gt;maimai International official / ALL.Net&lt;br/&gt;&lt;a href="https://location.am-all.net/alm/shop?gm=98&amp;astep=1007&amp;sid=21072&amp;lang=en"&gt;Official detail&lt;/a&gt;</description>
        <styleUrl>#secondary</styleUrl>
        <ExtendedData>
          <Data name="id"><value>intl-1007-21072</value></Data>
          <Data name="area"><value>Indonesia</value></Data>
          <Data name="address"><value>SUMARECONMAL BEKASI.JL.BOULEVARDAHMAD YANI BLOKM-BEKASI-17142</value></Data>
        </ExtendedData>
        <Point>
          <coordinates>107.000936535999,-6.22620008448644,0</coordinates>
        </Point>
      </Placemark>
      <Placemark>
        <name>TIMEZONE SUMMARECON SERPONG</name>
        <description>SUMARECON MAL SERPONG LT 2.JL.BOULEVARD CENTRA GADING SERPONG&lt;br/&gt;maimai DX International Version&lt;br/&gt;maimai International official / ALL.Net&lt;br/&gt;&lt;a href="https://location.am-all.net/alm/shop?gm=98&amp;astep=1007&amp;sid=20735&amp;lang=en"&gt;Official detail&lt;/a&gt;</description>
        <styleUrl>#secondary</styleUrl>
        <ExtendedData>
          <Data name="id"><value>intl-1007-20735</value></Data>
          <Data name="area"><value>Indonesia</value></Data>
          <Data name="address"><value>SUMARECON MAL SERPONG LT 2.JL.BOULEVARD CENTRA GADING SERPONG</value></Data>
        </ExtendedData>
        <Point>
          <coordinates>106.628151,-6.241002,0</coordinates>
        </Point>
      </Placemark>
      <Placemark>
        <name>TIMEZONE SUN PLAZA LT.4</name>
        <description>Jl. KH. Zainul Arifin No. 7, Medan, Sumatera Utara 20152&lt;br/&gt;maimai DX International Version&lt;br/&gt;maimai International official / ALL.Net&lt;br/&gt;&lt;a href="https://location.am-all.net/alm/shop?gm=98&amp;astep=1007&amp;sid=18850&amp;lang=en"&gt;Official detail&lt;/a&gt;</description>
        <styleUrl>#secondary</styleUrl>
        <ExtendedData>
          <Data name="id"><value>intl-1007-18850</value></Data>
          <Data name="area"><value>Indonesia</value></Data>
          <Data name="address"><value>Jl. KH. Zainul Arifin No. 7, Medan, Sumatera Utara 20152</value></Data>
        </ExtendedData>
        <Point>
          <coordinates>98.6717075,3.583259,0</coordinates>
        </Point>
      </Placemark>
      <Placemark>
        <name>TIMEZONE SUPERMALL KARAWACI</name>
        <description>L.S.KARAWACI LT.DASAR,105BULEVAR00-00LIPPO KARAWACI1200TANGERANG&lt;br/&gt;maimai DX International Version&lt;br/&gt;maimai International official / ALL.Net&lt;br/&gt;&lt;a href="https://location.am-all.net/alm/shop?gm=98&amp;astep=1007&amp;sid=21074&amp;lang=en"&gt;Official detail&lt;/a&gt;</description>
        <styleUrl>#secondary</styleUrl>
        <ExtendedData>
          <Data name="id"><value>intl-1007-21074</value></Data>
          <Data name="area"><value>Indonesia</value></Data>
          <Data name="address"><value>L.S.KARAWACI LT.DASAR,105BULEVAR00-00LIPPO KARAWACI1200TANGERANG</value></Data>
        </ExtendedData>
        <Point>
          <coordinates>106.607045025934,-6.22707494088065,0</coordinates>
        </Point>
      </Placemark>
      <Placemark>
        <name>TIMEZONE TAMAN ANGGREK</name>
        <description>Jl. Letjen S. Parman Grogol petamburan, Kota Jakarta Barat 11470&lt;br/&gt;maimai DX International Version&lt;br/&gt;maimai International official / ALL.Net&lt;br/&gt;&lt;a href="https://location.am-all.net/alm/shop?gm=98&amp;astep=1007&amp;sid=18849&amp;lang=en"&gt;Official detail&lt;/a&gt;</description>
        <styleUrl>#secondary</styleUrl>
        <ExtendedData>
          <Data name="id"><value>intl-1007-18849</value></Data>
          <Data name="area"><value>Indonesia</value></Data>
          <Data name="address"><value>Jl. Letjen S. Parman Grogol petamburan, Kota Jakarta Barat 11470</value></Data>
        </ExtendedData>
        <Point>
          <coordinates>106.7908646,-6.1744961,0</coordinates>
        </Point>
      </Placemark>
      <Placemark>
        <name>TIMEZONE TRANS STUDIO BANDUNG</name>
        <description>Jl. Gatot Subroto No.289A, Cibangkong, Kota Bandung,40273&lt;br/&gt;maimai DX International Version&lt;br/&gt;maimai International official / ALL.Net&lt;br/&gt;&lt;a href="https://location.am-all.net/alm/shop?gm=98&amp;astep=1007&amp;sid=18940&amp;lang=en"&gt;Official detail&lt;/a&gt;</description>
        <styleUrl>#secondary</styleUrl>
        <ExtendedData>
          <Data name="id"><value>intl-1007-18940</value></Data>
          <Data name="area"><value>Indonesia</value></Data>
          <Data name="address"><value>Jl. Gatot Subroto No.289A, Cibangkong, Kota Bandung,40273</value></Data>
        </ExtendedData>
        <Point>
          <coordinates>107.6367009,-6.9249233,0</coordinates>
        </Point>
      </Placemark>
      <Placemark>
        <name>TIMEZONE TRANS STUDIO MAL BALI</name>
        <description>JL. IMAM BONJOL NO.440 80361 DENPASAR BALI&lt;br/&gt;maimai DX International Version&lt;br/&gt;maimai International official / ALL.Net&lt;br/&gt;&lt;a href="https://location.am-all.net/alm/shop?gm=98&amp;astep=1007&amp;sid=18950&amp;lang=en"&gt;Official detail&lt;/a&gt;</description>
        <styleUrl>#secondary</styleUrl>
        <ExtendedData>
          <Data name="id"><value>intl-1007-18950</value></Data>
          <Data name="area"><value>Indonesia</value></Data>
          <Data name="address"><value>JL. IMAM BONJOL NO.440 80361 DENPASAR BALI</value></Data>
        </ExtendedData>
        <Point>
          <coordinates>115.1828021,-8.7018086,0</coordinates>
        </Point>
      </Placemark>
      <Placemark>
        <name>TRANS STUDIO MALL MAKASSAR</name>
        <description>Jl Metro, Tanjung Bunga No.28, Daerah Maccini Sombala, Tamalate&lt;br/&gt;maimai DX International Version&lt;br/&gt;maimai International official / ALL.Net&lt;br/&gt;&lt;a href="https://location.am-all.net/alm/shop?gm=98&amp;astep=1007&amp;sid=18566&amp;lang=en"&gt;Official detail&lt;/a&gt;</description>
        <styleUrl>#secondary</styleUrl>
        <ExtendedData>
          <Data name="id"><value>intl-1007-18566</value></Data>
          <Data name="area"><value>Indonesia</value></Data>
          <Data name="address"><value>Jl Metro, Tanjung Bunga No.28, Daerah Maccini Sombala, Tamalate</value></Data>
        </ExtendedData>
        <Point>
          <coordinates>119.3963915,-5.1594883,0</coordinates>
        </Point>
      </Placemark>
    </Folder>
    <Folder>
      <name>Korea</name>
      <Placemark>
        <name>BBOGGIBBOGGI GAMELAND</name>
        <description>462-1, Buil-ro, Bucheon-si, Gyeonggi-do&lt;br/&gt;maimai DX International Version&lt;br/&gt;maimai International official / ALL.Net&lt;br/&gt;&lt;a href="https://location.am-all.net/alm/shop?gm=98&amp;astep=1005&amp;sid=19869&amp;lang=en"&gt;Official detail&lt;/a&gt;</description>
        <styleUrl>#secondary</styleUrl>
        <ExtendedData>
          <Data name="id"><value>intl-1005-19869</value></Data>
          <Data name="area"><value>Korea</value></Data>
          <Data name="address"><value>462-1, Buil-ro, Bucheon-si, Gyeonggi-do</value></Data>
        </ExtendedData>
        <Point>
          <coordinates>126.7815104,37.4858705,0</coordinates>
        </Point>
      </Placemark>
      <Placemark>
        <name>BEATLAB T</name>
        <description>1029，Dongil-ro，Nowon-gu，Seoul&lt;br/&gt;maimai DX International Version&lt;br/&gt;maimai International official / ALL.Net&lt;br/&gt;&lt;a href="https://location.am-all.net/alm/shop?gm=98&amp;astep=1005&amp;sid=19597&amp;lang=en"&gt;Official detail&lt;/a&gt;</description>
        <styleUrl>#secondary</styleUrl>
        <ExtendedData>
          <Data name="id"><value>intl-1005-19597</value></Data>
          <Data name="area"><value>Korea</value></Data>
          <Data name="address"><value>1029，Dongil-ro，Nowon-gu，Seoul</value></Data>
        </ExtendedData>
        <Point>
          <coordinates>127.0738431,37.6219281,0</coordinates>
        </Point>
      </Placemark>
      <Placemark>
        <name>BEOMGYE GAME HEAVEN</name>
        <description>55,Pyeongchon-daero223beon-gil,Dongan-gu, Anyang-si,Gyeonggi-do&lt;br/&gt;maimai DX International Version&lt;br/&gt;maimai International official / ALL.Net&lt;br/&gt;&lt;a href="https://location.am-all.net/alm/shop?gm=98&amp;astep=1005&amp;sid=20457&amp;lang=en"&gt;Official detail&lt;/a&gt;</description>
        <styleUrl>#secondary</styleUrl>
        <ExtendedData>
          <Data name="id"><value>intl-1005-20457</value></Data>
          <Data name="area"><value>Korea</value></Data>
          <Data name="address"><value>55,Pyeongchon-daero223beon-gil,Dongan-gu, Anyang-si,Gyeonggi-do</value></Data>
        </ExtendedData>
        <Point>
          <coordinates>126.9768046,37.3926298,0</coordinates>
        </Point>
      </Placemark>
      <Placemark>
        <name>BIG GAME LAND</name>
        <description>120-1, Gumijungang-ro, Gumi-si,Gyeongsangbuk-do&lt;br/&gt;maimai DX International Version&lt;br/&gt;maimai International official / ALL.Net&lt;br/&gt;&lt;a href="https://location.am-all.net/alm/shop?gm=98&amp;astep=1005&amp;sid=19848&amp;lang=en"&gt;Official detail&lt;/a&gt;</description>
        <styleUrl>#secondary</styleUrl>
        <ExtendedData>
          <Data name="id"><value>intl-1005-19848</value></Data>
          <Data name="area"><value>Korea</value></Data>
          <Data name="address"><value>120-1, Gumijungang-ro, Gumi-si,Gyeongsangbuk-do</value></Data>
        </ExtendedData>
        <Point>
          <coordinates>128.335257,36.1269696,0</coordinates>
        </Point>
      </Placemark>
      <Placemark>
        <name>BUCHEON ATTACK</name>
        <description>28, Buil-ro 469beon-gil, Bucheon-si, Gyeonggi-do&lt;br/&gt;maimai DX International Version&lt;br/&gt;maimai International official / ALL.Net&lt;br/&gt;&lt;a href="https://location.am-all.net/alm/shop?gm=98&amp;astep=1005&amp;sid=20461&amp;lang=en"&gt;Official detail&lt;/a&gt;</description>
        <styleUrl>#secondary</styleUrl>
        <ExtendedData>
          <Data name="id"><value>intl-1005-20461</value></Data>
          <Data name="area"><value>Korea</value></Data>
          <Data name="address"><value>28, Buil-ro 469beon-gil, Bucheon-si, Gyeonggi-do</value></Data>
        </ExtendedData>
        <Point>
          <coordinates>126.7828212,37.4870906,0</coordinates>
        </Point>
      </Placemark>
      <Placemark>
        <name>BUSAN BOW GAME</name>
        <description>48-2, Geumjeong-ro 60beon-gil, Geumjeong-gu, Busan&lt;br/&gt;maimai DX International Version&lt;br/&gt;maimai International official / ALL.Net&lt;br/&gt;&lt;a href="https://location.am-all.net/alm/shop?gm=98&amp;astep=1005&amp;sid=20240&amp;lang=en"&gt;Official detail&lt;/a&gt;</description>
        <styleUrl>#secondary</styleUrl>
        <ExtendedData>
          <Data name="id"><value>intl-1005-20240</value></Data>
          <Data name="area"><value>Korea</value></Data>
          <Data name="address"><value>48-2, Geumjeong-ro 60beon-gil, Geumjeong-gu, Busan</value></Data>
        </ExtendedData>
        <Point>
          <coordinates>129.0889504,35.2292051,0</coordinates>
        </Point>
      </Placemark>
      <Placemark>
        <name>CYMUSIC GAMEWORLD</name>
        <description>62，Gungdong-ro 18beon-gil，Yuseong-gu，Daejeon&lt;br/&gt;maimai DX International Version&lt;br/&gt;maimai International official / ALL.Net&lt;br/&gt;&lt;a href="https://location.am-all.net/alm/shop?gm=98&amp;astep=1005&amp;sid=19580&amp;lang=en"&gt;Official detail&lt;/a&gt;</description>
        <styleUrl>#secondary</styleUrl>
        <ExtendedData>
          <Data name="id"><value>intl-1005-19580</value></Data>
          <Data name="area"><value>Korea</value></Data>
          <Data name="address"><value>62，Gungdong-ro 18beon-gil，Yuseong-gu，Daejeon</value></Data>
        </ExtendedData>
        <Point>
          <coordinates>127.3507811,36.3626742,0</coordinates>
        </Point>
      </Placemark>
      <Placemark>
        <name>FUNNYLAND</name>
        <description>46-1, Eoulmadang-ro, Mapo-gu, Seoul&lt;br/&gt;maimai DX International Version&lt;br/&gt;maimai International official / ALL.Net&lt;br/&gt;&lt;a href="https://location.am-all.net/alm/shop?gm=98&amp;astep=1005&amp;sid=19871&amp;lang=en"&gt;Official detail&lt;/a&gt;</description>
        <styleUrl>#secondary</styleUrl>
        <ExtendedData>
          <Data name="id"><value>intl-1005-19871</value></Data>
          <Data name="area"><value>Korea</value></Data>
          <Data name="address"><value>46-1, Eoulmadang-ro, Mapo-gu, Seoul</value></Data>
        </ExtendedData>
        <Point>
          <coordinates>126.921008,37.5491266,0</coordinates>
        </Point>
      </Placemark>
      <Placemark>
        <name>G2ZONE YEONGDEUNGPO</name>
        <description>16, Yeongjung-ro 4-gil, Yeongdeungpo-gu, Seoul, Korea&lt;br/&gt;maimai DX International Version&lt;br/&gt;maimai International official / ALL.Net&lt;br/&gt;&lt;a href="https://location.am-all.net/alm/shop?gm=98&amp;astep=1005&amp;sid=19479&amp;lang=en"&gt;Official detail&lt;/a&gt;</description>
        <styleUrl>#secondary</styleUrl>
        <ExtendedData>
          <Data name="id"><value>intl-1005-19479</value></Data>
          <Data name="area"><value>Korea</value></Data>
          <Data name="address"><value>16, Yeongjung-ro 4-gil, Yeongdeungpo-gu, Seoul, Korea</value></Data>
        </ExtendedData>
        <Point>
          <coordinates>126.9080386,37.5172567,0</coordinates>
        </Point>
      </Placemark>
      <Placemark>
        <name>GAME LAND</name>
        <description>B1,38,Hwasin-ro272beon-gil,Deogyang-gu,Goyang-si,Gyeonggi-do&lt;br/&gt;maimai DX International Version&lt;br/&gt;maimai International official / ALL.Net&lt;br/&gt;&lt;a href="https://location.am-all.net/alm/shop?gm=98&amp;astep=1005&amp;sid=20265&amp;lang=en"&gt;Official detail&lt;/a&gt;</description>
        <styleUrl>#secondary</styleUrl>
        <ExtendedData>
          <Data name="id"><value>intl-1005-20265</value></Data>
          <Data name="area"><value>Korea</value></Data>
          <Data name="address"><value>B1,38,Hwasin-ro272beon-gil,Deogyang-gu,Goyang-si,Gyeonggi-do</value></Data>
        </ExtendedData>
        <Point>
          <coordinates>126.864964,37.6874014,0</coordinates>
        </Point>
      </Placemark>
      <Placemark>
        <name>GAME PLUS</name>
        <description>11, Pyeonghwa-ro 542beon-gil, Uijeongbu-si, Gyeonggi-do&lt;br/&gt;maimai DX International Version&lt;br/&gt;maimai International official / ALL.Net&lt;br/&gt;&lt;a href="https://location.am-all.net/alm/shop?gm=98&amp;astep=1005&amp;sid=19855&amp;lang=en"&gt;Official detail&lt;/a&gt;</description>
        <styleUrl>#secondary</styleUrl>
        <ExtendedData>
          <Data name="id"><value>intl-1005-19855</value></Data>
          <Data name="area"><value>Korea</value></Data>
          <Data name="address"><value>11, Pyeonghwa-ro 542beon-gil, Uijeongbu-si, Gyeonggi-do</value></Data>
        </ExtendedData>
        <Point>
          <coordinates>127.0481124,37.74054,0</coordinates>
        </Point>
      </Placemark>
      <Placemark>
        <name>GAME-D</name>
        <description>10,Suyeong-ro 298beon-gil,Nam-gu,Busan&lt;br/&gt;maimai DX International Version&lt;br/&gt;maimai International official / ALL.Net&lt;br/&gt;&lt;a href="https://location.am-all.net/alm/shop?gm=98&amp;astep=1005&amp;sid=20241&amp;lang=en"&gt;Official detail&lt;/a&gt;</description>
        <styleUrl>#secondary</styleUrl>
        <ExtendedData>
          <Data name="id"><value>intl-1005-20241</value></Data>
          <Data name="area"><value>Korea</value></Data>
          <Data name="address"><value>10,Suyeong-ro 298beon-gil,Nam-gu,Busan</value></Data>
        </ExtendedData>
        <Point>
          <coordinates>129.0989805,35.1362742,0</coordinates>
        </Point>
      </Placemark>
      <Placemark>
        <name>GUNSAN JOYPLAZA</name>
        <description>527, Daehak-ro, Gunsan-si, Jeollabuk-do&lt;br/&gt;maimai DX International Version&lt;br/&gt;maimai International official / ALL.Net&lt;br/&gt;&lt;a href="https://location.am-all.net/alm/shop?gm=98&amp;astep=1005&amp;sid=20251&amp;lang=en"&gt;Official detail&lt;/a&gt;</description>
        <styleUrl>#secondary</styleUrl>
        <ExtendedData>
          <Data name="id"><value>intl-1005-20251</value></Data>
          <Data name="area"><value>Korea</value></Data>
          <Data name="address"><value>527, Daehak-ro, Gunsan-si, Jeollabuk-do</value></Data>
        </ExtendedData>
        <Point>
          <coordinates>126.6854737,35.9481983,0</coordinates>
        </Point>
      </Placemark>
      <Placemark>
        <name>GWANGJU GAMEPLAZA</name>
        <description>5, Chungjangnoan-gil, Dong-gu, Gwangju&lt;br/&gt;maimai DX International Version&lt;br/&gt;maimai International official / ALL.Net&lt;br/&gt;&lt;a href="https://location.am-all.net/alm/shop?gm=98&amp;astep=1005&amp;sid=20319&amp;lang=en"&gt;Official detail&lt;/a&gt;</description>
        <styleUrl>#secondary</styleUrl>
        <ExtendedData>
          <Data name="id"><value>intl-1005-20319</value></Data>
          <Data name="area"><value>Korea</value></Data>
          <Data name="address"><value>5, Chungjangnoan-gil, Dong-gu, Gwangju</value></Data>
        </ExtendedData>
        <Point>
          <coordinates>126.9231228,35.1461042,0</coordinates>
        </Point>
      </Placemark>
      <Placemark>
        <name>JINJU GAME LAND</name>
        <description>42-7, Angol-ro 63beon-gil, Guri-si, Gyeonggi-do&lt;br/&gt;maimai DX International Version&lt;br/&gt;maimai International official / ALL.Net&lt;br/&gt;&lt;a href="https://location.am-all.net/alm/shop?gm=98&amp;astep=1005&amp;sid=20454&amp;lang=en"&gt;Official detail&lt;/a&gt;</description>
        <styleUrl>#secondary</styleUrl>
        <ExtendedData>
          <Data name="id"><value>intl-1005-20454</value></Data>
          <Data name="area"><value>Korea</value></Data>
          <Data name="address"><value>42-7, Angol-ro 63beon-gil, Guri-si, Gyeonggi-do</value></Data>
        </ExtendedData>
        <Point>
          <coordinates>127.1386631,37.5995494,0</coordinates>
        </Point>
      </Placemark>
      <Placemark>
        <name>JINJU JOYPLAZA</name>
        <description>34, Dongjin-ro, Jinju-si, Gyeongsangnam-do, Republic of Korea&lt;br/&gt;maimai DX International Version&lt;br/&gt;maimai International official / ALL.Net&lt;br/&gt;&lt;a href="https://location.am-all.net/alm/shop?gm=98&amp;astep=1005&amp;sid=18723&amp;lang=en"&gt;Official detail&lt;/a&gt;</description>
        <styleUrl>#secondary</styleUrl>
        <ExtendedData>
          <Data name="id"><value>intl-1005-18723</value></Data>
          <Data name="area"><value>Korea</value></Data>
          <Data name="address"><value>34, Dongjin-ro, Jinju-si, Gyeongsangnam-do, Republic of Korea</value></Data>
        </ExtendedData>
        <Point>
          <coordinates>128.0946751,35.1787595,0</coordinates>
        </Point>
      </Placemark>
      <Placemark>
        <name>JJANGGU GAMES</name>
        <description>2F, 623, Gilju-ro, Bupyeong-gu,Incheon&lt;br/&gt;maimai DX International Version&lt;br/&gt;maimai International official / ALL.Net&lt;br/&gt;&lt;a href="https://location.am-all.net/alm/shop?gm=98&amp;astep=1005&amp;sid=18623&amp;lang=en"&gt;Official detail&lt;/a&gt;</description>
        <styleUrl>#secondary</styleUrl>
        <ExtendedData>
          <Data name="id"><value>intl-1005-18623</value></Data>
          <Data name="area"><value>Korea</value></Data>
          <Data name="address"><value>2F, 623, Gilju-ro, Bupyeong-gu,Incheon</value></Data>
        </ExtendedData>
        <Point>
          <coordinates>126.7320463,37.507883,0</coordinates>
        </Point>
      </Placemark>
      <Placemark>
        <name>JUAN CPU</name>
        <description>31, Michuhol-daero 734beon-gil,Michuhol-gu, Incheon&lt;br/&gt;maimai DX International Version&lt;br/&gt;maimai International official / ALL.Net&lt;br/&gt;&lt;a href="https://location.am-all.net/alm/shop?gm=98&amp;astep=1005&amp;sid=19762&amp;lang=en"&gt;Official detail&lt;/a&gt;</description>
        <styleUrl>#secondary</styleUrl>
        <ExtendedData>
          <Data name="id"><value>intl-1005-19762</value></Data>
          <Data name="area"><value>Korea</value></Data>
          <Data name="address"><value>31, Michuhol-daero 734beon-gil,Michuhol-gu, Incheon</value></Data>
        </ExtendedData>
        <Point>
          <coordinates>126.6821976,37.4630241,0</coordinates>
        </Point>
      </Placemark>
      <Placemark>
        <name>KONKUK FUN CITY</name>
        <description>81, Dongil-ro 22-gil, Gwangjin-gu, Seoul&lt;br/&gt;maimai DX International Version&lt;br/&gt;maimai International official / ALL.Net&lt;br/&gt;&lt;a href="https://location.am-all.net/alm/shop?gm=98&amp;astep=1005&amp;sid=20482&amp;lang=en"&gt;Official detail&lt;/a&gt;</description>
        <styleUrl>#secondary</styleUrl>
        <ExtendedData>
          <Data name="id"><value>intl-1005-20482</value></Data>
          <Data name="area"><value>Korea</value></Data>
          <Data name="address"><value>81, Dongil-ro 22-gil, Gwangjin-gu, Seoul</value></Data>
        </ExtendedData>
        <Point>
          <coordinates>127.068776,37.5414065,0</coordinates>
        </Point>
      </Placemark>
      <Placemark>
        <name>MASAN NEW WORLD GAME</name>
        <description>6,Hapseongseo4-gil,Masanhoewon-gu,Changwon-si,Gyeongsangnam-do&lt;br/&gt;maimai DX International Version&lt;br/&gt;maimai International official / ALL.Net&lt;br/&gt;&lt;a href="https://location.am-all.net/alm/shop?gm=98&amp;astep=1005&amp;sid=20437&amp;lang=en"&gt;Official detail&lt;/a&gt;</description>
        <styleUrl>#secondary</styleUrl>
        <ExtendedData>
          <Data name="id"><value>intl-1005-20437</value></Data>
          <Data name="area"><value>Korea</value></Data>
          <Data name="address"><value>6,Hapseongseo4-gil,Masanhoewon-gu,Changwon-si,Gyeongsangnam-do</value></Data>
        </ExtendedData>
        <Point>
          <coordinates>128.5795296,35.2206349,0</coordinates>
        </Point>
      </Placemark>
      <Placemark>
        <name>NOLJA GAME</name>
        <description>2F, 18, Jungang-daero 81-gil, Jung-gu, Daegu&lt;br/&gt;maimai DX International Version&lt;br/&gt;maimai International official / ALL.Net&lt;br/&gt;&lt;a href="https://location.am-all.net/alm/shop?gm=98&amp;astep=1005&amp;sid=19890&amp;lang=en"&gt;Official detail&lt;/a&gt;</description>
        <styleUrl>#secondary</styleUrl>
        <ExtendedData>
          <Data name="id"><value>intl-1005-19890</value></Data>
          <Data name="area"><value>Korea</value></Data>
          <Data name="address"><value>2F, 18, Jungang-daero 81-gil, Jung-gu, Daegu</value></Data>
        </ExtendedData>
        <Point>
          <coordinates>128.5926402,35.8698745,0</coordinates>
        </Point>
      </Placemark>
      <Placemark>
        <name>NORYANGJIN AMUSETOWN</name>
        <description>26, Manyang-ro 14ga-gil, Dongjak-gu, Seoul&lt;br/&gt;maimai DX International Version&lt;br/&gt;maimai International official / ALL.Net&lt;br/&gt;&lt;a href="https://location.am-all.net/alm/shop?gm=98&amp;astep=1005&amp;sid=20468&amp;lang=en"&gt;Official detail&lt;/a&gt;</description>
        <styleUrl>#secondary</styleUrl>
        <ExtendedData>
          <Data name="id"><value>intl-1005-20468</value></Data>
          <Data name="area"><value>Korea</value></Data>
          <Data name="address"><value>26, Manyang-ro 14ga-gil, Dongjak-gu, Seoul</value></Data>
        </ExtendedData>
        <Point>
          <coordinates>126.9449436,37.5127094,0</coordinates>
        </Point>
      </Placemark>
      <Placemark>
        <name>PAPER STUDIO</name>
        <description>85, Bongujae-ro 33-gil, Jungnang-gu, Seoul, Republic of Korea&lt;br/&gt;maimai DX International Version&lt;br/&gt;maimai International official / ALL.Net&lt;br/&gt;&lt;a href="https://location.am-all.net/alm/shop?gm=98&amp;astep=1005&amp;sid=18834&amp;lang=en"&gt;Official detail&lt;/a&gt;</description>
        <styleUrl>#secondary</styleUrl>
        <ExtendedData>
          <Data name="id"><value>intl-1005-18834</value></Data>
          <Data name="area"><value>Korea</value></Data>
          <Data name="address"><value>85, Bongujae-ro 33-gil, Jungnang-gu, Seoul, Republic of Korea</value></Data>
        </ExtendedData>
        <Point>
          <coordinates>127.0895616,37.5959378,0</coordinates>
        </Point>
      </Placemark>
      <Placemark>
        <name>ROYAL GAME</name>
        <description>454-1, Jungang-daero, Jung-gu, Daegu&lt;br/&gt;maimai DX International Version&lt;br/&gt;maimai International official / ALL.Net&lt;br/&gt;&lt;a href="https://location.am-all.net/alm/shop?gm=98&amp;astep=1005&amp;sid=20443&amp;lang=en"&gt;Official detail&lt;/a&gt;</description>
        <styleUrl>#secondary</styleUrl>
        <ExtendedData>
          <Data name="id"><value>intl-1005-20443</value></Data>
          <Data name="area"><value>Korea</value></Data>
          <Data name="address"><value>454-1, Jungang-daero, Jung-gu, Daegu</value></Data>
        </ExtendedData>
        <Point>
          <coordinates>128.5948787,35.8735075,0</coordinates>
        </Point>
      </Placemark>
      <Placemark>
        <name>SAMBO R GAME</name>
        <description>69, Seojeon-ro 10beon-gil, Busanjin-gu, Busan&lt;br/&gt;maimai DX International Version&lt;br/&gt;maimai International official / ALL.Net&lt;br/&gt;&lt;a href="https://location.am-all.net/alm/shop?gm=98&amp;astep=1005&amp;sid=20439&amp;lang=en"&gt;Official detail&lt;/a&gt;</description>
        <styleUrl>#secondary</styleUrl>
        <ExtendedData>
          <Data name="id"><value>intl-1005-20439</value></Data>
          <Data name="area"><value>Korea</value></Data>
          <Data name="address"><value>69, Seojeon-ro 10beon-gil, Busanjin-gu, Busan</value></Data>
        </ExtendedData>
        <Point>
          <coordinates>129.0606925,35.1552641,0</coordinates>
        </Point>
      </Placemark>
      <Placemark>
        <name>SAMSEONGYO WOORI 2</name>
        <description>14, Samseongyo-ro 10-gil, Seongbuk-gu, Seoul&lt;br/&gt;maimai DX International Version&lt;br/&gt;maimai International official / ALL.Net&lt;br/&gt;&lt;a href="https://location.am-all.net/alm/shop?gm=98&amp;astep=1005&amp;sid=20478&amp;lang=en"&gt;Official detail&lt;/a&gt;</description>
        <styleUrl>#secondary</styleUrl>
        <ExtendedData>
          <Data name="id"><value>intl-1005-20478</value></Data>
          <Data name="area"><value>Korea</value></Data>
          <Data name="address"><value>14, Samseongyo-ro 10-gil, Seongbuk-gu, Seoul</value></Data>
        </ExtendedData>
        <Point>
          <coordinates>127.0090045,37.5873226,0</coordinates>
        </Point>
      </Placemark>
      <Placemark>
        <name>SINCHEON PPYONGPPYONG GAME LAND</name>
        <description>46, Baekjegobun-ro 7-gil, Songpa-gu, Seoul&lt;br/&gt;maimai DX International Version&lt;br/&gt;maimai International official / ALL.Net&lt;br/&gt;&lt;a href="https://location.am-all.net/alm/shop?gm=98&amp;astep=1005&amp;sid=20476&amp;lang=en"&gt;Official detail&lt;/a&gt;</description>
        <styleUrl>#secondary</styleUrl>
        <ExtendedData>
          <Data name="id"><value>intl-1005-20476</value></Data>
          <Data name="area"><value>Korea</value></Data>
          <Data name="address"><value>46, Baekjegobun-ro 7-gil, Songpa-gu, Seoul</value></Data>
        </ExtendedData>
        <Point>
          <coordinates>127.0838773,37.510478,0</coordinates>
        </Point>
      </Placemark>
      <Placemark>
        <name>SMILE GAMECENTER</name>
        <description>2,Beodeul-ro,Dongnam-gu,Cheonan-si,Chungcheongnam-do,Korea&lt;br/&gt;maimai DX International Version&lt;br/&gt;maimai International official / ALL.Net&lt;br/&gt;&lt;a href="https://location.am-all.net/alm/shop?gm=98&amp;astep=1005&amp;sid=18835&amp;lang=en"&gt;Official detail&lt;/a&gt;</description>
        <styleUrl>#secondary</styleUrl>
        <ExtendedData>
          <Data name="id"><value>intl-1005-18835</value></Data>
          <Data name="area"><value>Korea</value></Data>
          <Data name="address"><value>2,Beodeul-ro,Dongnam-gu,Cheonan-si,Chungcheongnam-do,Korea</value></Data>
        </ExtendedData>
        <Point>
          <coordinates>127.1485068,36.8095802,0</coordinates>
        </Point>
      </Placemark>
      <Placemark>
        <name>SUNCHEON GREENPIA</name>
        <description>110, Yeonhyangbeonyeong-gil, Suncheon-si, Jeollanam-do&lt;br/&gt;maimai DX International Version&lt;br/&gt;maimai International official / ALL.Net&lt;br/&gt;&lt;a href="https://location.am-all.net/alm/shop?gm=98&amp;astep=1005&amp;sid=20444&amp;lang=en"&gt;Official detail&lt;/a&gt;</description>
        <styleUrl>#secondary</styleUrl>
        <ExtendedData>
          <Data name="id"><value>intl-1005-20444</value></Data>
          <Data name="area"><value>Korea</value></Data>
          <Data name="address"><value>110, Yeonhyangbeonyeong-gil, Suncheon-si, Jeollanam-do</value></Data>
        </ExtendedData>
        <Point>
          <coordinates>127.5185423,34.9516625,0</coordinates>
        </Point>
      </Placemark>
      <Placemark>
        <name>THE BUNKER GAMEZONE</name>
        <description>34, Daehak-ro, Yuseong-gu, Daejeon&lt;br/&gt;maimai DX International Version&lt;br/&gt;maimai International official / ALL.Net&lt;br/&gt;&lt;a href="https://location.am-all.net/alm/shop?gm=98&amp;astep=1005&amp;sid=20417&amp;lang=en"&gt;Official detail&lt;/a&gt;</description>
        <styleUrl>#secondary</styleUrl>
        <ExtendedData>
          <Data name="id"><value>intl-1005-20417</value></Data>
          <Data name="area"><value>Korea</value></Data>
          <Data name="address"><value>34, Daehak-ro, Yuseong-gu, Daejeon</value></Data>
        </ExtendedData>
        <Point>
          <coordinates>127.3430268,36.3564331,0</coordinates>
        </Point>
      </Placemark>
      <Placemark>
        <name>VISION</name>
        <description>B1, 11, Nohae-ro, Gangbuk-gu, Seoul, Republic of Korea&lt;br/&gt;maimai DX International Version&lt;br/&gt;maimai International official / ALL.Net&lt;br/&gt;&lt;a href="https://location.am-all.net/alm/shop?gm=98&amp;astep=1005&amp;sid=18433&amp;lang=en"&gt;Official detail&lt;/a&gt;</description>
        <styleUrl>#secondary</styleUrl>
        <ExtendedData>
          <Data name="id"><value>intl-1005-18433</value></Data>
          <Data name="area"><value>Korea</value></Data>
          <Data name="address"><value>B1, 11, Nohae-ro, Gangbuk-gu, Seoul, Republic of Korea</value></Data>
        </ExtendedData>
        <Point>
          <coordinates>127.022733,37.6366182,0</coordinates>
        </Point>
      </Placemark>
      <Placemark>
        <name>YEONGDEUNGPO ACTION</name>
        <description>15,YEONGJUNG-RO,YEONGDEUNGPO-GU,SEOUL&lt;br/&gt;maimai DX International Version&lt;br/&gt;maimai International official / ALL.Net&lt;br/&gt;&lt;a href="https://location.am-all.net/alm/shop?gm=98&amp;astep=1005&amp;sid=20475&amp;lang=en"&gt;Official detail&lt;/a&gt;</description>
        <styleUrl>#secondary</styleUrl>
        <ExtendedData>
          <Data name="id"><value>intl-1005-20475</value></Data>
          <Data name="area"><value>Korea</value></Data>
          <Data name="address"><value>15,YEONGJUNG-RO,YEONGDEUNGPO-GU,SEOUL</value></Data>
        </ExtendedData>
        <Point>
          <coordinates>126.9041419,37.517007,0</coordinates>
        </Point>
      </Placemark>
      <Placemark>
        <name>YEONGTONG JJANG</name>
        <description>111, 30, BANDAL-RO 7BEON-GIL, YEONGTONG-GU, SUWON-SI,GYEONGGI-DO&lt;br/&gt;maimai DX International Version&lt;br/&gt;maimai International official / ALL.Net&lt;br/&gt;&lt;a href="https://location.am-all.net/alm/shop?gm=98&amp;astep=1005&amp;sid=20156&amp;lang=en"&gt;Official detail&lt;/a&gt;</description>
        <styleUrl>#secondary</styleUrl>
        <ExtendedData>
          <Data name="id"><value>intl-1005-20156</value></Data>
          <Data name="area"><value>Korea</value></Data>
          <Data name="address"><value>111, 30, BANDAL-RO 7BEON-GIL, YEONGTONG-GU, SUWON-SI,GYEONGGI-DO</value></Data>
        </ExtendedData>
        <Point>
          <coordinates>127.0748957,37.2531471,0</coordinates>
        </Point>
      </Placemark>
      <Placemark>
        <name>YEONSINNAE JJANGGU GAME</name>
        <description>8-8, Yeonseo-ro 29-gil, Eunpyeong-gu, Seoul&lt;br/&gt;maimai DX International Version&lt;br/&gt;maimai International official / ALL.Net&lt;br/&gt;&lt;a href="https://location.am-all.net/alm/shop?gm=98&amp;astep=1005&amp;sid=20469&amp;lang=en"&gt;Official detail&lt;/a&gt;</description>
        <styleUrl>#secondary</styleUrl>
        <ExtendedData>
          <Data name="id"><value>intl-1005-20469</value></Data>
          <Data name="area"><value>Korea</value></Data>
          <Data name="address"><value>8-8, Yeonseo-ro 29-gil, Eunpyeong-gu, Seoul</value></Data>
        </ExtendedData>
        <Point>
          <coordinates>126.9196972,37.6189525,0</coordinates>
        </Point>
      </Placemark>
      <Placemark>
        <name>ZZANG GAME DAEGU DONGSUNG-RO</name>
        <description>35-1, Dongseong-ro, Jung-gu, Daegu&lt;br/&gt;maimai DX International Version&lt;br/&gt;maimai International official / ALL.Net&lt;br/&gt;&lt;a href="https://location.am-all.net/alm/shop?gm=98&amp;astep=1005&amp;sid=20205&amp;lang=en"&gt;Official detail&lt;/a&gt;</description>
        <styleUrl>#secondary</styleUrl>
        <ExtendedData>
          <Data name="id"><value>intl-1005-20205</value></Data>
          <Data name="area"><value>Korea</value></Data>
          <Data name="address"><value>35-1, Dongseong-ro, Jung-gu, Daegu</value></Data>
        </ExtendedData>
        <Point>
          <coordinates>128.5955018,35.8700487,0</coordinates>
        </Point>
      </Placemark>
      <Placemark>
        <name>ZZANG GAME DONGSUNG-RO 2ND</name>
        <description>1F 36，Dongseong-ro 6-gil，Jung-gu，Daegu，Korea&lt;br/&gt;maimai DX International Version&lt;br/&gt;maimai International official / ALL.Net&lt;br/&gt;&lt;a href="https://location.am-all.net/alm/shop?gm=98&amp;astep=1005&amp;sid=19668&amp;lang=en"&gt;Official detail&lt;/a&gt;</description>
        <styleUrl>#secondary</styleUrl>
        <ExtendedData>
          <Data name="id"><value>intl-1005-19668</value></Data>
          <Data name="area"><value>Korea</value></Data>
          <Data name="address"><value>1F 36，Dongseong-ro 6-gil，Jung-gu，Daegu，Korea</value></Data>
        </ExtendedData>
        <Point>
          <coordinates>128.5972614,35.8685735,0</coordinates>
        </Point>
      </Placemark>
      <Placemark>
        <name>ZZANG GAME YONGSAN I-PARK MALL</name>
        <description>7F, 55, Hangang-daero 23-gil, Yongsan-gu&lt;br/&gt;maimai DX International Version&lt;br/&gt;maimai International official / ALL.Net&lt;br/&gt;&lt;a href="https://location.am-all.net/alm/shop?gm=98&amp;astep=1005&amp;sid=18599&amp;lang=en"&gt;Official detail&lt;/a&gt;</description>
        <styleUrl>#secondary</styleUrl>
        <ExtendedData>
          <Data name="id"><value>intl-1005-18599</value></Data>
          <Data name="area"><value>Korea</value></Data>
          <Data name="address"><value>7F, 55, Hangang-daero 23-gil, Yongsan-gu</value></Data>
        </ExtendedData>
        <Point>
          <coordinates>126.9641567,37.529557,0</coordinates>
        </Point>
      </Placemark>
      <Placemark>
        <name>ZZANG ORAKSIL HONGDAE</name>
        <description>69, Eoulmadang-ro, Mapo-gu, Seoul&lt;br/&gt;maimai DX International Version&lt;br/&gt;maimai International official / ALL.Net&lt;br/&gt;&lt;a href="https://location.am-all.net/alm/shop?gm=98&amp;astep=1005&amp;sid=20471&amp;lang=en"&gt;Official detail&lt;/a&gt;</description>
        <styleUrl>#secondary</styleUrl>
        <ExtendedData>
          <Data name="id"><value>intl-1005-20471</value></Data>
          <Data name="area"><value>Korea</value></Data>
          <Data name="address"><value>69, Eoulmadang-ro, Mapo-gu, Seoul</value></Data>
        </ExtendedData>
        <Point>
          <coordinates>126.9210941,37.5512385,0</coordinates>
        </Point>
      </Placemark>
    </Folder>
    <Folder>
      <name>Macau</name>
      <Placemark>
        <name>BEEBEE LAND</name>
        <description>R92A, 2F, H853 Fun Factory, Lisboeta, Macau&lt;br/&gt;maimai DX International Version&lt;br/&gt;maimai International official / ALL.Net&lt;br/&gt;&lt;a href="https://location.am-all.net/alm/shop?gm=98&amp;astep=1008&amp;sid=19096&amp;lang=en"&gt;Official detail&lt;/a&gt;</description>
        <styleUrl>#secondary</styleUrl>
        <ExtendedData>
          <Data name="id"><value>intl-1008-19096</value></Data>
          <Data name="area"><value>Macau</value></Data>
          <Data name="address"><value>R92A, 2F, H853 Fun Factory, Lisboeta, Macau</value></Data>
        </ExtendedData>
        <Point>
          <coordinates>113.5729178,22.1415633,0</coordinates>
        </Point>
      </Placemark>
      <Placemark>
        <name>GAME WORLD(CHIAO KUONG)</name>
        <description>R.GRACIOSA 57 R/C+SL, FLAT H,ED. IND. CHIAO KUONG, MACAU&lt;br/&gt;maimai DX International Version&lt;br/&gt;maimai International official / ALL.Net&lt;br/&gt;&lt;a href="https://location.am-all.net/alm/shop?gm=98&amp;astep=1008&amp;sid=24124&amp;lang=en"&gt;Official detail&lt;/a&gt;</description>
        <styleUrl>#secondary</styleUrl>
        <ExtendedData>
          <Data name="id"><value>intl-1008-24124</value></Data>
          <Data name="area"><value>Macau</value></Data>
          <Data name="address"><value>R.GRACIOSA 57 R/C+SL, FLAT H,ED. IND. CHIAO KUONG, MACAU</value></Data>
        </ExtendedData>
        <Point>
          <coordinates>113.552542111048,22.210261445944,0</coordinates>
        </Point>
      </Placemark>
      <Placemark>
        <name>YURAKUCHO</name>
        <description>N 5-7A,Rua de Sacadura Cabral N14-18B,R/C E,EDF.POU SENG&lt;br/&gt;maimai DX International Version&lt;br/&gt;maimai International official / ALL.Net&lt;br/&gt;&lt;a href="https://location.am-all.net/alm/shop?gm=98&amp;astep=1008&amp;sid=19358&amp;lang=en"&gt;Official detail&lt;/a&gt;</description>
        <styleUrl>#secondary</styleUrl>
        <ExtendedData>
          <Data name="id"><value>intl-1008-19358</value></Data>
          <Data name="area"><value>Macau</value></Data>
          <Data name="address"><value>N 5-7A,Rua de Sacadura Cabral N14-18B,R/C E,EDF.POU SENG</value></Data>
        </ExtendedData>
        <Point>
          <coordinates>113.5469361,22.1991168,0</coordinates>
        </Point>
      </Placemark>
    </Folder>
    <Folder>
      <name>Malaysia</name>
      <Placemark>
        <name>AEON IPOH STATION 18</name>
        <description>S32, AEON Ipoh 18 Shopping Centre, No2, Jalan Susuran Stesen 18&lt;br/&gt;maimai DX International Version&lt;br/&gt;maimai International official / ALL.Net&lt;br/&gt;&lt;a href="https://location.am-all.net/alm/shop?gm=98&amp;astep=1004&amp;sid=18684&amp;lang=en"&gt;Official detail&lt;/a&gt;</description>
        <styleUrl>#secondary</styleUrl>
        <ExtendedData>
          <Data name="id"><value>intl-1004-18684</value></Data>
          <Data name="area"><value>Malaysia</value></Data>
          <Data name="address"><value>S32, AEON Ipoh 18 Shopping Centre, No2, Jalan Susuran Stesen 18</value></Data>
        </ExtendedData>
        <Point>
          <coordinates>101.0687007,4.5472687,0</coordinates>
        </Point>
      </Placemark>
      <Placemark>
        <name>AEON MALL NILAI</name>
        <description>LotS01, 2nd Floor, Persiaran Pusat Bandar Putra Point, 71800&lt;br/&gt;maimai DX International Version&lt;br/&gt;maimai International official / ALL.Net&lt;br/&gt;&lt;a href="https://location.am-all.net/alm/shop?gm=98&amp;astep=1004&amp;sid=18569&amp;lang=en"&gt;Official detail&lt;/a&gt;</description>
        <styleUrl>#secondary</styleUrl>
        <ExtendedData>
          <Data name="id"><value>intl-1004-18569</value></Data>
          <Data name="area"><value>Malaysia</value></Data>
          <Data name="address"><value>LotS01, 2nd Floor, Persiaran Pusat Bandar Putra Point, 71800</value></Data>
        </ExtendedData>
        <Point>
          <coordinates>101.7883967,2.8182299,0</coordinates>
        </Point>
      </Placemark>
      <Placemark>
        <name>AMAN CENTRAL</name>
        <description>Lot 3-25, Level 3, No.1 Aman Central, Lebuhraya Darulaman, 05100&lt;br/&gt;maimai DX International Version&lt;br/&gt;maimai International official / ALL.Net&lt;br/&gt;&lt;a href="https://location.am-all.net/alm/shop?gm=98&amp;astep=1004&amp;sid=18570&amp;lang=en"&gt;Official detail&lt;/a&gt;</description>
        <styleUrl>#secondary</styleUrl>
        <ExtendedData>
          <Data name="id"><value>intl-1004-18570</value></Data>
          <Data name="area"><value>Malaysia</value></Data>
          <Data name="address"><value>Lot 3-25, Level 3, No.1 Aman Central, Lebuhraya Darulaman, 05100</value></Data>
        </ExtendedData>
        <Point>
          <coordinates>100.3667935,6.1248637,0</coordinates>
        </Point>
      </Placemark>
      <Placemark>
        <name>CAPCOM STATION SABAH</name>
        <description>Lot P4-P7, 4th Floor, Palm Square, Centre Point Sabah, 88000,&lt;br/&gt;maimai DX International Version&lt;br/&gt;maimai International official / ALL.Net&lt;br/&gt;&lt;a href="https://location.am-all.net/alm/shop?gm=98&amp;astep=1004&amp;sid=19076&amp;lang=en"&gt;Official detail&lt;/a&gt;</description>
        <styleUrl>#secondary</styleUrl>
        <ExtendedData>
          <Data name="id"><value>intl-1004-19076</value></Data>
          <Data name="area"><value>Malaysia</value></Data>
          <Data name="address"><value>Lot P4-P7, 4th Floor, Palm Square, Centre Point Sabah, 88000,</value></Data>
        </ExtendedData>
        <Point>
          <coordinates>116.07188,5.97819,0</coordinates>
        </Point>
      </Placemark>
      <Placemark>
        <name>COBAY 1U CROSS FIRE</name>
        <description>5F,1U SC.,1LEBUH BDR UTAMA,BDR UTAMA,PETALING JAYA,SELANGOR&lt;br/&gt;maimai DX International Version&lt;br/&gt;maimai International official / ALL.Net&lt;br/&gt;&lt;a href="https://location.am-all.net/alm/shop?gm=98&amp;astep=1004&amp;sid=24199&amp;lang=en"&gt;Official detail&lt;/a&gt;</description>
        <styleUrl>#secondary</styleUrl>
        <ExtendedData>
          <Data name="id"><value>intl-1004-24199</value></Data>
          <Data name="area"><value>Malaysia</value></Data>
          <Data name="address"><value>5F,1U SC.,1LEBUH BDR UTAMA,BDR UTAMA,PETALING JAYA,SELANGOR</value></Data>
        </ExtendedData>
        <Point>
          <coordinates>101.615866057672,3.15035380251033,0</coordinates>
        </Point>
      </Placemark>
      <Placemark>
        <name>COBAY DPULSE CYBERJAYA</name>
        <description>LOT SF08 DPULSE SC,CYBER12,63000 CYBERJAYA,SELANGOR&lt;br/&gt;maimai DX International Version&lt;br/&gt;maimai International official / ALL.Net&lt;br/&gt;&lt;a href="https://location.am-all.net/alm/shop?gm=98&amp;astep=1004&amp;sid=19798&amp;lang=en"&gt;Official detail&lt;/a&gt;</description>
        <styleUrl>#secondary</styleUrl>
        <ExtendedData>
          <Data name="id"><value>intl-1004-19798</value></Data>
          <Data name="area"><value>Malaysia</value></Data>
          <Data name="address"><value>LOT SF08 DPULSE SC,CYBER12,63000 CYBERJAYA,SELANGOR</value></Data>
        </ExtendedData>
        <Point>
          <coordinates>101.6510948,2.9221743,0</coordinates>
        </Point>
      </Placemark>
      <Placemark>
        <name>COBAY WANGSA WALK</name>
        <description>TINGKAT2,WANGSA WALK1,JL.WANGSADELIMA12,WANGSA MAJU,KL.&lt;br/&gt;maimai DX International Version&lt;br/&gt;maimai International official / ALL.Net&lt;br/&gt;&lt;a href="https://location.am-all.net/alm/shop?gm=98&amp;astep=1004&amp;sid=23862&amp;lang=en"&gt;Official detail&lt;/a&gt;</description>
        <styleUrl>#secondary</styleUrl>
        <ExtendedData>
          <Data name="id"><value>intl-1004-23862</value></Data>
          <Data name="area"><value>Malaysia</value></Data>
          <Data name="address"><value>TINGKAT2,WANGSA WALK1,JL.WANGSADELIMA12,WANGSA MAJU,KL.</value></Data>
        </ExtendedData>
        <Point>
          <coordinates>101.7416211,3.19755264267931,0</coordinates>
        </Point>
      </Placemark>
      <Placemark>
        <name>COW PLAY COW MOO BUKIT BINTANG</name>
        <description>T5-T8 3rd Floor Lot 10, Shopping Centre, 50, Jalan Sultan Ismail&lt;br/&gt;maimai DX International Version&lt;br/&gt;maimai International official / ALL.Net&lt;br/&gt;&lt;a href="https://location.am-all.net/alm/shop?gm=98&amp;astep=1004&amp;sid=18634&amp;lang=en"&gt;Official detail&lt;/a&gt;</description>
        <styleUrl>#secondary</styleUrl>
        <ExtendedData>
          <Data name="id"><value>intl-1004-18634</value></Data>
          <Data name="area"><value>Malaysia</value></Data>
          <Data name="address"><value>T5-T8 3rd Floor Lot 10, Shopping Centre, 50, Jalan Sultan Ismail</value></Data>
        </ExtendedData>
        <Point>
          <coordinates>101.7116219,3.1466072,0</coordinates>
        </Point>
      </Placemark>
      <Placemark>
        <name>COW PLAY COW MOO SUTERA MALL</name>
        <description>LG001-003 Sutera Mall 1 Jalan Sutera Tanjung 8/4&lt;br/&gt;maimai DX International Version&lt;br/&gt;maimai International official / ALL.Net&lt;br/&gt;&lt;a href="https://location.am-all.net/alm/shop?gm=98&amp;astep=1004&amp;sid=18635&amp;lang=en"&gt;Official detail&lt;/a&gt;</description>
        <styleUrl>#secondary</styleUrl>
        <ExtendedData>
          <Data name="id"><value>intl-1004-18635</value></Data>
          <Data name="area"><value>Malaysia</value></Data>
          <Data name="address"><value>LG001-003 Sutera Mall 1 Jalan Sutera Tanjung 8/4</value></Data>
        </ExtendedData>
        <Point>
          <coordinates>103.6714742,1.517129,0</coordinates>
        </Point>
      </Placemark>
      <Placemark>
        <name>CPCM BANDAR PUCHONG</name>
        <description>ET3-2 3rdFlr IOIMall Puchong, Puchong Jaya 47170&lt;br/&gt;maimai DX International Version&lt;br/&gt;maimai International official / ALL.Net&lt;br/&gt;&lt;a href="https://location.am-all.net/alm/shop?gm=98&amp;astep=1004&amp;sid=18588&amp;lang=en"&gt;Official detail&lt;/a&gt;</description>
        <styleUrl>#secondary</styleUrl>
        <ExtendedData>
          <Data name="id"><value>intl-1004-18588</value></Data>
          <Data name="area"><value>Malaysia</value></Data>
          <Data name="address"><value>ET3-2 3rdFlr IOIMall Puchong, Puchong Jaya 47170</value></Data>
        </ExtendedData>
        <Point>
          <coordinates>101.6183585,3.0463256,0</coordinates>
        </Point>
      </Placemark>
      <Placemark>
        <name>DISTRICT 21</name>
        <description>Level, AT 6, City IOI City Mall, IOI Resort, 62502 Putrajya&lt;br/&gt;maimai DX International Version&lt;br/&gt;maimai International official / ALL.Net&lt;br/&gt;&lt;a href="https://location.am-all.net/alm/shop?gm=98&amp;astep=1004&amp;sid=18629&amp;lang=en"&gt;Official detail&lt;/a&gt;</description>
        <styleUrl>#secondary</styleUrl>
        <ExtendedData>
          <Data name="id"><value>intl-1004-18629</value></Data>
          <Data name="area"><value>Malaysia</value></Data>
          <Data name="address"><value>Level, AT 6, City IOI City Mall, IOI Resort, 62502 Putrajya</value></Data>
        </ExtendedData>
        <Point>
          <coordinates>101.7136681,2.970663,0</coordinates>
        </Point>
      </Placemark>
      <Placemark>
        <name>FANTAZIA Vivacity Megamall</name>
        <description>L3-031,Lorong Wan Alwi 5,Jalan Wan Alwi,93350 Kuching,Sarawak&lt;br/&gt;maimai DX International Version&lt;br/&gt;maimai International official / ALL.Net&lt;br/&gt;&lt;a href="https://location.am-all.net/alm/shop?gm=98&amp;astep=1004&amp;sid=19041&amp;lang=en"&gt;Official detail&lt;/a&gt;</description>
        <styleUrl>#secondary</styleUrl>
        <ExtendedData>
          <Data name="id"><value>intl-1004-19041</value></Data>
          <Data name="area"><value>Malaysia</value></Data>
          <Data name="address"><value>L3-031,Lorong Wan Alwi 5,Jalan Wan Alwi,93350 Kuching,Sarawak</value></Data>
        </ExtendedData>
        <Point>
          <coordinates>110.3678552,1.527776,0</coordinates>
        </Point>
      </Placemark>
      <Placemark>
        <name>FUN SCAPE SEREMBAN</name>
        <description>Lot F01 &amp; F02,AEON Seremban 2,70300 Seremban, Negeri Sembian.&lt;br/&gt;maimai DX International Version&lt;br/&gt;maimai International official / ALL.Net&lt;br/&gt;&lt;a href="https://location.am-all.net/alm/shop?gm=98&amp;astep=1004&amp;sid=19146&amp;lang=en"&gt;Official detail&lt;/a&gt;</description>
        <styleUrl>#secondary</styleUrl>
        <ExtendedData>
          <Data name="id"><value>intl-1004-19146</value></Data>
          <Data name="area"><value>Malaysia</value></Data>
          <Data name="address"><value>Lot F01 &amp; F02,AEON Seremban 2,70300 Seremban, Negeri Sembian.</value></Data>
        </ExtendedData>
        <Point>
          <coordinates>102.2161119,2.2811342,0</coordinates>
        </Point>
      </Placemark>
      <Placemark>
        <name>FUN SCAPE@EKO CHERAS</name>
        <description>S17&amp;S18,2F,EkoCherasMall,TamanMutiaraBarat,56000Cheras9Miles,KL.&lt;br/&gt;maimai DX International Version&lt;br/&gt;maimai International official / ALL.Net&lt;br/&gt;&lt;a href="https://location.am-all.net/alm/shop?gm=98&amp;astep=1004&amp;sid=20190&amp;lang=en"&gt;Official detail&lt;/a&gt;</description>
        <styleUrl>#secondary</styleUrl>
        <ExtendedData>
          <Data name="id"><value>intl-1004-20190</value></Data>
          <Data name="area"><value>Malaysia</value></Data>
          <Data name="address"><value>S17&amp;S18,2F,EkoCherasMall,TamanMutiaraBarat,56000Cheras9Miles,KL.</value></Data>
        </ExtendedData>
        <Point>
          <coordinates>101.73851,3.09343,0</coordinates>
        </Point>
      </Placemark>
      <Placemark>
        <name>FUN SCAPE@LOW YAT</name>
        <description>7, Jalan Bintang, Off Jalan Bukit Bintang,55100 Kuala Lumpur&lt;br/&gt;maimai DX International Version&lt;br/&gt;maimai International official / ALL.Net&lt;br/&gt;&lt;a href="https://location.am-all.net/alm/shop?gm=98&amp;astep=1004&amp;sid=19800&amp;lang=en"&gt;Official detail&lt;/a&gt;</description>
        <styleUrl>#secondary</styleUrl>
        <ExtendedData>
          <Data name="id"><value>intl-1004-19800</value></Data>
          <Data name="area"><value>Malaysia</value></Data>
          <Data name="address"><value>7, Jalan Bintang, Off Jalan Bukit Bintang,55100 Kuala Lumpur</value></Data>
        </ExtendedData>
        <Point>
          <coordinates>103.3262695,3.8182407,0</coordinates>
        </Point>
      </Placemark>
      <Placemark>
        <name>FUN SCAPE@MINES</name>
        <description>L1-07/08,THE MINES SHOPPING FAIR,MINES RESORTCITY,SERI KEMBANGAN&lt;br/&gt;maimai DX International Version&lt;br/&gt;maimai International official / ALL.Net&lt;br/&gt;&lt;a href="https://location.am-all.net/alm/shop?gm=98&amp;astep=1004&amp;sid=24761&amp;lang=en"&gt;Official detail&lt;/a&gt;</description>
        <styleUrl>#secondary</styleUrl>
        <ExtendedData>
          <Data name="id"><value>intl-1004-24761</value></Data>
          <Data name="area"><value>Malaysia</value></Data>
          <Data name="address"><value>L1-07/08,THE MINES SHOPPING FAIR,MINES RESORTCITY,SERI KEMBANGAN</value></Data>
        </ExtendedData>
        <Point>
          <coordinates>101.718540842974,3.02792341151712,0</coordinates>
        </Point>
      </Placemark>
      <Placemark>
        <name>FUN SCAPE@SUNWAY CARNIVAL MALL</name>
        <description>3068 JalanTodak,Seberang Jaya 13700 Perai Pulau Pinang&lt;br/&gt;maimai DX International Version&lt;br/&gt;maimai International official / ALL.Net&lt;br/&gt;&lt;a href="https://location.am-all.net/alm/shop?gm=98&amp;astep=1004&amp;sid=19791&amp;lang=en"&gt;Official detail&lt;/a&gt;</description>
        <styleUrl>#secondary</styleUrl>
        <ExtendedData>
          <Data name="id"><value>intl-1004-19791</value></Data>
          <Data name="area"><value>Malaysia</value></Data>
          <Data name="address"><value>3068 JalanTodak,Seberang Jaya 13700 Perai Pulau Pinang</value></Data>
        </ExtendedData>
        <Point>
          <coordinates>100.3980465,5.3985132,0</coordinates>
        </Point>
      </Placemark>
      <Placemark>
        <name>FUN SCAPE@SUNWAY PUTRA</name>
        <description>4-6-4-12,4F,SunwayPutraMall,No.100,JalanPutra,50350Kuala Lumpur,&lt;br/&gt;maimai DX International Version&lt;br/&gt;maimai International official / ALL.Net&lt;br/&gt;&lt;a href="https://location.am-all.net/alm/shop?gm=98&amp;astep=1004&amp;sid=19795&amp;lang=en"&gt;Official detail&lt;/a&gt;</description>
        <styleUrl>#secondary</styleUrl>
        <ExtendedData>
          <Data name="id"><value>intl-1004-19795</value></Data>
          <Data name="area"><value>Malaysia</value></Data>
          <Data name="address"><value>4-6-4-12,4F,SunwayPutraMall,No.100,JalanPutra,50350Kuala Lumpur,</value></Data>
        </ExtendedData>
        <Point>
          <coordinates>101.686855,3.139003,0</coordinates>
        </Point>
      </Placemark>
      <Placemark>
        <name>FUN SCAPE@SUNWAY PYRAMID</name>
        <description>SUNWAY,PYRAMID LG3IR03,BANDARSUNWAY,SELANGOR&lt;br/&gt;maimai DX International Version&lt;br/&gt;maimai International official / ALL.Net&lt;br/&gt;&lt;a href="https://location.am-all.net/alm/shop?gm=98&amp;astep=1004&amp;sid=20587&amp;lang=en"&gt;Official detail&lt;/a&gt;</description>
        <styleUrl>#secondary</styleUrl>
        <ExtendedData>
          <Data name="id"><value>intl-1004-20587</value></Data>
          <Data name="area"><value>Malaysia</value></Data>
          <Data name="address"><value>SUNWAY,PYRAMID LG3IR03,BANDARSUNWAY,SELANGOR</value></Data>
        </ExtendedData>
        <Point>
          <coordinates>101.607496,3.072657,0</coordinates>
        </Point>
      </Placemark>
      <Placemark>
        <name>FUN SCAPE@TESCO BAGAN AJAM</name>
        <description>G3,TESCO BAGAN AJAM ,LOT 2816,12300 BUTTERWORTH PULAU PINANG&lt;br/&gt;maimai DX International Version&lt;br/&gt;maimai International official / ALL.Net&lt;br/&gt;&lt;a href="https://location.am-all.net/alm/shop?gm=98&amp;astep=1004&amp;sid=19801&amp;lang=en"&gt;Official detail&lt;/a&gt;</description>
        <styleUrl>#secondary</styleUrl>
        <ExtendedData>
          <Data name="id"><value>intl-1004-19801</value></Data>
          <Data name="area"><value>Malaysia</value></Data>
          <Data name="address"><value>G3,TESCO BAGAN AJAM ,LOT 2816,12300 BUTTERWORTH PULAU PINANG</value></Data>
        </ExtendedData>
        <Point>
          <coordinates>100.381625,5.4396,0</coordinates>
        </Point>
      </Placemark>
      <Placemark>
        <name>FUN SCAPE@TESCO IPOH KINTA CITY</name>
        <description>2 Jalan Lambu Taman Teh Teng Seng 31400 Ipoh Perak&lt;br/&gt;maimai DX International Version&lt;br/&gt;maimai International official / ALL.Net&lt;br/&gt;&lt;a href="https://location.am-all.net/alm/shop?gm=98&amp;astep=1004&amp;sid=19788&amp;lang=en"&gt;Official detail&lt;/a&gt;</description>
        <styleUrl>#secondary</styleUrl>
        <ExtendedData>
          <Data name="id"><value>intl-1004-19788</value></Data>
          <Data name="area"><value>Malaysia</value></Data>
          <Data name="address"><value>2 Jalan Lambu Taman Teh Teng Seng 31400 Ipoh Perak</value></Data>
        </ExtendedData>
        <Point>
          <coordinates>101.1187446,4.6167149,0</coordinates>
        </Point>
      </Placemark>
      <Placemark>
        <name>FUN SCAPE@TESCO KEPONG</name>
        <description>TESCO KEPONG F1 PLAYLAND JALAN 7A 62A,,52200KEPONG KUALA LUMPUR&lt;br/&gt;maimai DX International Version&lt;br/&gt;maimai International official / ALL.Net&lt;br/&gt;&lt;a href="https://location.am-all.net/alm/shop?gm=98&amp;astep=1004&amp;sid=19797&amp;lang=en"&gt;Official detail&lt;/a&gt;</description>
        <styleUrl>#secondary</styleUrl>
        <ExtendedData>
          <Data name="id"><value>intl-1004-19797</value></Data>
          <Data name="area"><value>Malaysia</value></Data>
          <Data name="address"><value>TESCO KEPONG F1 PLAYLAND JALAN 7A 62A,,52200KEPONG KUALA LUMPUR</value></Data>
        </ExtendedData>
        <Point>
          <coordinates>101.6331696,3.192891,0</coordinates>
        </Point>
      </Placemark>
      <Placemark>
        <name>FUN SCAPE@TESCO MERGONG</name>
        <description>Tesco Mergong jalan Lencong Barat 05050Alorstetar Kedah&lt;br/&gt;maimai DX International Version&lt;br/&gt;maimai International official / ALL.Net&lt;br/&gt;&lt;a href="https://location.am-all.net/alm/shop?gm=98&amp;astep=1004&amp;sid=19789&amp;lang=en"&gt;Official detail&lt;/a&gt;</description>
        <styleUrl>#secondary</styleUrl>
        <ExtendedData>
          <Data name="id"><value>intl-1004-19789</value></Data>
          <Data name="area"><value>Malaysia</value></Data>
          <Data name="address"><value>Tesco Mergong jalan Lencong Barat 05050Alorstetar Kedah</value></Data>
        </ExtendedData>
        <Point>
          <coordinates>100.3425191,6.1287788,0</coordinates>
        </Point>
      </Placemark>
      <Placemark>
        <name>FUN SCAPE@VELOCITY MALL</name>
        <description>3-89 3rd SUNWAY VELOCITY MALL LINGKARAN SV,MALURI KUALA LUMPUR&lt;br/&gt;maimai DX International Version&lt;br/&gt;maimai International official / ALL.Net&lt;br/&gt;&lt;a href="https://location.am-all.net/alm/shop?gm=98&amp;astep=1004&amp;sid=19632&amp;lang=en"&gt;Official detail&lt;/a&gt;</description>
        <styleUrl>#secondary</styleUrl>
        <ExtendedData>
          <Data name="id"><value>intl-1004-19632</value></Data>
          <Data name="area"><value>Malaysia</value></Data>
          <Data name="address"><value>3-89 3rd SUNWAY VELOCITY MALL LINGKARAN SV,MALURI KUALA LUMPUR</value></Data>
        </ExtendedData>
        <Point>
          <coordinates>101.7235836,3.1271212,0</coordinates>
        </Point>
      </Placemark>
      <Placemark>
        <name>INDAH FAMILY CENTRE</name>
        <description>L1-13A-13B, JALAN MANIS 6 TAMANBUKIT SEGAR 56100&lt;br/&gt;maimai DX International Version&lt;br/&gt;maimai International official / ALL.Net&lt;br/&gt;&lt;a href="https://location.am-all.net/alm/shop?gm=98&amp;astep=1004&amp;sid=18586&amp;lang=en"&gt;Official detail&lt;/a&gt;</description>
        <styleUrl>#secondary</styleUrl>
        <ExtendedData>
          <Data name="id"><value>intl-1004-18586</value></Data>
          <Data name="area"><value>Malaysia</value></Data>
          <Data name="address"><value>L1-13A-13B, JALAN MANIS 6 TAMANBUKIT SEGAR 56100</value></Data>
        </ExtendedData>
        <Point>
          <coordinates>101.7424445,3.0889627,0</coordinates>
        </Point>
      </Placemark>
      <Placemark>
        <name>KANGAR JAYA MALL</name>
        <description>Lot 20683, Jalan Kangar Jaya 21, Kangar Jaya, 01000&lt;br/&gt;maimai DX International Version&lt;br/&gt;maimai International official / ALL.Net&lt;br/&gt;&lt;a href="https://location.am-all.net/alm/shop?gm=98&amp;astep=1004&amp;sid=18571&amp;lang=en"&gt;Official detail&lt;/a&gt;</description>
        <styleUrl>#secondary</styleUrl>
        <ExtendedData>
          <Data name="id"><value>intl-1004-18571</value></Data>
          <Data name="area"><value>Malaysia</value></Data>
          <Data name="address"><value>Lot 20683, Jalan Kangar Jaya 21, Kangar Jaya, 01000</value></Data>
        </ExtendedData>
        <Point>
          <coordinates>100.1798182,6.4056062,0</coordinates>
        </Point>
      </Placemark>
      <Placemark>
        <name>MIRI CENTER POINT</name>
        <description>Lv3, Boulevard Shopping Mall,Lot 2528, Blvd Commercial Centre&lt;br/&gt;maimai DX International Version&lt;br/&gt;maimai International official / ALL.Net&lt;br/&gt;&lt;a href="https://location.am-all.net/alm/shop?gm=98&amp;astep=1004&amp;sid=18665&amp;lang=en"&gt;Official detail&lt;/a&gt;</description>
        <styleUrl>#secondary</styleUrl>
        <ExtendedData>
          <Data name="id"><value>intl-1004-18665</value></Data>
          <Data name="area"><value>Malaysia</value></Data>
          <Data name="address"><value>Lv3, Boulevard Shopping Mall,Lot 2528, Blvd Commercial Centre</value></Data>
        </ExtendedData>
        <Point>
          <coordinates>113.0479617,3.2007132,0</coordinates>
        </Point>
      </Placemark>
      <Placemark>
        <name>MOCITY COSMIC PARK</name>
        <description>PT434, PEKAN KLEBANG SEK II, 75200 MELAKA&lt;br/&gt;maimai DX International Version&lt;br/&gt;maimai International official / ALL.Net&lt;br/&gt;&lt;a href="https://location.am-all.net/alm/shop?gm=98&amp;astep=1004&amp;sid=18616&amp;lang=en"&gt;Official detail&lt;/a&gt;</description>
        <styleUrl>#secondary</styleUrl>
        <ExtendedData>
          <Data name="id"><value>intl-1004-18616</value></Data>
          <Data name="area"><value>Malaysia</value></Data>
          <Data name="address"><value>PT434, PEKAN KLEBANG SEK II, 75200 MELAKA</value></Data>
        </ExtendedData>
        <Point>
          <coordinates>102.2165301,2.2103401,0</coordinates>
        </Point>
      </Placemark>
      <Placemark>
        <name>MOLLY FANTASY AEON BANDARAYA MELAKA</name>
        <description>No.2,Jalan Lagenda,Taman 1-Lagenda,75400 Melaka&lt;br/&gt;maimai DX International Version&lt;br/&gt;maimai International official / ALL.Net&lt;br/&gt;&lt;a href="https://location.am-all.net/alm/shop?gm=98&amp;astep=1004&amp;sid=18971&amp;lang=en"&gt;Official detail&lt;/a&gt;</description>
        <styleUrl>#secondary</styleUrl>
        <ExtendedData>
          <Data name="id"><value>intl-1004-18971</value></Data>
          <Data name="area"><value>Malaysia</value></Data>
          <Data name="address"><value>No.2,Jalan Lagenda,Taman 1-Lagenda,75400 Melaka</value></Data>
        </ExtendedData>
        <Point>
          <coordinates>102.2458511,2.2149072,0</coordinates>
        </Point>
      </Placemark>
      <Placemark>
        <name>MOLLY FANTASY AEON BUKIT INDAH</name>
        <description>N0.8,Jalan Indah,15/2,81200 Johor Bahru&lt;br/&gt;maimai DX International Version&lt;br/&gt;maimai International official / ALL.Net&lt;br/&gt;&lt;a href="https://location.am-all.net/alm/shop?gm=98&amp;astep=1004&amp;sid=18970&amp;lang=en"&gt;Official detail&lt;/a&gt;</description>
        <styleUrl>#secondary</styleUrl>
        <ExtendedData>
          <Data name="id"><value>intl-1004-18970</value></Data>
          <Data name="area"><value>Malaysia</value></Data>
          <Data name="address"><value>N0.8,Jalan Indah,15/2,81200 Johor Bahru</value></Data>
        </ExtendedData>
        <Point>
          <coordinates>103.6558436,1.481769,0</coordinates>
        </Point>
      </Placemark>
      <Placemark>
        <name>MOLLY FANTASY AEON BUKIT TINGGI</name>
        <description>N0.1,PersiaranBatuNilam,1/KS6,BandarBukitTinggi2,41200 Klang&lt;br/&gt;maimai DX International Version&lt;br/&gt;maimai International official / ALL.Net&lt;br/&gt;&lt;a href="https://location.am-all.net/alm/shop?gm=98&amp;astep=1004&amp;sid=18969&amp;lang=en"&gt;Official detail&lt;/a&gt;</description>
        <styleUrl>#secondary</styleUrl>
        <ExtendedData>
          <Data name="id"><value>intl-1004-18969</value></Data>
          <Data name="area"><value>Malaysia</value></Data>
          <Data name="address"><value>N0.1,PersiaranBatuNilam,1/KS6,BandarBukitTinggi2,41200 Klang</value></Data>
        </ExtendedData>
        <Point>
          <coordinates>101.490712,2.967008,0</coordinates>
        </Point>
      </Placemark>
      <Placemark>
        <name>MOLLY FANTASY AEON CHERAS SELATAN</name>
        <description>Aras Satu,Lebuh Tun Hussien Onn,43200 Belakong,Selangor&lt;br/&gt;maimai DX International Version&lt;br/&gt;maimai International official / ALL.Net&lt;br/&gt;&lt;a href="https://location.am-all.net/alm/shop?gm=98&amp;astep=1004&amp;sid=18968&amp;lang=en"&gt;Official detail&lt;/a&gt;</description>
        <styleUrl>#secondary</styleUrl>
        <ExtendedData>
          <Data name="id"><value>intl-1004-18968</value></Data>
          <Data name="area"><value>Malaysia</value></Data>
          <Data name="address"><value>Aras Satu,Lebuh Tun Hussien Onn,43200 Belakong,Selangor</value></Data>
        </ExtendedData>
        <Point>
          <coordinates>101.7663284,3.0495442,0</coordinates>
        </Point>
      </Placemark>
      <Placemark>
        <name>MOLLY FANTASY BATU PAHAT MALL</name>
        <description>Batu Pahat Mall,Jalan Kluang,83000 Batu Pahat,Johor&lt;br/&gt;maimai DX International Version&lt;br/&gt;maimai International official / ALL.Net&lt;br/&gt;&lt;a href="https://location.am-all.net/alm/shop?gm=98&amp;astep=1004&amp;sid=18967&amp;lang=en"&gt;Official detail&lt;/a&gt;</description>
        <styleUrl>#secondary</styleUrl>
        <ExtendedData>
          <Data name="id"><value>intl-1004-18967</value></Data>
          <Data name="area"><value>Malaysia</value></Data>
          <Data name="address"><value>Batu Pahat Mall,Jalan Kluang,83000 Batu Pahat,Johor</value></Data>
        </ExtendedData>
        <Point>
          <coordinates>102.9620825,1.8638484,0</coordinates>
        </Point>
      </Placemark>
      <Placemark>
        <name>MOLLY FANTASY IOI MALL PUTRAJAYA</name>
        <description>IOI City Mall,Lebuh IRC,IOI Resort City,62502 Putrajaya Selangor&lt;br/&gt;maimai DX International Version&lt;br/&gt;maimai International official / ALL.Net&lt;br/&gt;&lt;a href="https://location.am-all.net/alm/shop?gm=98&amp;astep=1004&amp;sid=18959&amp;lang=en"&gt;Official detail&lt;/a&gt;</description>
        <styleUrl>#secondary</styleUrl>
        <ExtendedData>
          <Data name="id"><value>intl-1004-18959</value></Data>
          <Data name="area"><value>Malaysia</value></Data>
          <Data name="address"><value>IOI City Mall,Lebuh IRC,IOI Resort City,62502 Putrajaya Selangor</value></Data>
        </ExtendedData>
        <Point>
          <coordinates>101.7136681,2.970663,0</coordinates>
        </Point>
      </Placemark>
      <Placemark>
        <name>MOLLY FANTASY IPOH PARADE</name>
        <description>105,Jalan Sultan Abdul Jalil,Greentown,30450 Ipoh,Perak&lt;br/&gt;maimai DX International Version&lt;br/&gt;maimai International official / ALL.Net&lt;br/&gt;&lt;a href="https://location.am-all.net/alm/shop?gm=98&amp;astep=1004&amp;sid=18966&amp;lang=en"&gt;Official detail&lt;/a&gt;</description>
        <styleUrl>#secondary</styleUrl>
        <ExtendedData>
          <Data name="id"><value>intl-1004-18966</value></Data>
          <Data name="area"><value>Malaysia</value></Data>
          <Data name="address"><value>105,Jalan Sultan Abdul Jalil,Greentown,30450 Ipoh,Perak</value></Data>
        </ExtendedData>
        <Point>
          <coordinates>101.0911448,4.5975025,0</coordinates>
        </Point>
      </Placemark>
      <Placemark>
        <name>MOLLY FANTASY JOHOR BAHRU CITYSQUARE</name>
        <description>Jalan Wong Ah Fook,Bandar JohorBahru,80000 Johor Bahru,Johor&lt;br/&gt;maimai DX International Version&lt;br/&gt;maimai International official / ALL.Net&lt;br/&gt;&lt;a href="https://location.am-all.net/alm/shop?gm=98&amp;astep=1004&amp;sid=18964&amp;lang=en"&gt;Official detail&lt;/a&gt;</description>
        <styleUrl>#secondary</styleUrl>
        <ExtendedData>
          <Data name="id"><value>intl-1004-18964</value></Data>
          <Data name="area"><value>Malaysia</value></Data>
          <Data name="address"><value>Jalan Wong Ah Fook,Bandar JohorBahru,80000 Johor Bahru,Johor</value></Data>
        </ExtendedData>
        <Point>
          <coordinates>103.7637332,1.4612219,0</coordinates>
        </Point>
      </Placemark>
      <Placemark>
        <name>MOLLY FANTASY METRO PRIMA</name>
        <description>No.1,Jalan Metro Prima,Kepong,52100 Kuala Lumpur&lt;br/&gt;maimai DX International Version&lt;br/&gt;maimai International official / ALL.Net&lt;br/&gt;&lt;a href="https://location.am-all.net/alm/shop?gm=98&amp;astep=1004&amp;sid=18963&amp;lang=en"&gt;Official detail&lt;/a&gt;</description>
        <styleUrl>#secondary</styleUrl>
        <ExtendedData>
          <Data name="id"><value>intl-1004-18963</value></Data>
          <Data name="area"><value>Malaysia</value></Data>
          <Data name="address"><value>No.1,Jalan Metro Prima,Kepong,52100 Kuala Lumpur</value></Data>
        </ExtendedData>
        <Point>
          <coordinates>101.6372065,3.2138818,0</coordinates>
        </Point>
      </Placemark>
      <Placemark>
        <name>MOLLY FANTASY MID VALLEY</name>
        <description>AT3,Mid Valley Megamall,Mid Valley City,58000 Kuala Lumpur&lt;br/&gt;maimai DX International Version&lt;br/&gt;maimai International official / ALL.Net&lt;br/&gt;&lt;a href="https://location.am-all.net/alm/shop?gm=98&amp;astep=1004&amp;sid=18962&amp;lang=en"&gt;Official detail&lt;/a&gt;</description>
        <styleUrl>#secondary</styleUrl>
        <ExtendedData>
          <Data name="id"><value>intl-1004-18962</value></Data>
          <Data name="area"><value>Malaysia</value></Data>
          <Data name="address"><value>AT3,Mid Valley Megamall,Mid Valley City,58000 Kuala Lumpur</value></Data>
        </ExtendedData>
        <Point>
          <coordinates>101.6774777,3.1176991,0</coordinates>
        </Point>
      </Placemark>
      <Placemark>
        <name>MOLLY FANTASY MY TOWN CHERAS</name>
        <description>N0.6 Jalan Cochrane,Seksyen 90,55100 Kuala Lumpur&lt;br/&gt;maimai DX International Version&lt;br/&gt;maimai International official / ALL.Net&lt;br/&gt;&lt;a href="https://location.am-all.net/alm/shop?gm=98&amp;astep=1004&amp;sid=18953&amp;lang=en"&gt;Official detail&lt;/a&gt;</description>
        <styleUrl>#secondary</styleUrl>
        <ExtendedData>
          <Data name="id"><value>intl-1004-18953</value></Data>
          <Data name="area"><value>Malaysia</value></Data>
          <Data name="address"><value>N0.6 Jalan Cochrane,Seksyen 90,55100 Kuala Lumpur</value></Data>
        </ExtendedData>
        <Point>
          <coordinates>101.722742,3.1348713,0</coordinates>
        </Point>
      </Placemark>
      <Placemark>
        <name>MOLLY FANTASY QUEENS BAY</name>
        <description>Sungai Nimbong,11900 Bayan Lepas,Pulau Pinang&lt;br/&gt;maimai DX International Version&lt;br/&gt;maimai International official / ALL.Net&lt;br/&gt;&lt;a href="https://location.am-all.net/alm/shop?gm=98&amp;astep=1004&amp;sid=18958&amp;lang=en"&gt;Official detail&lt;/a&gt;</description>
        <styleUrl>#secondary</styleUrl>
        <ExtendedData>
          <Data name="id"><value>intl-1004-18958</value></Data>
          <Data name="area"><value>Malaysia</value></Data>
          <Data name="address"><value>Sungai Nimbong,11900 Bayan Lepas,Pulau Pinang</value></Data>
        </ExtendedData>
        <Point>
          <coordinates>100.2768388,5.3130725,0</coordinates>
        </Point>
      </Placemark>
      <Placemark>
        <name>MOLLY FANTASY SEREMBAN2</name>
        <description>Aeon Seremban 2 Shopping Centre,112,Persiaran S2B1&lt;br/&gt;maimai DX International Version&lt;br/&gt;maimai International official / ALL.Net&lt;br/&gt;&lt;a href="https://location.am-all.net/alm/shop?gm=98&amp;astep=1004&amp;sid=18960&amp;lang=en"&gt;Official detail&lt;/a&gt;</description>
        <styleUrl>#secondary</styleUrl>
        <ExtendedData>
          <Data name="id"><value>intl-1004-18960</value></Data>
          <Data name="area"><value>Malaysia</value></Data>
          <Data name="address"><value>Aeon Seremban 2 Shopping Centre,112,Persiaran S2B1</value></Data>
        </ExtendedData>
        <Point>
          <coordinates>101.9119475,2.7013839,0</coordinates>
        </Point>
      </Placemark>
      <Placemark>
        <name>MOLLY FANTASY SETIA CITY MALL</name>
        <description>Bandar Setia Alam,Seksyen U13,40170 Shah Alam&lt;br/&gt;maimai DX International Version&lt;br/&gt;maimai International official / ALL.Net&lt;br/&gt;&lt;a href="https://location.am-all.net/alm/shop?gm=98&amp;astep=1004&amp;sid=18957&amp;lang=en"&gt;Official detail&lt;/a&gt;</description>
        <styleUrl>#secondary</styleUrl>
        <ExtendedData>
          <Data name="id"><value>intl-1004-18957</value></Data>
          <Data name="area"><value>Malaysia</value></Data>
          <Data name="address"><value>Bandar Setia Alam,Seksyen U13,40170 Shah Alam</value></Data>
        </ExtendedData>
        <Point>
          <coordinates>101.4455208,3.0946288,0</coordinates>
        </Point>
      </Placemark>
      <Placemark>
        <name>MOLLY FANTASY SHAH ALAM</name>
        <description>13/64,Persiaran Akuatik,Seksyen13,40100 Shah Alam,Selangor&lt;br/&gt;maimai DX International Version&lt;br/&gt;maimai International official / ALL.Net&lt;br/&gt;&lt;a href="https://location.am-all.net/alm/shop?gm=98&amp;astep=1004&amp;sid=18956&amp;lang=en"&gt;Official detail&lt;/a&gt;</description>
        <styleUrl>#secondary</styleUrl>
        <ExtendedData>
          <Data name="id"><value>intl-1004-18956</value></Data>
          <Data name="area"><value>Malaysia</value></Data>
          <Data name="address"><value>13/64,Persiaran Akuatik,Seksyen13,40100 Shah Alam,Selangor</value></Data>
        </ExtendedData>
        <Point>
          <coordinates>101.5391023,3.0725063,0</coordinates>
        </Point>
      </Placemark>
      <Placemark>
        <name>MOLLYFANTASY LALAPORT</name>
        <description>2, Jln Hang Tuah, Bukit Bintang, 55100 Kuala Lumpur&lt;br/&gt;maimai DX International Version&lt;br/&gt;maimai International official / ALL.Net&lt;br/&gt;&lt;a href="https://location.am-all.net/alm/shop?gm=98&amp;astep=1004&amp;sid=18621&amp;lang=en"&gt;Official detail&lt;/a&gt;</description>
        <styleUrl>#secondary</styleUrl>
        <ExtendedData>
          <Data name="id"><value>intl-1004-18621</value></Data>
          <Data name="area"><value>Malaysia</value></Data>
          <Data name="address"><value>2, Jln Hang Tuah, Bukit Bintang, 55100 Kuala Lumpur</value></Data>
        </ExtendedData>
        <Point>
          <coordinates>101.7067294,3.1402822,0</coordinates>
        </Point>
      </Placemark>
      <Placemark>
        <name>NEXTGEN</name>
        <description>1 Utama Shopping Centre,CentralPark Avenue,Bandar Utama,47800&lt;br/&gt;maimai DX International Version&lt;br/&gt;maimai International official / ALL.Net&lt;br/&gt;&lt;a href="https://location.am-all.net/alm/shop?gm=98&amp;astep=1004&amp;sid=19002&amp;lang=en"&gt;Official detail&lt;/a&gt;</description>
        <styleUrl>#secondary</styleUrl>
        <ExtendedData>
          <Data name="id"><value>intl-1004-19002</value></Data>
          <Data name="area"><value>Malaysia</value></Data>
          <Data name="address"><value>1 Utama Shopping Centre,CentralPark Avenue,Bandar Utama,47800</value></Data>
        </ExtendedData>
        <Point>
          <coordinates>101.6161328,3.1489857,0</coordinates>
        </Point>
      </Placemark>
      <Placemark>
        <name>PALO AEON Mall Tebrau City</name>
        <description>S106,No1,Jalan Desa Tebrau,Taman Desa Tebrau,81100,Johor Bahru&lt;br/&gt;maimai DX International Version&lt;br/&gt;maimai International official / ALL.Net&lt;br/&gt;&lt;a href="https://location.am-all.net/alm/shop?gm=98&amp;astep=1004&amp;sid=20405&amp;lang=en"&gt;Official detail&lt;/a&gt;</description>
        <styleUrl>#secondary</styleUrl>
        <ExtendedData>
          <Data name="id"><value>intl-1004-20405</value></Data>
          <Data name="area"><value>Malaysia</value></Data>
          <Data name="address"><value>S106,No1,Jalan Desa Tebrau,Taman Desa Tebrau,81100,Johor Bahru</value></Data>
        </ExtendedData>
        <Point>
          <coordinates>103.7959769,1.5492476,0</coordinates>
        </Point>
      </Placemark>
      <Placemark>
        <name>PALO BANDAR PUCHONG</name>
        <description>BATU 9,JALAN PUCHONG,BANDAR PUCHONG JAYA,47170 PUCHONG,SELANGOR&lt;br/&gt;maimai DX International Version&lt;br/&gt;maimai International official / ALL.Net&lt;br/&gt;&lt;a href="https://location.am-all.net/alm/shop?gm=98&amp;astep=1004&amp;sid=18955&amp;lang=en"&gt;Official detail&lt;/a&gt;</description>
        <styleUrl>#secondary</styleUrl>
        <ExtendedData>
          <Data name="id"><value>intl-1004-18955</value></Data>
          <Data name="area"><value>Malaysia</value></Data>
          <Data name="address"><value>BATU 9,JALAN PUCHONG,BANDAR PUCHONG JAYA,47170 PUCHONG,SELANGOR</value></Data>
        </ExtendedData>
        <Point>
          <coordinates>101.6480663,3.0631571,0</coordinates>
        </Point>
      </Placemark>
      <Placemark>
        <name>PALO Central i-City</name>
        <description>L4-18,Persiaran Multimedia,Seksyen 7,40000 Shah Alam,Selangor&lt;br/&gt;maimai DX International Version&lt;br/&gt;maimai International official / ALL.Net&lt;br/&gt;&lt;a href="https://location.am-all.net/alm/shop?gm=98&amp;astep=1004&amp;sid=19040&amp;lang=en"&gt;Official detail&lt;/a&gt;</description>
        <styleUrl>#secondary</styleUrl>
        <ExtendedData>
          <Data name="id"><value>intl-1004-19040</value></Data>
          <Data name="area"><value>Malaysia</value></Data>
          <Data name="address"><value>L4-18,Persiaran Multimedia,Seksyen 7,40000 Shah Alam,Selangor</value></Data>
        </ExtendedData>
        <Point>
          <coordinates>101.4832435,3.0642848,0</coordinates>
        </Point>
      </Placemark>
      <Placemark>
        <name>PALO MidValley Southkey</name>
        <description>Lot S-012, Jalan Bakar Batu, Southkey, 81100 Johor Bahru, Johor.&lt;br/&gt;maimai DX International Version&lt;br/&gt;maimai International official / ALL.Net&lt;br/&gt;&lt;a href="https://location.am-all.net/alm/shop?gm=98&amp;astep=1004&amp;sid=19038&amp;lang=en"&gt;Official detail&lt;/a&gt;</description>
        <styleUrl>#secondary</styleUrl>
        <ExtendedData>
          <Data name="id"><value>intl-1004-19038</value></Data>
          <Data name="area"><value>Malaysia</value></Data>
          <Data name="address"><value>Lot S-012, Jalan Bakar Batu, Southkey, 81100 Johor Bahru, Johor.</value></Data>
        </ExtendedData>
        <Point>
          <coordinates>103.7795205,1.4960442,0</coordinates>
        </Point>
      </Placemark>
      <Placemark>
        <name>PALO QUAYSIDE MALL</name>
        <description>1F12, Lv1, QuaysideMall, GamudaKemuning, 25.7 Persiaran Freesia&lt;br/&gt;maimai DX International Version&lt;br/&gt;maimai International official / ALL.Net&lt;br/&gt;&lt;a href="https://location.am-all.net/alm/shop?gm=98&amp;astep=1004&amp;sid=18683&amp;lang=en"&gt;Official detail&lt;/a&gt;</description>
        <styleUrl>#secondary</styleUrl>
        <ExtendedData>
          <Data name="id"><value>intl-1004-18683</value></Data>
          <Data name="area"><value>Malaysia</value></Data>
          <Data name="address"><value>1F12, Lv1, QuaysideMall, GamudaKemuning, 25.7 Persiaran Freesia</value></Data>
        </ExtendedData>
        <Point>
          <coordinates>101.5536023,2.9568618,0</coordinates>
        </Point>
      </Placemark>
      <Placemark>
        <name>PALO TAMAN MALURI</name>
        <description>Lot T-03, Jalan Jejaka, Maluri,55100 Cheras&lt;br/&gt;maimai DX International Version&lt;br/&gt;maimai International official / ALL.Net&lt;br/&gt;&lt;a href="https://location.am-all.net/alm/shop?gm=98&amp;astep=1004&amp;sid=18568&amp;lang=en"&gt;Official detail&lt;/a&gt;</description>
        <styleUrl>#secondary</styleUrl>
        <ExtendedData>
          <Data name="id"><value>intl-1004-18568</value></Data>
          <Data name="area"><value>Malaysia</value></Data>
          <Data name="address"><value>Lot T-03, Jalan Jejaka, Maluri,55100 Cheras</value></Data>
        </ExtendedData>
        <Point>
          <coordinates>101.7322692,3.1275076,0</coordinates>
        </Point>
      </Placemark>
      <Placemark>
        <name>PEARL POINT FUN CAR STREET</name>
        <description>PEARL POINT SHOPPING MALL1,JLN KLANG LAMA PJS6 58000 KUALALUMPUR&lt;br/&gt;maimai DX International Version&lt;br/&gt;maimai International official / ALL.Net&lt;br/&gt;&lt;a href="https://location.am-all.net/alm/shop?gm=98&amp;astep=1004&amp;sid=18630&amp;lang=en"&gt;Official detail&lt;/a&gt;</description>
        <styleUrl>#secondary</styleUrl>
        <ExtendedData>
          <Data name="id"><value>intl-1004-18630</value></Data>
          <Data name="area"><value>Malaysia</value></Data>
          <Data name="address"><value>PEARL POINT SHOPPING MALL1,JLN KLANG LAMA PJS6 58000 KUALALUMPUR</value></Data>
        </ExtendedData>
        <Point>
          <coordinates>101.6736371,3.0855848,0</coordinates>
        </Point>
      </Placemark>
      <Placemark>
        <name>THE SPRING BINTULU(SARAWAK)</name>
        <description>Lot F53,1st Floor,The Spring Bintulu,97000 Bintulu,Sarawak&lt;br/&gt;maimai DX International Version&lt;br/&gt;maimai International official / ALL.Net&lt;br/&gt;&lt;a href="https://location.am-all.net/alm/shop?gm=98&amp;astep=1004&amp;sid=18961&amp;lang=en"&gt;Official detail&lt;/a&gt;</description>
        <styleUrl>#secondary</styleUrl>
        <ExtendedData>
          <Data name="id"><value>intl-1004-18961</value></Data>
          <Data name="area"><value>Malaysia</value></Data>
          <Data name="address"><value>Lot F53,1st Floor,The Spring Bintulu,97000 Bintulu,Sarawak</value></Data>
        </ExtendedData>
        <Point>
          <coordinates>113.034922,3.1811596,0</coordinates>
        </Point>
      </Placemark>
      <Placemark>
        <name>TINY MOLLY AMANJAYA MALL</name>
        <description>2F-01, Amanjaya, 1, Jalan Badlishah, Bandar Amanjaya,08000&lt;br/&gt;maimai DX International Version&lt;br/&gt;maimai International official / ALL.Net&lt;br/&gt;&lt;a href="https://location.am-all.net/alm/shop?gm=98&amp;astep=1004&amp;sid=18572&amp;lang=en"&gt;Official detail&lt;/a&gt;</description>
        <styleUrl>#secondary</styleUrl>
        <ExtendedData>
          <Data name="id"><value>intl-1004-18572</value></Data>
          <Data name="area"><value>Malaysia</value></Data>
          <Data name="address"><value>2F-01, Amanjaya, 1, Jalan Badlishah, Bandar Amanjaya,08000</value></Data>
        </ExtendedData>
        <Point>
          <coordinates>100.5039513,5.6617112,0</coordinates>
        </Point>
      </Placemark>
      <Placemark>
        <name>TINY MOLLY KLUANG MALL</name>
        <description>Level 2 Kluang Mall,Jalan Rambutan,Taman Suria 86000 Kluang&lt;br/&gt;maimai DX International Version&lt;br/&gt;maimai International official / ALL.Net&lt;br/&gt;&lt;a href="https://location.am-all.net/alm/shop?gm=98&amp;astep=1004&amp;sid=18573&amp;lang=en"&gt;Official detail&lt;/a&gt;</description>
        <styleUrl>#secondary</styleUrl>
        <ExtendedData>
          <Data name="id"><value>intl-1004-18573</value></Data>
          <Data name="area"><value>Malaysia</value></Data>
          <Data name="address"><value>Level 2 Kluang Mall,Jalan Rambutan,Taman Suria 86000 Kluang</value></Data>
        </ExtendedData>
        <Point>
          <coordinates>103.3205798,2.0400737,0</coordinates>
        </Point>
      </Placemark>
      <Placemark>
        <name>VISION CITY VIDEO GAMES PARK</name>
        <description>VisonCityVideoGamesPark,ResortsWorldGenting,69000,Pahang Darul M&lt;br/&gt;maimai DX International Version&lt;br/&gt;maimai International official / ALL.Net&lt;br/&gt;&lt;a href="https://location.am-all.net/alm/shop?gm=98&amp;astep=1004&amp;sid=19787&amp;lang=en"&gt;Official detail&lt;/a&gt;</description>
        <styleUrl>#secondary</styleUrl>
        <ExtendedData>
          <Data name="id"><value>intl-1004-19787</value></Data>
          <Data name="area"><value>Malaysia</value></Data>
          <Data name="address"><value>VisonCityVideoGamesPark,ResortsWorldGenting,69000,Pahang Darul M</value></Data>
        </ExtendedData>
        <Point>
          <coordinates>101.792679,3.423871,0</coordinates>
        </Point>
      </Placemark>
    </Folder>
    <Folder>
      <name>Myanmar</name>
      <Placemark>
        <name>ALIBABA 3</name>
        <description>E 206, 2ND, MYANMAR CENTER, KABAAYE PAGODA ROAD, BAHAN,YANGON&lt;br/&gt;maimai DX International Version&lt;br/&gt;maimai International official / ALL.Net&lt;br/&gt;&lt;a href="https://location.am-all.net/alm/shop?gm=98&amp;astep=1013&amp;sid=19697&amp;lang=en"&gt;Official detail&lt;/a&gt;</description>
        <styleUrl>#secondary</styleUrl>
        <ExtendedData>
          <Data name="id"><value>intl-1013-19697</value></Data>
          <Data name="area"><value>Myanmar</value></Data>
          <Data name="address"><value>E 206, 2ND, MYANMAR CENTER, KABAAYE PAGODA ROAD, BAHAN,YANGON</value></Data>
        </ExtendedData>
        <Point>
          <coordinates>96.1559192,16.8152865,0</coordinates>
        </Point>
      </Placemark>
      <Placemark>
        <name>ALIBABA 4</name>
        <description>3RD FLOOR, JUNCTION SQUARE, KAMARYUT, YANGON&lt;br/&gt;maimai DX International Version&lt;br/&gt;maimai International official / ALL.Net&lt;br/&gt;&lt;a href="https://location.am-all.net/alm/shop?gm=98&amp;astep=1013&amp;sid=19696&amp;lang=en"&gt;Official detail&lt;/a&gt;</description>
        <styleUrl>#secondary</styleUrl>
        <ExtendedData>
          <Data name="id"><value>intl-1013-19696</value></Data>
          <Data name="area"><value>Myanmar</value></Data>
          <Data name="address"><value>3RD FLOOR, JUNCTION SQUARE, KAMARYUT, YANGON</value></Data>
        </ExtendedData>
        <Point>
          <coordinates>96.130712,16.8171212,0</coordinates>
        </Point>
      </Placemark>
      <Placemark>
        <name>ALIBABA 5</name>
        <description>3RD FLOOR, GAMONE PWINT CENTER,, YANGON&lt;br/&gt;maimai DX International Version&lt;br/&gt;maimai International official / ALL.Net&lt;br/&gt;&lt;a href="https://location.am-all.net/alm/shop?gm=98&amp;astep=1013&amp;sid=19695&amp;lang=en"&gt;Official detail&lt;/a&gt;</description>
        <styleUrl>#secondary</styleUrl>
        <ExtendedData>
          <Data name="id"><value>intl-1013-19695</value></Data>
          <Data name="area"><value>Myanmar</value></Data>
          <Data name="address"><value>3RD FLOOR, GAMONE PWINT CENTER,, YANGON</value></Data>
        </ExtendedData>
        <Point>
          <coordinates>96.173526,16.840939,0</coordinates>
        </Point>
      </Placemark>
      <Placemark>
        <name>ALIBABA 7</name>
        <description>4TH FLOOR, JUNCTION CITY, PABEDAN TOWNSHIP,YANGON&lt;br/&gt;maimai DX International Version&lt;br/&gt;maimai International official / ALL.Net&lt;br/&gt;&lt;a href="https://location.am-all.net/alm/shop?gm=98&amp;astep=1013&amp;sid=19694&amp;lang=en"&gt;Official detail&lt;/a&gt;</description>
        <styleUrl>#secondary</styleUrl>
        <ExtendedData>
          <Data name="id"><value>intl-1013-19694</value></Data>
          <Data name="area"><value>Myanmar</value></Data>
          <Data name="address"><value>4TH FLOOR, JUNCTION CITY, PABEDAN TOWNSHIP,YANGON</value></Data>
        </ExtendedData>
        <Point>
          <coordinates>96.1543205,16.7790825,0</coordinates>
        </Point>
      </Placemark>
      <Placemark>
        <name>ALIBABA 8 (KANTHARYAR)</name>
        <description>Kan Yeik Thar Rd, &amp; U Aung MyatRd&lt;br/&gt;maimai DX International Version&lt;br/&gt;maimai International official / ALL.Net&lt;br/&gt;&lt;a href="https://location.am-all.net/alm/shop?gm=98&amp;astep=1013&amp;sid=18515&amp;lang=en"&gt;Official detail&lt;/a&gt;</description>
        <styleUrl>#secondary</styleUrl>
        <ExtendedData>
          <Data name="id"><value>intl-1013-18515</value></Data>
          <Data name="area"><value>Myanmar</value></Data>
          <Data name="address"><value>Kan Yeik Thar Rd, &amp; U Aung MyatRd</value></Data>
        </ExtendedData>
        <Point>
          <coordinates>96.1643433,16.7934568,0</coordinates>
        </Point>
      </Placemark>
      <Placemark>
        <name>ARCADE HERO 2</name>
        <description>Kyaik Waing Pagoda Rd, Yangon&lt;br/&gt;maimai DX International Version&lt;br/&gt;maimai International official / ALL.Net&lt;br/&gt;&lt;a href="https://location.am-all.net/alm/shop?gm=98&amp;astep=1013&amp;sid=18434&amp;lang=en"&gt;Official detail&lt;/a&gt;</description>
        <styleUrl>#secondary</styleUrl>
        <ExtendedData>
          <Data name="id"><value>intl-1013-18434</value></Data>
          <Data name="area"><value>Myanmar</value></Data>
          <Data name="address"><value>Kyaik Waing Pagoda Rd, Yangon</value></Data>
        </ExtendedData>
        <Point>
          <coordinates>96.1322044,16.8666242,0</coordinates>
        </Point>
      </Placemark>
      <Placemark>
        <name>GAZE AMUSEMENT</name>
        <description>4th Floor, City Square Center, TaungGyi, Shan State&lt;br/&gt;maimai DX International Version&lt;br/&gt;maimai International official / ALL.Net&lt;br/&gt;&lt;a href="https://location.am-all.net/alm/shop?gm=98&amp;astep=1013&amp;sid=19659&amp;lang=en"&gt;Official detail&lt;/a&gt;</description>
        <styleUrl>#secondary</styleUrl>
        <ExtendedData>
          <Data name="id"><value>intl-1013-19659</value></Data>
          <Data name="area"><value>Myanmar</value></Data>
          <Data name="address"><value>4th Floor, City Square Center, TaungGyi, Shan State</value></Data>
        </ExtendedData>
        <Point>
          <coordinates>97.036497,20.7832527,0</coordinates>
        </Point>
      </Placemark>
      <Placemark>
        <name>THE MOVE(ALIBABA)</name>
        <description>73 Street, Between 105 x 107, Chan Mya Thar Si Township&lt;br/&gt;maimai DX International Version&lt;br/&gt;maimai International official / ALL.Net&lt;br/&gt;&lt;a href="https://location.am-all.net/alm/shop?gm=98&amp;astep=1013&amp;sid=19187&amp;lang=en"&gt;Official detail&lt;/a&gt;</description>
        <styleUrl>#secondary</styleUrl>
        <ExtendedData>
          <Data name="id"><value>intl-1013-19187</value></Data>
          <Data name="area"><value>Myanmar</value></Data>
          <Data name="address"><value>73 Street, Between 105 x 107, Chan Mya Thar Si Township</value></Data>
        </ExtendedData>
        <Point>
          <coordinates>96.0935648,21.9427482,0</coordinates>
        </Point>
      </Placemark>
    </Folder>
    <Folder>
      <name>New Zealand</name>
      <Placemark>
        <name>GAME ON</name>
        <description>SKY WORLD 291 QUEEN ST, AUCKLANDNEW ZEALAND&lt;br/&gt;maimai DX International Version&lt;br/&gt;maimai International official / ALL.Net&lt;br/&gt;&lt;a href="https://location.am-all.net/alm/shop?gm=98&amp;astep=1014&amp;sid=18670&amp;lang=en"&gt;Official detail&lt;/a&gt;</description>
        <styleUrl>#secondary</styleUrl>
        <ExtendedData>
          <Data name="id"><value>intl-1014-18670</value></Data>
          <Data name="area"><value>New Zealand</value></Data>
          <Data name="address"><value>SKY WORLD 291 QUEEN ST, AUCKLANDNEW ZEALAND</value></Data>
        </ExtendedData>
        <Point>
          <coordinates>174.7630544,-36.8522849,0</coordinates>
        </Point>
      </Placemark>
      <Placemark>
        <name>TIMEZONE AUCKLAND CBD</name>
        <description>280 Queen Street, Auckland CBD 1010&lt;br/&gt;maimai DX International Version&lt;br/&gt;maimai International official / ALL.Net&lt;br/&gt;&lt;a href="https://location.am-all.net/alm/shop?gm=98&amp;astep=1014&amp;sid=18600&amp;lang=en"&gt;Official detail&lt;/a&gt;</description>
        <styleUrl>#secondary</styleUrl>
        <ExtendedData>
          <Data name="id"><value>intl-1014-18600</value></Data>
          <Data name="area"><value>New Zealand</value></Data>
          <Data name="address"><value>280 Queen Street, Auckland CBD 1010</value></Data>
        </ExtendedData>
        <Point>
          <coordinates>174.7651334,-36.8504527,0</coordinates>
        </Point>
      </Placemark>
      <Placemark>
        <name>TIMEZONE BASE</name>
        <description>Cnr Te Rapa and Wairere Drive, Hamilton, 3200&lt;br/&gt;maimai DX International Version&lt;br/&gt;maimai International official / ALL.Net&lt;br/&gt;&lt;a href="https://location.am-all.net/alm/shop?gm=98&amp;astep=1014&amp;sid=18744&amp;lang=en"&gt;Official detail&lt;/a&gt;</description>
        <styleUrl>#secondary</styleUrl>
        <ExtendedData>
          <Data name="id"><value>intl-1014-18744</value></Data>
          <Data name="area"><value>New Zealand</value></Data>
          <Data name="address"><value>Cnr Te Rapa and Wairere Drive, Hamilton, 3200</value></Data>
        </ExtendedData>
        <Point>
          <coordinates>175.2370975,-37.7500441,0</coordinates>
        </Point>
      </Placemark>
      <Placemark>
        <name>TIMEZONE COURTENAY PLACE</name>
        <description>60 Courtenay Place Wellington 6011 New Zealand&lt;br/&gt;maimai DX International Version&lt;br/&gt;maimai International official / ALL.Net&lt;br/&gt;&lt;a href="https://location.am-all.net/alm/shop?gm=98&amp;astep=1014&amp;sid=18668&amp;lang=en"&gt;Official detail&lt;/a&gt;</description>
        <styleUrl>#secondary</styleUrl>
        <ExtendedData>
          <Data name="id"><value>intl-1014-18668</value></Data>
          <Data name="area"><value>New Zealand</value></Data>
          <Data name="address"><value>60 Courtenay Place Wellington 6011 New Zealand</value></Data>
        </ExtendedData>
        <Point>
          <coordinates>174.7810472,-41.2932178,0</coordinates>
        </Point>
      </Placemark>
      <Placemark>
        <name>TIMEZONE NEW MARKET</name>
        <description>135-141 Broadway, Newmarket, Auckland 1023&lt;br/&gt;maimai DX International Version&lt;br/&gt;maimai International official / ALL.Net&lt;br/&gt;&lt;a href="https://location.am-all.net/alm/shop?gm=98&amp;astep=1014&amp;sid=18930&amp;lang=en"&gt;Official detail&lt;/a&gt;</description>
        <styleUrl>#secondary</styleUrl>
        <ExtendedData>
          <Data name="id"><value>intl-1014-18930</value></Data>
          <Data name="area"><value>New Zealand</value></Data>
          <Data name="address"><value>135-141 Broadway, Newmarket, Auckland 1023</value></Data>
        </ExtendedData>
        <Point>
          <coordinates>174.7778716,-36.8682537,0</coordinates>
        </Point>
      </Placemark>
      <Placemark>
        <name>TIMEZONE PALMERSTON SQUARE</name>
        <description>113-116 The Square, Palmerston North Central,&lt;br/&gt;maimai DX International Version&lt;br/&gt;maimai International official / ALL.Net&lt;br/&gt;&lt;a href="https://location.am-all.net/alm/shop?gm=98&amp;astep=1014&amp;sid=18641&amp;lang=en"&gt;Official detail&lt;/a&gt;</description>
        <styleUrl>#secondary</styleUrl>
        <ExtendedData>
          <Data name="id"><value>intl-1014-18641</value></Data>
          <Data name="area"><value>New Zealand</value></Data>
          <Data name="address"><value>113-116 The Square, Palmerston North Central,</value></Data>
        </ExtendedData>
        <Point>
          <coordinates>175.6120897,-40.3551336,0</coordinates>
        </Point>
      </Placemark>
      <Placemark>
        <name>TIMEZONE RICCARTON</name>
        <description>Westfield Riccarton, Rotherham Street, 8041,NZ&lt;br/&gt;maimai DX International Version&lt;br/&gt;maimai International official / ALL.Net&lt;br/&gt;&lt;a href="https://location.am-all.net/alm/shop?gm=98&amp;astep=1014&amp;sid=19482&amp;lang=en"&gt;Official detail&lt;/a&gt;</description>
        <styleUrl>#secondary</styleUrl>
        <ExtendedData>
          <Data name="id"><value>intl-1014-19482</value></Data>
          <Data name="area"><value>New Zealand</value></Data>
          <Data name="address"><value>Westfield Riccarton, Rotherham Street, 8041,NZ</value></Data>
        </ExtendedData>
        <Point>
          <coordinates>172.600566,-43.5314421,0</coordinates>
        </Point>
      </Placemark>
      <Placemark>
        <name>TIMEZONE ROTORUA CENTRAL</name>
        <description>Timezone Rotorua Central, R1/21Victoria Street, Victoria,&lt;br/&gt;maimai DX International Version&lt;br/&gt;maimai International official / ALL.Net&lt;br/&gt;&lt;a href="https://location.am-all.net/alm/shop?gm=98&amp;astep=1014&amp;sid=18401&amp;lang=en"&gt;Official detail&lt;/a&gt;</description>
        <styleUrl>#secondary</styleUrl>
        <ExtendedData>
          <Data name="id"><value>intl-1014-18401</value></Data>
          <Data name="area"><value>New Zealand</value></Data>
          <Data name="address"><value>Timezone Rotorua Central, R1/21Victoria Street, Victoria,</value></Data>
        </ExtendedData>
        <Point>
          <coordinates>176.2377669,-38.1445987,0</coordinates>
        </Point>
      </Placemark>
      <Placemark>
        <name>ZONE BOWLING BOTANY</name>
        <description>500A Ti Rakau Drive, Botany Downs, Auckland 2013&lt;br/&gt;maimai DX International Version&lt;br/&gt;maimai International official / ALL.Net&lt;br/&gt;&lt;a href="https://location.am-all.net/alm/shop?gm=98&amp;astep=1014&amp;sid=18931&amp;lang=en"&gt;Official detail&lt;/a&gt;</description>
        <styleUrl>#secondary</styleUrl>
        <ExtendedData>
          <Data name="id"><value>intl-1014-18931</value></Data>
          <Data name="area"><value>New Zealand</value></Data>
          <Data name="address"><value>500A Ti Rakau Drive, Botany Downs, Auckland 2013</value></Data>
        </ExtendedData>
        <Point>
          <coordinates>174.9135593,-36.9280682,0</coordinates>
        </Point>
      </Placemark>
      <Placemark>
        <name>ZONE BOWLING MANUKAU</name>
        <description>2/55 Lambie Drive, Manukau CityCentre, Auckland 2104&lt;br/&gt;maimai DX International Version&lt;br/&gt;maimai International official / ALL.Net&lt;br/&gt;&lt;a href="https://location.am-all.net/alm/shop?gm=98&amp;astep=1014&amp;sid=18932&amp;lang=en"&gt;Official detail&lt;/a&gt;</description>
        <styleUrl>#secondary</styleUrl>
        <ExtendedData>
          <Data name="id"><value>intl-1014-18932</value></Data>
          <Data name="area"><value>New Zealand</value></Data>
          <Data name="address"><value>2/55 Lambie Drive, Manukau CityCentre, Auckland 2104</value></Data>
        </ExtendedData>
        <Point>
          <coordinates>174.8714181,-36.9928442,0</coordinates>
        </Point>
      </Placemark>
    </Folder>
    <Folder>
      <name>North America</name>
      <Placemark>
        <name>2ND LOOP ARCADE</name>
        <description>18529 s western gardena ca 90248&lt;br/&gt;maimai DX International Version&lt;br/&gt;maimai International official / ALL.Net&lt;br/&gt;&lt;a href="https://location.am-all.net/alm/shop?gm=98&amp;astep=1009&amp;sid=18497&amp;lang=en"&gt;Official detail&lt;/a&gt;</description>
        <styleUrl>#secondary</styleUrl>
        <ExtendedData>
          <Data name="id"><value>intl-1009-18497</value></Data>
          <Data name="area"><value>North America</value></Data>
          <Data name="address"><value>18529 s western gardena ca 90248</value></Data>
        </ExtendedData>
        <Point>
          <coordinates>-118.3098189,33.8626797,0</coordinates>
        </Point>
      </Placemark>
      <Placemark>
        <name>ARCADE MONSTERS</name>
        <description>6362 INTERNATIONAL DR ORLANDO FL 32819&lt;br/&gt;maimai DX International Version&lt;br/&gt;maimai International official / ALL.Net&lt;br/&gt;&lt;a href="https://location.am-all.net/alm/shop?gm=98&amp;astep=1009&amp;sid=18390&amp;lang=en"&gt;Official detail&lt;/a&gt;</description>
        <styleUrl>#secondary</styleUrl>
        <ExtendedData>
          <Data name="id"><value>intl-1009-18390</value></Data>
          <Data name="area"><value>North America</value></Data>
          <Data name="address"><value>6362 INTERNATIONAL DR ORLANDO FL 32819</value></Data>
        </ExtendedData>
        <Point>
          <coordinates>-81.4683551,28.4596379,0</coordinates>
        </Point>
      </Placemark>
      <Placemark>
        <name>ARCADE TIME ENTERTAINMENT ORLANDO</name>
        <description>6464 International Drive Orlando FL 32819&lt;br/&gt;maimai DX International Version&lt;br/&gt;maimai International official / ALL.Net&lt;br/&gt;&lt;a href="https://location.am-all.net/alm/shop?gm=98&amp;astep=1009&amp;sid=18396&amp;lang=en"&gt;Official detail&lt;/a&gt;</description>
        <styleUrl>#secondary</styleUrl>
        <ExtendedData>
          <Data name="id"><value>intl-1009-18396</value></Data>
          <Data name="area"><value>North America</value></Data>
          <Data name="address"><value>6464 International Drive Orlando FL 32819</value></Data>
        </ExtendedData>
        <Point>
          <coordinates>-81.4688681,28.4583305,0</coordinates>
        </Point>
      </Placemark>
      <Placemark>
        <name>AUSTINS PARK &amp; PIZZA</name>
        <description>16234 N Interstate 35 Pflugerville tx 78660&lt;br/&gt;maimai DX International Version&lt;br/&gt;maimai International official / ALL.Net&lt;br/&gt;&lt;a href="https://location.am-all.net/alm/shop?gm=98&amp;astep=1009&amp;sid=18438&amp;lang=en"&gt;Official detail&lt;/a&gt;</description>
        <styleUrl>#secondary</styleUrl>
        <ExtendedData>
          <Data name="id"><value>intl-1009-18438</value></Data>
          <Data name="area"><value>North America</value></Data>
          <Data name="address"><value>16234 N Interstate 35 Pflugerville tx 78660</value></Data>
        </ExtendedData>
        <Point>
          <coordinates>-97.6677476,30.4610411,0</coordinates>
        </Point>
      </Placemark>
      <Placemark>
        <name>CAMELOT GOLFLAND</name>
        <description>3200 Carpenter Ave. Anaheim, CA&lt;br/&gt;maimai DX International Version&lt;br/&gt;maimai International official / ALL.Net&lt;br/&gt;&lt;a href="https://location.am-all.net/alm/shop?gm=98&amp;astep=1009&amp;sid=18417&amp;lang=en"&gt;Official detail&lt;/a&gt;</description>
        <styleUrl>#secondary</styleUrl>
        <ExtendedData>
          <Data name="id"><value>intl-1009-18417</value></Data>
          <Data name="area"><value>North America</value></Data>
          <Data name="address"><value>3200 Carpenter Ave. Anaheim, CA</value></Data>
        </ExtendedData>
        <Point>
          <coordinates>-117.8513949,33.8503993,0</coordinates>
        </Point>
      </Placemark>
      <Placemark>
        <name>CHINATOWN FAIR</name>
        <description>8 Mott St, New York, NY 10038&lt;br/&gt;maimai DX International Version&lt;br/&gt;maimai International official / ALL.Net&lt;br/&gt;&lt;a href="https://location.am-all.net/alm/shop?gm=98&amp;astep=1009&amp;sid=18496&amp;lang=en"&gt;Official detail&lt;/a&gt;</description>
        <styleUrl>#secondary</styleUrl>
        <ExtendedData>
          <Data name="id"><value>intl-1009-18496</value></Data>
          <Data name="area"><value>North America</value></Data>
          <Data name="address"><value>8 Mott St, New York, NY 10038</value></Data>
        </ExtendedData>
        <Point>
          <coordinates>-73.998571,40.7140173,0</coordinates>
        </Point>
      </Placemark>
      <Placemark>
        <name>CIDERCADE AUSTIN</name>
        <description>600 e riverside Dr Austin tx 78704&lt;br/&gt;maimai DX International Version&lt;br/&gt;maimai International official / ALL.Net&lt;br/&gt;&lt;a href="https://location.am-all.net/alm/shop?gm=98&amp;astep=1009&amp;sid=18421&amp;lang=en"&gt;Official detail&lt;/a&gt;</description>
        <styleUrl>#secondary</styleUrl>
        <ExtendedData>
          <Data name="id"><value>intl-1009-18421</value></Data>
          <Data name="area"><value>North America</value></Data>
          <Data name="address"><value>600 e riverside Dr Austin tx 78704</value></Data>
        </ExtendedData>
        <Point>
          <coordinates>-97.7410337,30.2524716,0</coordinates>
        </Point>
      </Placemark>
      <Placemark>
        <name>CIDERCADE HOUSTON</name>
        <description>2320 canal st #100 Houston TX 77003&lt;br/&gt;maimai DX International Version&lt;br/&gt;maimai International official / ALL.Net&lt;br/&gt;&lt;a href="https://location.am-all.net/alm/shop?gm=98&amp;astep=1009&amp;sid=18420&amp;lang=en"&gt;Official detail&lt;/a&gt;</description>
        <styleUrl>#secondary</styleUrl>
        <ExtendedData>
          <Data name="id"><value>intl-1009-18420</value></Data>
          <Data name="area"><value>North America</value></Data>
          <Data name="address"><value>2320 canal st #100 Houston TX 77003</value></Data>
        </ExtendedData>
        <Point>
          <coordinates>-95.346493,29.7575862,0</coordinates>
        </Point>
      </Placemark>
      <Placemark>
        <name>CLAW CADE</name>
        <description>630 OLD COUNTRY RD GARDEN CITY NY11530&lt;br/&gt;maimai DX International Version&lt;br/&gt;maimai International official / ALL.Net&lt;br/&gt;&lt;a href="https://location.am-all.net/alm/shop?gm=98&amp;astep=1009&amp;sid=18495&amp;lang=en"&gt;Official detail&lt;/a&gt;</description>
        <styleUrl>#secondary</styleUrl>
        <ExtendedData>
          <Data name="id"><value>intl-1009-18495</value></Data>
          <Data name="area"><value>North America</value></Data>
          <Data name="address"><value>630 OLD COUNTRY RD GARDEN CITY NY11530</value></Data>
        </ExtendedData>
        <Point>
          <coordinates>-73.6138821,40.7378609,0</coordinates>
        </Point>
      </Placemark>
      <Placemark>
        <name>DAVE &amp; BUSTER'S DALLAS</name>
        <description>9450 n central expressway dallas tx 75231&lt;br/&gt;maimai DX International Version&lt;br/&gt;maimai International official / ALL.Net&lt;br/&gt;&lt;a href="https://location.am-all.net/alm/shop?gm=98&amp;astep=1009&amp;sid=18504&amp;lang=en"&gt;Official detail&lt;/a&gt;</description>
        <styleUrl>#secondary</styleUrl>
        <ExtendedData>
          <Data name="id"><value>intl-1009-18504</value></Data>
          <Data name="area"><value>North America</value></Data>
          <Data name="address"><value>9450 n central expressway dallas tx 75231</value></Data>
        </ExtendedData>
        <Point>
          <coordinates>-96.7692242,32.8773588,0</coordinates>
        </Point>
      </Placemark>
      <Placemark>
        <name>DAVE &amp; BUSTER'S DAVENPORT, IA</name>
        <description>5248 elmore ave davenport ia 52807&lt;br/&gt;maimai DX International Version&lt;br/&gt;maimai International official / ALL.Net&lt;br/&gt;&lt;a href="https://location.am-all.net/alm/shop?gm=98&amp;astep=1009&amp;sid=18506&amp;lang=en"&gt;Official detail&lt;/a&gt;</description>
        <styleUrl>#secondary</styleUrl>
        <ExtendedData>
          <Data name="id"><value>intl-1009-18506</value></Data>
          <Data name="area"><value>North America</value></Data>
          <Data name="address"><value>5248 elmore ave davenport ia 52807</value></Data>
        </ExtendedData>
        <Point>
          <coordinates>-90.5307591,41.5722357,0</coordinates>
        </Point>
      </Placemark>
      <Placemark>
        <name>DAVE &amp; BUSTER'S SANTA ROSA CA</name>
        <description>600 santa rose plaza santa roseCa 95401&lt;br/&gt;maimai DX International Version&lt;br/&gt;maimai International official / ALL.Net&lt;br/&gt;&lt;a href="https://location.am-all.net/alm/shop?gm=98&amp;astep=1009&amp;sid=18505&amp;lang=en"&gt;Official detail&lt;/a&gt;</description>
        <styleUrl>#secondary</styleUrl>
        <ExtendedData>
          <Data name="id"><value>intl-1009-18505</value></Data>
          <Data name="area"><value>North America</value></Data>
          <Data name="address"><value>600 santa rose plaza santa roseCa 95401</value></Data>
        </ExtendedData>
        <Point>
          <coordinates>-122.7171669,38.4393252,0</coordinates>
        </Point>
      </Placemark>
      <Placemark>
        <name>DUCK!</name>
        <description>342 Central Parkway, Mall of America, Bloomington, MN 55425&lt;br/&gt;maimai DX International Version&lt;br/&gt;maimai International official / ALL.Net&lt;br/&gt;&lt;a href="https://location.am-all.net/alm/shop?gm=98&amp;astep=1009&amp;sid=18500&amp;lang=en"&gt;Official detail&lt;/a&gt;</description>
        <styleUrl>#secondary</styleUrl>
        <ExtendedData>
          <Data name="id"><value>intl-1009-18500</value></Data>
          <Data name="area"><value>North America</value></Data>
          <Data name="address"><value>342 Central Parkway, Mall of America, Bloomington, MN 55425</value></Data>
        </ExtendedData>
        <Point>
          <coordinates>-93.1702764,44.8380806,0</coordinates>
        </Point>
      </Placemark>
      <Placemark>
        <name>ENTERRIUM</name>
        <description>2 WOODFIELD MALL SCHAUMBURG IL 60173&lt;br/&gt;maimai DX International Version&lt;br/&gt;maimai International official / ALL.Net&lt;br/&gt;&lt;a href="https://location.am-all.net/alm/shop?gm=98&amp;astep=1009&amp;sid=18528&amp;lang=en"&gt;Official detail&lt;/a&gt;</description>
        <styleUrl>#secondary</styleUrl>
        <ExtendedData>
          <Data name="id"><value>intl-1009-18528</value></Data>
          <Data name="area"><value>North America</value></Data>
          <Data name="address"><value>2 WOODFIELD MALL SCHAUMBURG IL 60173</value></Data>
        </ExtendedData>
        <Point>
          <coordinates>-88.0340351,42.0453408,0</coordinates>
        </Point>
      </Placemark>
      <Placemark>
        <name>FAIRFIELD GOLFLAND</name>
        <description>4300 Central Place Fairfield, CA 94534&lt;br/&gt;maimai DX International Version&lt;br/&gt;maimai International official / ALL.Net&lt;br/&gt;&lt;a href="https://location.am-all.net/alm/shop?gm=98&amp;astep=1009&amp;sid=18415&amp;lang=en"&gt;Official detail&lt;/a&gt;</description>
        <styleUrl>#secondary</styleUrl>
        <ExtendedData>
          <Data name="id"><value>intl-1009-18415</value></Data>
          <Data name="area"><value>North America</value></Data>
          <Data name="address"><value>4300 Central Place Fairfield, CA 94534</value></Data>
        </ExtendedData>
        <Point>
          <coordinates>-122.1238603,38.2248985,0</coordinates>
        </Point>
      </Placemark>
      <Placemark>
        <name>GAMEWORKS</name>
        <description>1511 7TH AVE SEATTLE WA 98101&lt;br/&gt;maimai DX International Version&lt;br/&gt;maimai International official / ALL.Net&lt;br/&gt;&lt;a href="https://location.am-all.net/alm/shop?gm=98&amp;astep=1009&amp;sid=18511&amp;lang=en"&gt;Official detail&lt;/a&gt;</description>
        <styleUrl>#secondary</styleUrl>
        <ExtendedData>
          <Data name="id"><value>intl-1009-18511</value></Data>
          <Data name="area"><value>North America</value></Data>
          <Data name="address"><value>1511 7TH AVE SEATTLE WA 98101</value></Data>
        </ExtendedData>
        <Point>
          <coordinates>-122.3338196,47.6118622,0</coordinates>
        </Point>
      </Placemark>
      <Placemark>
        <name>GATCHA TANGRAM</name>
        <description>133-33 37TH AVE #F1/F2 FLUSHINGNY 11354&lt;br/&gt;maimai DX International Version&lt;br/&gt;maimai International official / ALL.Net&lt;br/&gt;&lt;a href="https://location.am-all.net/alm/shop?gm=98&amp;astep=1009&amp;sid=18402&amp;lang=en"&gt;Official detail&lt;/a&gt;</description>
        <styleUrl>#secondary</styleUrl>
        <ExtendedData>
          <Data name="id"><value>intl-1009-18402</value></Data>
          <Data name="area"><value>North America</value></Data>
          <Data name="address"><value>133-33 37TH AVE #F1/F2 FLUSHINGNY 11354</value></Data>
        </ExtendedData>
        <Point>
          <coordinates>-73.8337836,40.7605824,0</coordinates>
        </Point>
      </Placemark>
      <Placemark>
        <name>GOLDEN ARCADE INC. (ARCADIA)</name>
        <description>2885 D North Military Trail West Palm Beach, FL 33409&lt;br/&gt;maimai DX International Version&lt;br/&gt;maimai International official / ALL.Net&lt;br/&gt;&lt;a href="https://location.am-all.net/alm/shop?gm=98&amp;astep=1009&amp;sid=18513&amp;lang=en"&gt;Official detail&lt;/a&gt;</description>
        <styleUrl>#secondary</styleUrl>
        <ExtendedData>
          <Data name="id"><value>intl-1009-18513</value></Data>
          <Data name="area"><value>North America</value></Data>
          <Data name="address"><value>2885 D North Military Trail West Palm Beach, FL 33409</value></Data>
        </ExtendedData>
        <Point>
          <coordinates>-80.1122579,26.7201052,0</coordinates>
        </Point>
      </Placemark>
      <Placemark>
        <name>H MART ORLANDO</name>
        <description>7501 W Colonial Dr, Orlando, FL32818&lt;br/&gt;maimai DX International Version&lt;br/&gt;maimai International official / ALL.Net&lt;br/&gt;&lt;a href="https://location.am-all.net/alm/shop?gm=98&amp;astep=1009&amp;sid=18521&amp;lang=en"&gt;Official detail&lt;/a&gt;</description>
        <styleUrl>#secondary</styleUrl>
        <ExtendedData>
          <Data name="id"><value>intl-1009-18521</value></Data>
          <Data name="area"><value>North America</value></Data>
          <Data name="address"><value>7501 W Colonial Dr, Orlando, FL32818</value></Data>
        </ExtendedData>
        <Point>
          <coordinates>-81.4852217,28.5533009,0</coordinates>
        </Point>
      </Placemark>
      <Placemark>
        <name>IKIGAI ARCADE</name>
        <description>5738 BAUM BLVD PITTSBURGH, PA 15206&lt;br/&gt;maimai DX International Version&lt;br/&gt;maimai International official / ALL.Net&lt;br/&gt;&lt;a href="https://location.am-all.net/alm/shop?gm=98&amp;astep=1009&amp;sid=18493&amp;lang=en"&gt;Official detail&lt;/a&gt;</description>
        <styleUrl>#secondary</styleUrl>
        <ExtendedData>
          <Data name="id"><value>intl-1009-18493</value></Data>
          <Data name="area"><value>North America</value></Data>
          <Data name="address"><value>5738 BAUM BLVD PITTSBURGH, PA 15206</value></Data>
        </ExtendedData>
        <Point>
          <coordinates>-79.9324136,40.4586541,0</coordinates>
        </Point>
      </Placemark>
      <Placemark>
        <name>JAPAN VILLAGE</name>
        <description>934 3rd Avenue Brooklyn, NY 11232&lt;br/&gt;maimai DX International Version&lt;br/&gt;maimai International official / ALL.Net&lt;br/&gt;&lt;a href="https://location.am-all.net/alm/shop?gm=98&amp;astep=1009&amp;sid=18525&amp;lang=en"&gt;Official detail&lt;/a&gt;</description>
        <styleUrl>#secondary</styleUrl>
        <ExtendedData>
          <Data name="id"><value>intl-1009-18525</value></Data>
          <Data name="area"><value>North America</value></Data>
          <Data name="address"><value>934 3rd Avenue Brooklyn, NY 11232</value></Data>
        </ExtendedData>
        <Point>
          <coordinates>-74.0066468,40.6560483,0</coordinates>
        </Point>
      </Placemark>
      <Placemark>
        <name>KIDDLETON</name>
        <description>14006 riverside dr sheman oaks Ca 91423&lt;br/&gt;maimai DX International Version&lt;br/&gt;maimai International official / ALL.Net&lt;br/&gt;&lt;a href="https://location.am-all.net/alm/shop?gm=98&amp;astep=1009&amp;sid=18523&amp;lang=en"&gt;Official detail&lt;/a&gt;</description>
        <styleUrl>#secondary</styleUrl>
        <ExtendedData>
          <Data name="id"><value>intl-1009-18523</value></Data>
          <Data name="area"><value>North America</value></Data>
          <Data name="address"><value>14006 riverside dr sheman oaks Ca 91423</value></Data>
        </ExtendedData>
        <Point>
          <coordinates>-118.43639,34.1568918,0</coordinates>
        </Point>
      </Placemark>
      <Placemark>
        <name>LASER BOUNCE</name>
        <description>80-28 COOPER AVE #6-004 GLENDALE NY11385&lt;br/&gt;maimai DX International Version&lt;br/&gt;maimai International official / ALL.Net&lt;br/&gt;&lt;a href="https://location.am-all.net/alm/shop?gm=98&amp;astep=1009&amp;sid=18494&amp;lang=en"&gt;Official detail&lt;/a&gt;</description>
        <styleUrl>#secondary</styleUrl>
        <ExtendedData>
          <Data name="id"><value>intl-1009-18494</value></Data>
          <Data name="area"><value>North America</value></Data>
          <Data name="address"><value>80-28 COOPER AVE #6-004 GLENDALE NY11385</value></Data>
        </ExtendedData>
        <Point>
          <coordinates>-73.8687832,40.7094481,0</coordinates>
        </Point>
      </Placemark>
      <Placemark>
        <name>LITTLE TOKYO</name>
        <description>319 E 2nd St, Los Angeles, CA 90012&lt;br/&gt;maimai DX International Version&lt;br/&gt;maimai International official / ALL.Net&lt;br/&gt;&lt;a href="https://location.am-all.net/alm/shop?gm=98&amp;astep=1009&amp;sid=18526&amp;lang=en"&gt;Official detail&lt;/a&gt;</description>
        <styleUrl>#secondary</styleUrl>
        <ExtendedData>
          <Data name="id"><value>intl-1009-18526</value></Data>
          <Data name="area"><value>North America</value></Data>
          <Data name="address"><value>319 E 2nd St, Los Angeles, CA 90012</value></Data>
        </ExtendedData>
        <Point>
          <coordinates>-118.2405746,34.0491876,0</coordinates>
        </Point>
      </Placemark>
      <Placemark>
        <name>LUCKY STRIKE ALISO VIEJO</name>
        <description>26501 Aliso Creek rd Aliso Viejo ca 92656&lt;br/&gt;maimai DX International Version&lt;br/&gt;maimai International official / ALL.Net&lt;br/&gt;&lt;a href="https://location.am-all.net/alm/shop?gm=98&amp;astep=1009&amp;sid=18502&amp;lang=en"&gt;Official detail&lt;/a&gt;</description>
        <styleUrl>#secondary</styleUrl>
        <ExtendedData>
          <Data name="id"><value>intl-1009-18502</value></Data>
          <Data name="area"><value>North America</value></Data>
          <Data name="address"><value>26501 Aliso Creek rd Aliso Viejo ca 92656</value></Data>
        </ExtendedData>
        <Point>
          <coordinates>-117.7248752,33.578837,0</coordinates>
        </Point>
      </Placemark>
      <Placemark>
        <name>ROSEVILLE GOLFLAND</name>
        <description>1893 Taylor Road Roseville, CA 95661&lt;br/&gt;maimai DX International Version&lt;br/&gt;maimai International official / ALL.Net&lt;br/&gt;&lt;a href="https://location.am-all.net/alm/shop?gm=98&amp;astep=1009&amp;sid=18416&amp;lang=en"&gt;Official detail&lt;/a&gt;</description>
        <styleUrl>#secondary</styleUrl>
        <ExtendedData>
          <Data name="id"><value>intl-1009-18416</value></Data>
          <Data name="area"><value>North America</value></Data>
          <Data name="address"><value>1893 Taylor Road Roseville, CA 95661</value></Data>
        </ExtendedData>
        <Point>
          <coordinates>-121.2576292,38.761245,0</coordinates>
        </Point>
      </Placemark>
      <Placemark>
        <name>ROUND1 ARLINGTON PARKS</name>
        <description>3811 S. Cooper St., Suite 6004,Arlington TX 76015&lt;br/&gt;maimai DX International Version&lt;br/&gt;maimai International official / ALL.Net&lt;br/&gt;&lt;a href="https://location.am-all.net/alm/shop?gm=98&amp;astep=1009&amp;sid=21467&amp;lang=en"&gt;Official detail&lt;/a&gt;</description>
        <styleUrl>#secondary</styleUrl>
        <ExtendedData>
          <Data name="id"><value>intl-1009-21467</value></Data>
          <Data name="area"><value>North America</value></Data>
          <Data name="address"><value>3811 S. Cooper St., Suite 6004,Arlington TX 76015</value></Data>
        </ExtendedData>
        <Point>
          <coordinates>-97.1295441,32.6796797,0</coordinates>
        </Point>
      </Placemark>
      <Placemark>
        <name>ROUND1 ARROWHEAD TOWN CENTER</name>
        <description>7650 Arrowhead Town Center, Glendale, AZ 85308&lt;br/&gt;maimai DX International Version&lt;br/&gt;maimai International official / ALL.Net&lt;br/&gt;&lt;a href="https://location.am-all.net/alm/shop?gm=98&amp;astep=1009&amp;sid=18978&amp;lang=en"&gt;Official detail&lt;/a&gt;</description>
        <styleUrl>#secondary</styleUrl>
        <ExtendedData>
          <Data name="id"><value>intl-1009-18978</value></Data>
          <Data name="area"><value>North America</value></Data>
          <Data name="address"><value>7650 Arrowhead Town Center, Glendale, AZ 85308</value></Data>
        </ExtendedData>
        <Point>
          <coordinates>-112.2240577,33.6413806,0</coordinates>
        </Point>
      </Placemark>
      <Placemark>
        <name>ROUND1 BROADWAY MALL</name>
        <description>358 North Broadway, Suite 1950,Hicksville, NY 11801&lt;br/&gt;maimai DX International Version&lt;br/&gt;maimai International official / ALL.Net&lt;br/&gt;&lt;a href="https://location.am-all.net/alm/shop?gm=98&amp;astep=1009&amp;sid=20641&amp;lang=en"&gt;Official detail&lt;/a&gt;</description>
        <styleUrl>#secondary</styleUrl>
        <ExtendedData>
          <Data name="id"><value>intl-1009-20641</value></Data>
          <Data name="area"><value>North America</value></Data>
          <Data name="address"><value>358 North Broadway, Suite 1950,Hicksville, NY 11801</value></Data>
        </ExtendedData>
        <Point>
          <coordinates>-73.5295087,40.7732181,0</coordinates>
        </Point>
      </Placemark>
      <Placemark>
        <name>ROUND1 BURBANK TOWN CENTER</name>
        <description>201 E Magnolia Blvd, Suite 145,Burbank, CA 91502&lt;br/&gt;maimai DX International Version&lt;br/&gt;maimai International official / ALL.Net&lt;br/&gt;&lt;a href="https://location.am-all.net/alm/shop?gm=98&amp;astep=1009&amp;sid=19785&amp;lang=en"&gt;Official detail&lt;/a&gt;</description>
        <styleUrl>#secondary</styleUrl>
        <ExtendedData>
          <Data name="id"><value>intl-1009-19785</value></Data>
          <Data name="area"><value>North America</value></Data>
          <Data name="address"><value>201 E Magnolia Blvd, Suite 145,Burbank, CA 91502</value></Data>
        </ExtendedData>
        <Point>
          <coordinates>-118.3124048,34.1833774,0</coordinates>
        </Point>
      </Placemark>
      <Placemark>
        <name>ROUND1 CHANDLER FASHION CENTER</name>
        <description>3111 W Chandler Blvd, Chandler,AZ 85226&lt;br/&gt;maimai DX International Version&lt;br/&gt;maimai International official / ALL.Net&lt;br/&gt;&lt;a href="https://location.am-all.net/alm/shop?gm=98&amp;astep=1009&amp;sid=18719&amp;lang=en"&gt;Official detail&lt;/a&gt;</description>
        <styleUrl>#secondary</styleUrl>
        <ExtendedData>
          <Data name="id"><value>intl-1009-18719</value></Data>
          <Data name="area"><value>North America</value></Data>
          <Data name="address"><value>3111 W Chandler Blvd, Chandler,AZ 85226</value></Data>
        </ExtendedData>
        <Point>
          <coordinates>-111.8984059,33.3014704,0</coordinates>
        </Point>
      </Placemark>
      <Placemark>
        <name>ROUND1 CORONADO CENTER MALL</name>
        <description>6600 Menaul NE, Suite 2000-2, Albuquerque, NM 87110&lt;br/&gt;maimai DX International Version&lt;br/&gt;maimai International official / ALL.Net&lt;br/&gt;&lt;a href="https://location.am-all.net/alm/shop?gm=98&amp;astep=1009&amp;sid=20334&amp;lang=en"&gt;Official detail&lt;/a&gt;</description>
        <styleUrl>#secondary</styleUrl>
        <ExtendedData>
          <Data name="id"><value>intl-1009-20334</value></Data>
          <Data name="area"><value>North America</value></Data>
          <Data name="address"><value>6600 Menaul NE, Suite 2000-2, Albuquerque, NM 87110</value></Data>
        </ExtendedData>
        <Point>
          <coordinates>-106.5702173,35.1071051,0</coordinates>
        </Point>
      </Placemark>
      <Placemark>
        <name>ROUND1 CRYSTAL RUN GALLERIA</name>
        <description>1 Galleria Dr., Suite 01, Middletown, NY 10941&lt;br/&gt;maimai DX International Version&lt;br/&gt;maimai International official / ALL.Net&lt;br/&gt;&lt;a href="https://location.am-all.net/alm/shop?gm=98&amp;astep=1009&amp;sid=20570&amp;lang=en"&gt;Official detail&lt;/a&gt;</description>
        <styleUrl>#secondary</styleUrl>
        <ExtendedData>
          <Data name="id"><value>intl-1009-20570</value></Data>
          <Data name="area"><value>North America</value></Data>
          <Data name="address"><value>1 Galleria Dr., Suite 01, Middletown, NY 10941</value></Data>
        </ExtendedData>
        <Point>
          <coordinates>-74.3683538,41.452837,0</coordinates>
        </Point>
      </Placemark>
      <Placemark>
        <name>ROUND1 CUMBERLAND MALL</name>
        <description>2860 Cumberland Mall, Suite 1500, Atlanta, GA 30339&lt;br/&gt;maimai DX International Version&lt;br/&gt;maimai International official / ALL.Net&lt;br/&gt;&lt;a href="https://location.am-all.net/alm/shop?gm=98&amp;astep=1009&amp;sid=19562&amp;lang=en"&gt;Official detail&lt;/a&gt;</description>
        <styleUrl>#secondary</styleUrl>
        <ExtendedData>
          <Data name="id"><value>intl-1009-19562</value></Data>
          <Data name="area"><value>North America</value></Data>
          <Data name="address"><value>2860 Cumberland Mall, Suite 1500, Atlanta, GA 30339</value></Data>
        </ExtendedData>
        <Point>
          <coordinates>-84.4680649,33.8799947,0</coordinates>
        </Point>
      </Placemark>
      <Placemark>
        <name>ROUND1 DANBURY FAIR</name>
        <description>7 Backus Avenue, #M100, Danbury, CT, 06810&lt;br/&gt;maimai DX International Version&lt;br/&gt;maimai International official / ALL.Net&lt;br/&gt;&lt;a href="https://location.am-all.net/alm/shop?gm=98&amp;astep=1009&amp;sid=18977&amp;lang=en"&gt;Official detail&lt;/a&gt;</description>
        <styleUrl>#secondary</styleUrl>
        <ExtendedData>
          <Data name="id"><value>intl-1009-18977</value></Data>
          <Data name="area"><value>North America</value></Data>
          <Data name="address"><value>7 Backus Avenue, #M100, Danbury, CT, 06810</value></Data>
        </ExtendedData>
        <Point>
          <coordinates>-73.4784187,41.3804789,0</coordinates>
        </Point>
      </Placemark>
      <Placemark>
        <name>ROUND1 DEERBROOK MALL</name>
        <description>20131 US-59, Humble, TX 77338&lt;br/&gt;maimai DX International Version&lt;br/&gt;maimai International official / ALL.Net&lt;br/&gt;&lt;a href="https://location.am-all.net/alm/shop?gm=98&amp;astep=1009&amp;sid=18718&amp;lang=en"&gt;Official detail&lt;/a&gt;</description>
        <styleUrl>#secondary</styleUrl>
        <ExtendedData>
          <Data name="id"><value>intl-1009-18718</value></Data>
          <Data name="area"><value>North America</value></Data>
          <Data name="address"><value>20131 US-59, Humble, TX 77338</value></Data>
        </ExtendedData>
        <Point>
          <coordinates>-95.2697497,30.0089636,0</coordinates>
        </Point>
      </Placemark>
      <Placemark>
        <name>ROUND1 DEPTFORD MALL</name>
        <description>1750 Deptford Center Road,Space#2350,Deptford Township,NJ 08096&lt;br/&gt;maimai DX International Version&lt;br/&gt;maimai International official / ALL.Net&lt;br/&gt;&lt;a href="https://location.am-all.net/alm/shop?gm=98&amp;astep=1009&amp;sid=19645&amp;lang=en"&gt;Official detail&lt;/a&gt;</description>
        <styleUrl>#secondary</styleUrl>
        <ExtendedData>
          <Data name="id"><value>intl-1009-19645</value></Data>
          <Data name="area"><value>North America</value></Data>
          <Data name="address"><value>1750 Deptford Center Road,Space#2350,Deptford Township,NJ 08096</value></Data>
        </ExtendedData>
        <Point>
          <coordinates>-75.0978249,39.8314319,0</coordinates>
        </Point>
      </Placemark>
      <Placemark>
        <name>ROUND1 EASTRIDGE SHOPPING CENTER</name>
        <description>2200 Eastridge Loop Suite 2094,San Jose, CA 95122&lt;br/&gt;maimai DX International Version&lt;br/&gt;maimai International official / ALL.Net&lt;br/&gt;&lt;a href="https://location.am-all.net/alm/shop?gm=98&amp;astep=1009&amp;sid=21247&amp;lang=en"&gt;Official detail&lt;/a&gt;</description>
        <styleUrl>#secondary</styleUrl>
        <ExtendedData>
          <Data name="id"><value>intl-1009-21247</value></Data>
          <Data name="area"><value>North America</value></Data>
          <Data name="address"><value>2200 Eastridge Loop Suite 2094,San Jose, CA 95122</value></Data>
        </ExtendedData>
        <Point>
          <coordinates>-121.8133811,37.3255349,0</coordinates>
        </Point>
      </Placemark>
      <Placemark>
        <name>ROUND1 EXTON SQUARE MALL</name>
        <description>172 Exton Square Parkway D100, Exton, PA 19341&lt;br/&gt;maimai DX International Version&lt;br/&gt;maimai International official / ALL.Net&lt;br/&gt;&lt;a href="https://location.am-all.net/alm/shop?gm=98&amp;astep=1009&amp;sid=20784&amp;lang=en"&gt;Official detail&lt;/a&gt;</description>
        <styleUrl>#secondary</styleUrl>
        <ExtendedData>
          <Data name="id"><value>intl-1009-20784</value></Data>
          <Data name="area"><value>North America</value></Data>
          <Data name="address"><value>172 Exton Square Parkway D100, Exton, PA 19341</value></Data>
        </ExtendedData>
        <Point>
          <coordinates>-75.6267116,40.0329129,0</coordinates>
        </Point>
      </Placemark>
      <Placemark>
        <name>ROUND1 FAIRFIELD COMMONS</name>
        <description>2727 Fairfield Commons, Suite ANC1A, Beavercreek, OH 45431&lt;br/&gt;maimai DX International Version&lt;br/&gt;maimai International official / ALL.Net&lt;br/&gt;&lt;a href="https://location.am-all.net/alm/shop?gm=98&amp;astep=1009&amp;sid=19989&amp;lang=en"&gt;Official detail&lt;/a&gt;</description>
        <styleUrl>#secondary</styleUrl>
        <ExtendedData>
          <Data name="id"><value>intl-1009-19989</value></Data>
          <Data name="area"><value>North America</value></Data>
          <Data name="address"><value>2727 Fairfield Commons, Suite ANC1A, Beavercreek, OH 45431</value></Data>
        </ExtendedData>
        <Point>
          <coordinates>-84.0566336,39.7672589,0</coordinates>
        </Point>
      </Placemark>
      <Placemark>
        <name>ROUND1 FASHION DISTRICT PHILADELPHIA</name>
        <description>1001 Market Street, #3010, Philadelphia, PA 19107&lt;br/&gt;maimai DX International Version&lt;br/&gt;maimai International official / ALL.Net&lt;br/&gt;&lt;a href="https://location.am-all.net/alm/shop?gm=98&amp;astep=1009&amp;sid=19972&amp;lang=en"&gt;Official detail&lt;/a&gt;</description>
        <styleUrl>#secondary</styleUrl>
        <ExtendedData>
          <Data name="id"><value>intl-1009-19972</value></Data>
          <Data name="area"><value>North America</value></Data>
          <Data name="address"><value>1001 Market Street, #3010, Philadelphia, PA 19107</value></Data>
        </ExtendedData>
        <Point>
          <coordinates>-75.1571648,39.9519835,0</coordinates>
        </Point>
      </Placemark>
      <Placemark>
        <name>ROUND1 FOUR SEASONS TOWN CENTRE</name>
        <description>125 Four Seasons Town Centre Greensboro, NC 27407&lt;br/&gt;maimai DX International Version&lt;br/&gt;maimai International official / ALL.Net&lt;br/&gt;&lt;a href="https://location.am-all.net/alm/shop?gm=98&amp;astep=1009&amp;sid=20487&amp;lang=en"&gt;Official detail&lt;/a&gt;</description>
        <styleUrl>#secondary</styleUrl>
        <ExtendedData>
          <Data name="id"><value>intl-1009-20487</value></Data>
          <Data name="area"><value>North America</value></Data>
          <Data name="address"><value>125 Four Seasons Town Centre Greensboro, NC 27407</value></Data>
        </ExtendedData>
        <Point>
          <coordinates>-79.8384279,36.0392769,0</coordinates>
        </Point>
      </Placemark>
      <Placemark>
        <name>ROUND1 FOX VALLEY MALL</name>
        <description>2480 Fox Valley Center, B13 Aurora, IL 60504&lt;br/&gt;maimai DX International Version&lt;br/&gt;maimai International official / ALL.Net&lt;br/&gt;&lt;a href="https://location.am-all.net/alm/shop?gm=98&amp;astep=1009&amp;sid=20724&amp;lang=en"&gt;Official detail&lt;/a&gt;</description>
        <styleUrl>#secondary</styleUrl>
        <ExtendedData>
          <Data name="id"><value>intl-1009-20724</value></Data>
          <Data name="area"><value>North America</value></Data>
          <Data name="address"><value>2480 Fox Valley Center, B13 Aurora, IL 60504</value></Data>
        </ExtendedData>
        <Point>
          <coordinates>-88.2126401,41.7588775,0</coordinates>
        </Point>
      </Placemark>
      <Placemark>
        <name>ROUND1 GATEWAY MALL</name>
        <description>6100 O St., Space 190A, Lincoln, NE 68505&lt;br/&gt;maimai DX International Version&lt;br/&gt;maimai International official / ALL.Net&lt;br/&gt;&lt;a href="https://location.am-all.net/alm/shop?gm=98&amp;astep=1009&amp;sid=20165&amp;lang=en"&gt;Official detail&lt;/a&gt;</description>
        <styleUrl>#secondary</styleUrl>
        <ExtendedData>
          <Data name="id"><value>intl-1009-20165</value></Data>
          <Data name="area"><value>North America</value></Data>
          <Data name="address"><value>6100 O St., Space 190A, Lincoln, NE 68505</value></Data>
        </ExtendedData>
        <Point>
          <coordinates>-96.6350068,40.8156596,0</coordinates>
        </Point>
      </Placemark>
      <Placemark>
        <name>ROUND1 GRAPEVINE MILLS</name>
        <description>3000 Grapevine Mills Pkwy Suite613, Grapevine, TX 76051&lt;br/&gt;maimai DX International Version&lt;br/&gt;maimai International official / ALL.Net&lt;br/&gt;&lt;a href="https://location.am-all.net/alm/shop?gm=98&amp;astep=1009&amp;sid=20972&amp;lang=en"&gt;Official detail&lt;/a&gt;</description>
        <styleUrl>#secondary</styleUrl>
        <ExtendedData>
          <Data name="id"><value>intl-1009-20972</value></Data>
          <Data name="area"><value>North America</value></Data>
          <Data name="address"><value>3000 Grapevine Mills Pkwy Suite613, Grapevine, TX 76051</value></Data>
        </ExtendedData>
        <Point>
          <coordinates>-97.0425031,32.9661607,0</coordinates>
        </Point>
      </Placemark>
      <Placemark>
        <name>ROUND1 GREAT LAKES CROSSING</name>
        <description>4220 Baldwin Rd. Suite A502, Auburn Hills, MI. 48326&lt;br/&gt;maimai DX International Version&lt;br/&gt;maimai International official / ALL.Net&lt;br/&gt;&lt;a href="https://location.am-all.net/alm/shop?gm=98&amp;astep=1009&amp;sid=20569&amp;lang=en"&gt;Official detail&lt;/a&gt;</description>
        <styleUrl>#secondary</styleUrl>
        <ExtendedData>
          <Data name="id"><value>intl-1009-20569</value></Data>
          <Data name="area"><value>North America</value></Data>
          <Data name="address"><value>4220 Baldwin Rd. Suite A502, Auburn Hills, MI. 48326</value></Data>
        </ExtendedData>
        <Point>
          <coordinates>-83.305411,42.702464,0</coordinates>
        </Point>
      </Placemark>
      <Placemark>
        <name>ROUND1 GREAT LAKES MALL</name>
        <description>7850 Mentor Ave. Suite 200A, Mentor, OH 44060&lt;br/&gt;maimai DX International Version&lt;br/&gt;maimai International official / ALL.Net&lt;br/&gt;&lt;a href="https://location.am-all.net/alm/shop?gm=98&amp;astep=1009&amp;sid=20402&amp;lang=en"&gt;Official detail&lt;/a&gt;</description>
        <styleUrl>#secondary</styleUrl>
        <ExtendedData>
          <Data name="id"><value>intl-1009-20402</value></Data>
          <Data name="area"><value>North America</value></Data>
          <Data name="address"><value>7850 Mentor Ave. Suite 200A, Mentor, OH 44060</value></Data>
        </ExtendedData>
        <Point>
          <coordinates>-81.3604541,41.6570654,0</coordinates>
        </Point>
      </Placemark>
      <Placemark>
        <name>ROUND1 GURNEE MILLS</name>
        <description>6136 West Grand Avenue, Space 500, Gurnee, IL, 60031&lt;br/&gt;maimai DX International Version&lt;br/&gt;maimai International official / ALL.Net&lt;br/&gt;&lt;a href="https://location.am-all.net/alm/shop?gm=98&amp;astep=1009&amp;sid=18878&amp;lang=en"&gt;Official detail&lt;/a&gt;</description>
        <styleUrl>#secondary</styleUrl>
        <ExtendedData>
          <Data name="id"><value>intl-1009-18878</value></Data>
          <Data name="area"><value>North America</value></Data>
          <Data name="address"><value>6136 West Grand Avenue, Space 500, Gurnee, IL, 60031</value></Data>
        </ExtendedData>
        <Point>
          <coordinates>-87.9593224,42.3899294,0</coordinates>
        </Point>
      </Placemark>
      <Placemark>
        <name>ROUND1 HOLYOKE MALL</name>
        <description>50 Holyoke Street, Space J210, Holyoke, MA 01040&lt;br/&gt;maimai DX International Version&lt;br/&gt;maimai International official / ALL.Net&lt;br/&gt;&lt;a href="https://location.am-all.net/alm/shop?gm=98&amp;astep=1009&amp;sid=20120&amp;lang=en"&gt;Official detail&lt;/a&gt;</description>
        <styleUrl>#secondary</styleUrl>
        <ExtendedData>
          <Data name="id"><value>intl-1009-20120</value></Data>
          <Data name="area"><value>North America</value></Data>
          <Data name="address"><value>50 Holyoke Street, Space J210, Holyoke, MA 01040</value></Data>
        </ExtendedData>
        <Point>
          <coordinates>-72.6413569,42.1676302,0</coordinates>
        </Point>
      </Placemark>
      <Placemark>
        <name>ROUND1 JERSEY GARDEN</name>
        <description>651 Kapkowski Rd, Elizabeth, NJ07201&lt;br/&gt;maimai DX International Version&lt;br/&gt;maimai International official / ALL.Net&lt;br/&gt;&lt;a href="https://location.am-all.net/alm/shop?gm=98&amp;astep=1009&amp;sid=18717&amp;lang=en"&gt;Official detail&lt;/a&gt;</description>
        <styleUrl>#secondary</styleUrl>
        <ExtendedData>
          <Data name="id"><value>intl-1009-18717</value></Data>
          <Data name="area"><value>North America</value></Data>
          <Data name="address"><value>651 Kapkowski Rd, Elizabeth, NJ07201</value></Data>
        </ExtendedData>
        <Point>
          <coordinates>-74.1695025,40.6590029,0</coordinates>
        </Point>
      </Placemark>
      <Placemark>
        <name>ROUND1 LAKEWOOD MALL</name>
        <description>401 Lakewood Ctr. Mall, Lakewood, CA 90712&lt;br/&gt;maimai DX International Version&lt;br/&gt;maimai International official / ALL.Net&lt;br/&gt;&lt;a href="https://location.am-all.net/alm/shop?gm=98&amp;astep=1009&amp;sid=22693&amp;lang=en"&gt;Official detail&lt;/a&gt;</description>
        <styleUrl>#secondary</styleUrl>
        <ExtendedData>
          <Data name="id"><value>intl-1009-22693</value></Data>
          <Data name="area"><value>North America</value></Data>
          <Data name="address"><value>401 Lakewood Ctr. Mall, Lakewood, CA 90712</value></Data>
        </ExtendedData>
        <Point>
          <coordinates>-118.138580712164,33.8503968829157,0</coordinates>
        </Point>
      </Placemark>
      <Placemark>
        <name>ROUND1 LAS VEGAS SOUTH PREMIUM OUTLETS</name>
        <description>7400 S. Las Vegas Blvd, Ste 0213, Las Vegas, NV, 89123&lt;br/&gt;maimai DX International Version&lt;br/&gt;maimai International official / ALL.Net&lt;br/&gt;&lt;a href="https://location.am-all.net/alm/shop?gm=98&amp;astep=1009&amp;sid=18976&amp;lang=en"&gt;Official detail&lt;/a&gt;</description>
        <styleUrl>#secondary</styleUrl>
        <ExtendedData>
          <Data name="id"><value>intl-1009-18976</value></Data>
          <Data name="area"><value>North America</value></Data>
          <Data name="address"><value>7400 S. Las Vegas Blvd, Ste 0213, Las Vegas, NV, 89123</value></Data>
        </ExtendedData>
        <Point>
          <coordinates>-115.1688657,36.0510062,0</coordinates>
        </Point>
      </Placemark>
      <Placemark>
        <name>ROUND1 MAIN PLACE MALL</name>
        <description>2800 N. Main St. Suite 1100, Santa Ana, CA 92705&lt;br/&gt;maimai DX International Version&lt;br/&gt;maimai International official / ALL.Net&lt;br/&gt;&lt;a href="https://location.am-all.net/alm/shop?gm=98&amp;astep=1009&amp;sid=21347&amp;lang=en"&gt;Official detail&lt;/a&gt;</description>
        <styleUrl>#secondary</styleUrl>
        <ExtendedData>
          <Data name="id"><value>intl-1009-21347</value></Data>
          <Data name="area"><value>North America</value></Data>
          <Data name="address"><value>2800 N. Main St. Suite 1100, Santa Ana, CA 92705</value></Data>
        </ExtendedData>
        <Point>
          <coordinates>-117.870006191818,33.7757392875232,0</coordinates>
        </Point>
      </Placemark>
      <Placemark>
        <name>ROUND1 MAINE MALL</name>
        <description>364 Maine Mall Road, Space XH, South Portland, ME 04106&lt;br/&gt;maimai DX International Version&lt;br/&gt;maimai International official / ALL.Net&lt;br/&gt;&lt;a href="https://location.am-all.net/alm/shop?gm=98&amp;astep=1009&amp;sid=20344&amp;lang=en"&gt;Official detail&lt;/a&gt;</description>
        <styleUrl>#secondary</styleUrl>
        <ExtendedData>
          <Data name="id"><value>intl-1009-20344</value></Data>
          <Data name="area"><value>North America</value></Data>
          <Data name="address"><value>364 Maine Mall Road, Space XH, South Portland, ME 04106</value></Data>
        </ExtendedData>
        <Point>
          <coordinates>-70.3367879,43.6342134,0</coordinates>
        </Point>
      </Placemark>
      <Placemark>
        <name>ROUND1 MEADOWOOD MALL</name>
        <description>5400 Meadowood Mall Circle,Reno,NV 89502&lt;br/&gt;maimai DX International Version&lt;br/&gt;maimai International official / ALL.Net&lt;br/&gt;&lt;a href="https://location.am-all.net/alm/shop?gm=98&amp;astep=1009&amp;sid=20041&amp;lang=en"&gt;Official detail&lt;/a&gt;</description>
        <styleUrl>#secondary</styleUrl>
        <ExtendedData>
          <Data name="id"><value>intl-1009-20041</value></Data>
          <Data name="area"><value>North America</value></Data>
          <Data name="address"><value>5400 Meadowood Mall Circle,Reno,NV 89502</value></Data>
        </ExtendedData>
        <Point>
          <coordinates>-119.7804218,39.4745831,0</coordinates>
        </Point>
      </Placemark>
      <Placemark>
        <name>ROUND1 MEADOWS MALL</name>
        <description>4000 Meadows Ln Suite 100, Las Vegas, NV 89107&lt;br/&gt;maimai DX International Version&lt;br/&gt;maimai International official / ALL.Net&lt;br/&gt;&lt;a href="https://location.am-all.net/alm/shop?gm=98&amp;astep=1009&amp;sid=20009&amp;lang=en"&gt;Official detail&lt;/a&gt;</description>
        <styleUrl>#secondary</styleUrl>
        <ExtendedData>
          <Data name="id"><value>intl-1009-20009</value></Data>
          <Data name="area"><value>North America</value></Data>
          <Data name="address"><value>4000 Meadows Ln Suite 100, Las Vegas, NV 89107</value></Data>
        </ExtendedData>
        <Point>
          <coordinates>-115.194732,36.172672,0</coordinates>
        </Point>
      </Placemark>
      <Placemark>
        <name>ROUND1 MILLCREEK MALL</name>
        <description>5800 Peach St., Unit #825, Erie, PA 16509&lt;br/&gt;maimai DX International Version&lt;br/&gt;maimai International official / ALL.Net&lt;br/&gt;&lt;a href="https://location.am-all.net/alm/shop?gm=98&amp;astep=1009&amp;sid=20228&amp;lang=en"&gt;Official detail&lt;/a&gt;</description>
        <styleUrl>#secondary</styleUrl>
        <ExtendedData>
          <Data name="id"><value>intl-1009-20228</value></Data>
          <Data name="area"><value>North America</value></Data>
          <Data name="address"><value>5800 Peach St., Unit #825, Erie, PA 16509</value></Data>
        </ExtendedData>
        <Point>
          <coordinates>-80.0988507,42.0669047,0</coordinates>
        </Point>
      </Placemark>
      <Placemark>
        <name>ROUND1 MORENO VALLEY MALL</name>
        <description>22500 Town Circle Suite 2030, Moreno Valley, CA 92553&lt;br/&gt;maimai DX International Version&lt;br/&gt;maimai International official / ALL.Net&lt;br/&gt;&lt;a href="https://location.am-all.net/alm/shop?gm=98&amp;astep=1009&amp;sid=22694&amp;lang=en"&gt;Official detail&lt;/a&gt;</description>
        <styleUrl>#secondary</styleUrl>
        <ExtendedData>
          <Data name="id"><value>intl-1009-22694</value></Data>
          <Data name="area"><value>North America</value></Data>
          <Data name="address"><value>22500 Town Circle Suite 2030, Moreno Valley, CA 92553</value></Data>
        </ExtendedData>
        <Point>
          <coordinates>-117.2713013,33.9387359,0</coordinates>
        </Point>
      </Placemark>
      <Placemark>
        <name>ROUND1 NORTH RIVERSIDE MALL</name>
        <description>7503 W Cermak Rd., Suite B, North Riverside, IL 60546&lt;br/&gt;maimai DX International Version&lt;br/&gt;maimai International official / ALL.Net&lt;br/&gt;&lt;a href="https://location.am-all.net/alm/shop?gm=98&amp;astep=1009&amp;sid=20164&amp;lang=en"&gt;Official detail&lt;/a&gt;</description>
        <styleUrl>#secondary</styleUrl>
        <ExtendedData>
          <Data name="id"><value>intl-1009-20164</value></Data>
          <Data name="area"><value>North America</value></Data>
          <Data name="address"><value>7503 W Cermak Rd., Suite B, North Riverside, IL 60546</value></Data>
        </ExtendedData>
        <Point>
          <coordinates>-87.8123863,41.8501667,0</coordinates>
        </Point>
      </Placemark>
      <Placemark>
        <name>ROUND1 NORTH STAR MALL</name>
        <description>7400 San Pedro Ave, Suite 2600,San Antonio, TX 78216&lt;br/&gt;maimai DX International Version&lt;br/&gt;maimai International official / ALL.Net&lt;br/&gt;&lt;a href="https://location.am-all.net/alm/shop?gm=98&amp;astep=1009&amp;sid=19132&amp;lang=en"&gt;Official detail&lt;/a&gt;</description>
        <styleUrl>#secondary</styleUrl>
        <ExtendedData>
          <Data name="id"><value>intl-1009-19132</value></Data>
          <Data name="area"><value>North America</value></Data>
          <Data name="address"><value>7400 San Pedro Ave, Suite 2600,San Antonio, TX 78216</value></Data>
        </ExtendedData>
        <Point>
          <coordinates>-98.498178,29.518505,0</coordinates>
        </Point>
      </Placemark>
      <Placemark>
        <name>ROUND1 NORTHRIDGE MALL</name>
        <description>1600 Northridge Mall, #200, Salinas, CA 93906&lt;br/&gt;maimai DX International Version&lt;br/&gt;maimai International official / ALL.Net&lt;br/&gt;&lt;a href="https://location.am-all.net/alm/shop?gm=98&amp;astep=1009&amp;sid=20227&amp;lang=en"&gt;Official detail&lt;/a&gt;</description>
        <styleUrl>#secondary</styleUrl>
        <ExtendedData>
          <Data name="id"><value>intl-1009-20227</value></Data>
          <Data name="area"><value>North America</value></Data>
          <Data name="address"><value>1600 Northridge Mall, #200, Salinas, CA 93906</value></Data>
        </ExtendedData>
        <Point>
          <coordinates>-121.658187,36.7169,0</coordinates>
        </Point>
      </Placemark>
      <Placemark>
        <name>ROUND1 PARK CITY CENTER</name>
        <description>200 Park City Center, Lancaster, PA 17601&lt;br/&gt;maimai DX International Version&lt;br/&gt;maimai International official / ALL.Net&lt;br/&gt;&lt;a href="https://location.am-all.net/alm/shop?gm=98&amp;astep=1009&amp;sid=19508&amp;lang=en"&gt;Official detail&lt;/a&gt;</description>
        <styleUrl>#secondary</styleUrl>
        <ExtendedData>
          <Data name="id"><value>intl-1009-19508</value></Data>
          <Data name="area"><value>North America</value></Data>
          <Data name="address"><value>200 Park City Center, Lancaster, PA 17601</value></Data>
        </ExtendedData>
        <Point>
          <coordinates>-76.3388131,40.0688229,0</coordinates>
        </Point>
      </Placemark>
      <Placemark>
        <name>ROUND1 PARK PLACE MALL</name>
        <description>5950 E Broadway Blvd Suite 110,Tucson, AZ 85711&lt;br/&gt;maimai DX International Version&lt;br/&gt;maimai International official / ALL.Net&lt;br/&gt;&lt;a href="https://location.am-all.net/alm/shop?gm=98&amp;astep=1009&amp;sid=20010&amp;lang=en"&gt;Official detail&lt;/a&gt;</description>
        <styleUrl>#secondary</styleUrl>
        <ExtendedData>
          <Data name="id"><value>intl-1009-20010</value></Data>
          <Data name="area"><value>North America</value></Data>
          <Data name="address"><value>5950 E Broadway Blvd Suite 110,Tucson, AZ 85711</value></Data>
        </ExtendedData>
        <Point>
          <coordinates>-110.8637691,32.2204809,0</coordinates>
        </Point>
      </Placemark>
      <Placemark>
        <name>ROUND1 PEMBROKE LAKES MALL</name>
        <description>12055 Pines BLVD, Pembroke Pines, FL 33026&lt;br/&gt;maimai DX International Version&lt;br/&gt;maimai International official / ALL.Net&lt;br/&gt;&lt;a href="https://location.am-all.net/alm/shop?gm=98&amp;astep=1009&amp;sid=19226&amp;lang=en"&gt;Official detail&lt;/a&gt;</description>
        <styleUrl>#secondary</styleUrl>
        <ExtendedData>
          <Data name="id"><value>intl-1009-19226</value></Data>
          <Data name="area"><value>North America</value></Data>
          <Data name="address"><value>12055 Pines BLVD, Pembroke Pines, FL 33026</value></Data>
        </ExtendedData>
        <Point>
          <coordinates>-80.307858,26.010591,0</coordinates>
        </Point>
      </Placemark>
      <Placemark>
        <name>ROUND1 PLAZA BONITA</name>
        <description>3030 Plaza Bonita Road, Suite 1025, National City, CA, 91950&lt;br/&gt;maimai DX International Version&lt;br/&gt;maimai International official / ALL.Net&lt;br/&gt;&lt;a href="https://location.am-all.net/alm/shop?gm=98&amp;astep=1009&amp;sid=18879&amp;lang=en"&gt;Official detail&lt;/a&gt;</description>
        <styleUrl>#secondary</styleUrl>
        <ExtendedData>
          <Data name="id"><value>intl-1009-18879</value></Data>
          <Data name="area"><value>North America</value></Data>
          <Data name="address"><value>3030 Plaza Bonita Road, Suite 1025, National City, CA, 91950</value></Data>
        </ExtendedData>
        <Point>
          <coordinates>-117.0653642,32.6540046,0</coordinates>
        </Point>
      </Placemark>
      <Placemark>
        <name>ROUND1 POTOMAC MILLS MALL</name>
        <description>2700 Potomac Mills Circle, Suite 882, Woodbridge, VA 22192&lt;br/&gt;maimai DX International Version&lt;br/&gt;maimai International official / ALL.Net&lt;br/&gt;&lt;a href="https://location.am-all.net/alm/shop?gm=98&amp;astep=1009&amp;sid=19683&amp;lang=en"&gt;Official detail&lt;/a&gt;</description>
        <styleUrl>#secondary</styleUrl>
        <ExtendedData>
          <Data name="id"><value>intl-1009-19683</value></Data>
          <Data name="area"><value>North America</value></Data>
          <Data name="address"><value>2700 Potomac Mills Circle, Suite 882, Woodbridge, VA 22192</value></Data>
        </ExtendedData>
        <Point>
          <coordinates>-77.2961829,38.6433621,0</coordinates>
        </Point>
      </Placemark>
      <Placemark>
        <name>ROUND1 PROMENADE TEMECULA</name>
        <description>40710 Winchester Road, Suite 100, Temecula, CA 92591&lt;br/&gt;maimai DX International Version&lt;br/&gt;maimai International official / ALL.Net&lt;br/&gt;&lt;a href="https://location.am-all.net/alm/shop?gm=98&amp;astep=1009&amp;sid=20119&amp;lang=en"&gt;Official detail&lt;/a&gt;</description>
        <styleUrl>#secondary</styleUrl>
        <ExtendedData>
          <Data name="id"><value>intl-1009-20119</value></Data>
          <Data name="area"><value>North America</value></Data>
          <Data name="address"><value>40710 Winchester Road, Suite 100, Temecula, CA 92591</value></Data>
        </ExtendedData>
        <Point>
          <coordinates>-117.1529917,33.5275009,0</coordinates>
        </Point>
      </Placemark>
      <Placemark>
        <name>ROUND1 PUENTE HILLS MALL</name>
        <description>1600 S Azusa Ave. Suite 285, City of Industry, CA 91748&lt;br/&gt;maimai DX International Version&lt;br/&gt;maimai International official / ALL.Net&lt;br/&gt;&lt;a href="https://location.am-all.net/alm/shop?gm=98&amp;astep=1009&amp;sid=22695&amp;lang=en"&gt;Official detail&lt;/a&gt;</description>
        <styleUrl>#secondary</styleUrl>
        <ExtendedData>
          <Data name="id"><value>intl-1009-22695</value></Data>
          <Data name="area"><value>North America</value></Data>
          <Data name="address"><value>1600 S Azusa Ave. Suite 285, City of Industry, CA 91748</value></Data>
        </ExtendedData>
        <Point>
          <coordinates>-117.9274765,33.9935867,0</coordinates>
        </Point>
      </Placemark>
      <Placemark>
        <name>ROUND1 QUAIL SPRINGS MALL</name>
        <description>2501 W. Memorial Rd, Suite 110,Oklahoma City, OK 73134&lt;br/&gt;maimai DX International Version&lt;br/&gt;maimai International official / ALL.Net&lt;br/&gt;&lt;a href="https://location.am-all.net/alm/shop?gm=98&amp;astep=1009&amp;sid=19461&amp;lang=en"&gt;Official detail&lt;/a&gt;</description>
        <styleUrl>#secondary</styleUrl>
        <ExtendedData>
          <Data name="id"><value>intl-1009-19461</value></Data>
          <Data name="area"><value>North America</value></Data>
          <Data name="address"><value>2501 W. Memorial Rd, Suite 110,Oklahoma City, OK 73134</value></Data>
        </ExtendedData>
        <Point>
          <coordinates>-97.5588739,35.6103281,0</coordinates>
        </Point>
      </Placemark>
      <Placemark>
        <name>ROUND1 ROSEVILLE MALL</name>
        <description>1191 Galleria BL Suit 150, Roseville, CA 95678&lt;br/&gt;maimai DX International Version&lt;br/&gt;maimai International official / ALL.Net&lt;br/&gt;&lt;a href="https://location.am-all.net/alm/shop?gm=98&amp;astep=1009&amp;sid=19225&amp;lang=en"&gt;Official detail&lt;/a&gt;</description>
        <styleUrl>#secondary</styleUrl>
        <ExtendedData>
          <Data name="id"><value>intl-1009-19225</value></Data>
          <Data name="area"><value>North America</value></Data>
          <Data name="address"><value>1191 Galleria BL Suit 150, Roseville, CA 95678</value></Data>
        </ExtendedData>
        <Point>
          <coordinates>-121.2700189,38.7747318,0</coordinates>
        </Point>
      </Placemark>
      <Placemark>
        <name>ROUND1 SHOPS AT MISSION VIEJO</name>
        <description>60C The Shops at Mission Viejo,Mission Viejo, CA 92691&lt;br/&gt;maimai DX International Version&lt;br/&gt;maimai International official / ALL.Net&lt;br/&gt;&lt;a href="https://location.am-all.net/alm/shop?gm=98&amp;astep=1009&amp;sid=18927&amp;lang=en"&gt;Official detail&lt;/a&gt;</description>
        <styleUrl>#secondary</styleUrl>
        <ExtendedData>
          <Data name="id"><value>intl-1009-18927</value></Data>
          <Data name="area"><value>North America</value></Data>
          <Data name="address"><value>60C The Shops at Mission Viejo,Mission Viejo, CA 92691</value></Data>
        </ExtendedData>
        <Point>
          <coordinates>-117.6695391,33.5576683,0</coordinates>
        </Point>
      </Placemark>
      <Placemark>
        <name>ROUND1 SOUTH HILL MALL</name>
        <description>3500 S Meridian, Suite 900, Puyallup, WA 98373&lt;br/&gt;maimai DX International Version&lt;br/&gt;maimai International official / ALL.Net&lt;br/&gt;&lt;a href="https://location.am-all.net/alm/shop?gm=98&amp;astep=1009&amp;sid=19224&amp;lang=en"&gt;Official detail&lt;/a&gt;</description>
        <styleUrl>#secondary</styleUrl>
        <ExtendedData>
          <Data name="id"><value>intl-1009-19224</value></Data>
          <Data name="area"><value>North America</value></Data>
          <Data name="address"><value>3500 S Meridian, Suite 900, Puyallup, WA 98373</value></Data>
        </ExtendedData>
        <Point>
          <coordinates>-122.3005397,47.1573499,0</coordinates>
        </Point>
      </Placemark>
      <Placemark>
        <name>ROUND1 SOUTH TOWN CENTER</name>
        <description>10450 S. State Street, Suite 2405-1, Sandy, UT 84070&lt;br/&gt;maimai DX International Version&lt;br/&gt;maimai International official / ALL.Net&lt;br/&gt;&lt;a href="https://location.am-all.net/alm/shop?gm=98&amp;astep=1009&amp;sid=20229&amp;lang=en"&gt;Official detail&lt;/a&gt;</description>
        <styleUrl>#secondary</styleUrl>
        <ExtendedData>
          <Data name="id"><value>intl-1009-20229</value></Data>
          <Data name="area"><value>North America</value></Data>
          <Data name="address"><value>10450 S. State Street, Suite 2405-1, Sandy, UT 84070</value></Data>
        </ExtendedData>
        <Point>
          <coordinates>-111.8793313,40.5614329,0</coordinates>
        </Point>
      </Placemark>
      <Placemark>
        <name>ROUND1 SOUTH WEST PLAZA</name>
        <description>8501 West Bowles Ave., Space 1183 Littleton, CO 80123&lt;br/&gt;maimai DX International Version&lt;br/&gt;maimai International official / ALL.Net&lt;br/&gt;&lt;a href="https://location.am-all.net/alm/shop?gm=98&amp;astep=1009&amp;sid=20768&amp;lang=en"&gt;Official detail&lt;/a&gt;</description>
        <styleUrl>#secondary</styleUrl>
        <ExtendedData>
          <Data name="id"><value>intl-1009-20768</value></Data>
          <Data name="area"><value>North America</value></Data>
          <Data name="address"><value>8501 West Bowles Ave., Space 1183 Littleton, CO 80123</value></Data>
        </ExtendedData>
        <Point>
          <coordinates>-105.0956537,39.6119798,0</coordinates>
        </Point>
      </Placemark>
      <Placemark>
        <name>ROUND1 SOUTHCENTER MALL</name>
        <description>2351 Southcenter Mall, Tukwila,WA 98188&lt;br/&gt;maimai DX International Version&lt;br/&gt;maimai International official / ALL.Net&lt;br/&gt;&lt;a href="https://location.am-all.net/alm/shop?gm=98&amp;astep=1009&amp;sid=20980&amp;lang=en"&gt;Official detail&lt;/a&gt;</description>
        <styleUrl>#secondary</styleUrl>
        <ExtendedData>
          <Data name="id"><value>intl-1009-20980</value></Data>
          <Data name="area"><value>North America</value></Data>
          <Data name="address"><value>2351 Southcenter Mall, Tukwila,WA 98188</value></Data>
        </ExtendedData>
        <Point>
          <coordinates>-122.2611286,47.4576967,0</coordinates>
        </Point>
      </Placemark>
      <Placemark>
        <name>ROUND1 SOUTHLAND MALL</name>
        <description>545 Southland Mall Dr. Hayward,CA 94545&lt;br/&gt;maimai DX International Version&lt;br/&gt;maimai International official / ALL.Net&lt;br/&gt;&lt;a href="https://location.am-all.net/alm/shop?gm=98&amp;astep=1009&amp;sid=20062&amp;lang=en"&gt;Official detail&lt;/a&gt;</description>
        <styleUrl>#secondary</styleUrl>
        <ExtendedData>
          <Data name="id"><value>intl-1009-20062</value></Data>
          <Data name="area"><value>North America</value></Data>
          <Data name="address"><value>545 Southland Mall Dr. Hayward,CA 94545</value></Data>
        </ExtendedData>
        <Point>
          <coordinates>-122.1036974,37.6509859,0</coordinates>
        </Point>
      </Placemark>
      <Placemark>
        <name>ROUND1 SOUTHRIDGE MALL</name>
        <description>5200 S 76th St., Suite C, Greendale, WI 53129&lt;br/&gt;maimai DX International Version&lt;br/&gt;maimai International official / ALL.Net&lt;br/&gt;&lt;a href="https://location.am-all.net/alm/shop?gm=98&amp;astep=1009&amp;sid=20139&amp;lang=en"&gt;Official detail&lt;/a&gt;</description>
        <styleUrl>#secondary</styleUrl>
        <ExtendedData>
          <Data name="id"><value>intl-1009-20139</value></Data>
          <Data name="area"><value>North America</value></Data>
          <Data name="address"><value>5200 S 76th St., Suite C, Greendale, WI 53129</value></Data>
        </ExtendedData>
        <Point>
          <coordinates>-88.0057293,42.9502674,0</coordinates>
        </Point>
      </Placemark>
      <Placemark>
        <name>ROUND1 STONESTOWN GALLERIA</name>
        <description>3251 20th Ave, San Francisco, CA 94132&lt;br/&gt;maimai DX International Version&lt;br/&gt;maimai International official / ALL.Net&lt;br/&gt;&lt;a href="https://location.am-all.net/alm/shop?gm=98&amp;astep=1009&amp;sid=18766&amp;lang=en"&gt;Official detail&lt;/a&gt;</description>
        <styleUrl>#secondary</styleUrl>
        <ExtendedData>
          <Data name="id"><value>intl-1009-18766</value></Data>
          <Data name="area"><value>North America</value></Data>
          <Data name="address"><value>3251 20th Ave, San Francisco, CA 94132</value></Data>
        </ExtendedData>
        <Point>
          <coordinates>-122.4769749,37.7277303,0</coordinates>
        </Point>
      </Placemark>
      <Placemark>
        <name>ROUND1 SUNVALLEY MALL</name>
        <description>185 Sunvalley Mall Concord, CA 94520&lt;br/&gt;maimai DX International Version&lt;br/&gt;maimai International official / ALL.Net&lt;br/&gt;&lt;a href="https://location.am-all.net/alm/shop?gm=98&amp;astep=1009&amp;sid=20877&amp;lang=en"&gt;Official detail&lt;/a&gt;</description>
        <styleUrl>#secondary</styleUrl>
        <ExtendedData>
          <Data name="id"><value>intl-1009-20877</value></Data>
          <Data name="area"><value>North America</value></Data>
          <Data name="address"><value>185 Sunvalley Mall Concord, CA 94520</value></Data>
        </ExtendedData>
        <Point>
          <coordinates>-122.0617194,37.9671559,0</coordinates>
        </Point>
      </Placemark>
      <Placemark>
        <name>ROUND1 TOWN EAST SQUARE</name>
        <description>7700 East Kellogg Drive, Suite G03J, Wichita, KS 67207&lt;br/&gt;maimai DX International Version&lt;br/&gt;maimai International official / ALL.Net&lt;br/&gt;&lt;a href="https://location.am-all.net/alm/shop?gm=98&amp;astep=1009&amp;sid=19757&amp;lang=en"&gt;Official detail&lt;/a&gt;</description>
        <styleUrl>#secondary</styleUrl>
        <ExtendedData>
          <Data name="id"><value>intl-1009-19757</value></Data>
          <Data name="area"><value>North America</value></Data>
          <Data name="address"><value>7700 East Kellogg Drive, Suite G03J, Wichita, KS 67207</value></Data>
        </ExtendedData>
        <Point>
          <coordinates>-97.2474183,37.6826997,0</coordinates>
        </Point>
      </Placemark>
      <Placemark>
        <name>ROUND1 TOWSON TOWN CENTER</name>
        <description>825 Dulaney Valley Road, Suite 1190, Towson, MD 21204&lt;br/&gt;maimai DX International Version&lt;br/&gt;maimai International official / ALL.Net&lt;br/&gt;&lt;a href="https://location.am-all.net/alm/shop?gm=98&amp;astep=1009&amp;sid=19988&amp;lang=en"&gt;Official detail&lt;/a&gt;</description>
        <styleUrl>#secondary</styleUrl>
        <ExtendedData>
          <Data name="id"><value>intl-1009-19988</value></Data>
          <Data name="area"><value>North America</value></Data>
          <Data name="address"><value>825 Dulaney Valley Road, Suite 1190, Towson, MD 21204</value></Data>
        </ExtendedData>
        <Point>
          <coordinates>-76.5990278,39.4042658,0</coordinates>
        </Point>
      </Placemark>
      <Placemark>
        <name>ROUND1 VALLEY RIVER CENTER</name>
        <description>600 Valley River Center, Suite 100, Eugene, OR 97401&lt;br/&gt;maimai DX International Version&lt;br/&gt;maimai International official / ALL.Net&lt;br/&gt;&lt;a href="https://location.am-all.net/alm/shop?gm=98&amp;astep=1009&amp;sid=19873&amp;lang=en"&gt;Official detail&lt;/a&gt;</description>
        <styleUrl>#secondary</styleUrl>
        <ExtendedData>
          <Data name="id"><value>intl-1009-19873</value></Data>
          <Data name="area"><value>North America</value></Data>
          <Data name="address"><value>600 Valley River Center, Suite 100, Eugene, OR 97401</value></Data>
        </ExtendedData>
        <Point>
          <coordinates>-123.1047543,44.0669886,0</coordinates>
        </Point>
      </Placemark>
      <Placemark>
        <name>ROUND1 VANCOUVER MALL</name>
        <description>8800 NE Vancouver Mall Dr., Suite 100, Vancouver, WA 98662&lt;br/&gt;maimai DX International Version&lt;br/&gt;maimai International official / ALL.Net&lt;br/&gt;&lt;a href="https://location.am-all.net/alm/shop?gm=98&amp;astep=1009&amp;sid=19642&amp;lang=en"&gt;Official detail&lt;/a&gt;</description>
        <styleUrl>#secondary</styleUrl>
        <ExtendedData>
          <Data name="id"><value>intl-1009-19642</value></Data>
          <Data name="area"><value>North America</value></Data>
          <Data name="address"><value>8800 NE Vancouver Mall Dr., Suite 100, Vancouver, WA 98662</value></Data>
        </ExtendedData>
        <Point>
          <coordinates>-122.5830218,45.6573284,0</coordinates>
        </Point>
      </Placemark>
      <Placemark>
        <name>SF JAPAN CENTER</name>
        <description>1581 Webster St #225 San Francisco, CA 94115&lt;br/&gt;maimai DX International Version&lt;br/&gt;maimai International official / ALL.Net&lt;br/&gt;&lt;a href="https://location.am-all.net/alm/shop?gm=98&amp;astep=1009&amp;sid=18524&amp;lang=en"&gt;Official detail&lt;/a&gt;</description>
        <styleUrl>#secondary</styleUrl>
        <ExtendedData>
          <Data name="id"><value>intl-1009-18524</value></Data>
          <Data name="area"><value>North America</value></Data>
          <Data name="address"><value>1581 Webster St #225 San Francisco, CA 94115</value></Data>
        </ExtendedData>
        <Point>
          <coordinates>-122.4317274,37.7849544,0</coordinates>
        </Point>
      </Placemark>
      <Placemark>
        <name>SOUTH POINT</name>
        <description>9777 S. Las Vegas Blvd, Las Vegas, NV 89183&lt;br/&gt;maimai DX International Version&lt;br/&gt;maimai International official / ALL.Net&lt;br/&gt;&lt;a href="https://location.am-all.net/alm/shop?gm=98&amp;astep=1009&amp;sid=18519&amp;lang=en"&gt;Official detail&lt;/a&gt;</description>
        <styleUrl>#secondary</styleUrl>
        <ExtendedData>
          <Data name="id"><value>intl-1009-18519</value></Data>
          <Data name="area"><value>North America</value></Data>
          <Data name="address"><value>9777 S. Las Vegas Blvd, Las Vegas, NV 89183</value></Data>
        </ExtendedData>
        <Point>
          <coordinates>-115.1751791,36.0112104,0</coordinates>
        </Point>
      </Placemark>
      <Placemark>
        <name>THE GAME ROOM POWERED BY HASBRO</name>
        <description>1 AMERICAN DREAM WAY #A-244 EAST RUTHERFORD NJ 07073&lt;br/&gt;maimai DX International Version&lt;br/&gt;maimai International official / ALL.Net&lt;br/&gt;&lt;a href="https://location.am-all.net/alm/shop?gm=98&amp;astep=1009&amp;sid=18498&amp;lang=en"&gt;Official detail&lt;/a&gt;</description>
        <styleUrl>#secondary</styleUrl>
        <ExtendedData>
          <Data name="id"><value>intl-1009-18498</value></Data>
          <Data name="area"><value>North America</value></Data>
          <Data name="address"><value>1 AMERICAN DREAM WAY #A-244 EAST RUTHERFORD NJ 07073</value></Data>
        </ExtendedData>
        <Point>
          <coordinates>-74.0690763,40.8100974,0</coordinates>
        </Point>
      </Placemark>
      <Placemark>
        <name>THE ORLEANS</name>
        <description>The Orleans Hotel Casino,4500 WTropicana Ave,Las Vegas,NV 89103&lt;br/&gt;maimai DX International Version&lt;br/&gt;maimai International official / ALL.Net&lt;br/&gt;&lt;a href="https://location.am-all.net/alm/shop?gm=98&amp;astep=1009&amp;sid=18520&amp;lang=en"&gt;Official detail&lt;/a&gt;</description>
        <styleUrl>#secondary</styleUrl>
        <ExtendedData>
          <Data name="id"><value>intl-1009-18520</value></Data>
          <Data name="area"><value>North America</value></Data>
          <Data name="address"><value>The Orleans Hotel Casino,4500 WTropicana Ave,Las Vegas,NV 89103</value></Data>
        </ExtendedData>
        <Point>
          <coordinates>-115.200939,36.1026267,0</coordinates>
        </Point>
      </Placemark>
      <Placemark>
        <name>UFO PANDA</name>
        <description>1245 Geneva Ave Oakdale MN 55128&lt;br/&gt;maimai DX International Version&lt;br/&gt;maimai International official / ALL.Net&lt;br/&gt;&lt;a href="https://location.am-all.net/alm/shop?gm=98&amp;astep=1009&amp;sid=18435&amp;lang=en"&gt;Official detail&lt;/a&gt;</description>
        <styleUrl>#secondary</styleUrl>
        <ExtendedData>
          <Data name="id"><value>intl-1009-18435</value></Data>
          <Data name="area"><value>North America</value></Data>
          <Data name="address"><value>1245 Geneva Ave Oakdale MN 55128</value></Data>
        </ExtendedData>
        <Point>
          <coordinates>-92.9841728,44.966239,0</coordinates>
        </Point>
      </Placemark>
      <Placemark>
        <name>WILLOWS HUCKLEBERRY LAND</name>
        <description>8730 HWY 2 E HUNGRY HORSE MT 59919&lt;br/&gt;maimai DX International Version&lt;br/&gt;maimai International official / ALL.Net&lt;br/&gt;&lt;a href="https://location.am-all.net/alm/shop?gm=98&amp;astep=1009&amp;sid=18393&amp;lang=en"&gt;Official detail&lt;/a&gt;</description>
        <styleUrl>#secondary</styleUrl>
        <ExtendedData>
          <Data name="id"><value>intl-1009-18393</value></Data>
          <Data name="area"><value>North America</value></Data>
          <Data name="address"><value>8730 HWY 2 E HUNGRY HORSE MT 59919</value></Data>
        </ExtendedData>
        <Point>
          <coordinates>-114.0704014,48.3856642,0</coordinates>
        </Point>
      </Placemark>
      <Placemark>
        <name>XSCAPE</name>
        <description>342 East Broadway Bloomington, MN 55425&lt;br/&gt;maimai DX International Version&lt;br/&gt;maimai International official / ALL.Net&lt;br/&gt;&lt;a href="https://location.am-all.net/alm/shop?gm=98&amp;astep=1009&amp;sid=18518&amp;lang=en"&gt;Official detail&lt;/a&gt;</description>
        <styleUrl>#secondary</styleUrl>
        <ExtendedData>
          <Data name="id"><value>intl-1009-18518</value></Data>
          <Data name="area"><value>North America</value></Data>
          <Data name="address"><value>342 East Broadway Bloomington, MN 55425</value></Data>
        </ExtendedData>
        <Point>
          <coordinates>-93.2402681,44.8540767,0</coordinates>
        </Point>
      </Placemark>
    </Folder>
    <Folder>
      <name>Philippines</name>
      <Placemark>
        <name>CLUB SYNERGY SM MEGAMALL</name>
        <description>LGF SM MEGAMALL, JULIA VARGAS COR EDSA, MANDALUYONG CITY&lt;br/&gt;maimai DX International Version&lt;br/&gt;maimai International official / ALL.Net&lt;br/&gt;&lt;a href="https://location.am-all.net/alm/shop?gm=98&amp;astep=1010&amp;sid=19751&amp;lang=en"&gt;Official detail&lt;/a&gt;</description>
        <styleUrl>#secondary</styleUrl>
        <ExtendedData>
          <Data name="id"><value>intl-1010-19751</value></Data>
          <Data name="area"><value>Philippines</value></Data>
          <Data name="address"><value>LGF SM MEGAMALL, JULIA VARGAS COR EDSA, MANDALUYONG CITY</value></Data>
        </ExtendedData>
        <Point>
          <coordinates>121.0569621,14.5851052,0</coordinates>
        </Point>
      </Placemark>
      <Placemark>
        <name>Q POWER STATION MALL OF ASIA</name>
        <description>3/F North Wing Expansion Area, SM Mall of Asia,OceanDrive,PASAY&lt;br/&gt;maimai DX International Version&lt;br/&gt;maimai International official / ALL.Net&lt;br/&gt;&lt;a href="https://location.am-all.net/alm/shop?gm=98&amp;astep=1010&amp;sid=19819&amp;lang=en"&gt;Official detail&lt;/a&gt;</description>
        <styleUrl>#secondary</styleUrl>
        <ExtendedData>
          <Data name="id"><value>intl-1010-19819</value></Data>
          <Data name="area"><value>Philippines</value></Data>
          <Data name="address"><value>3/F North Wing Expansion Area, SM Mall of Asia,OceanDrive,PASAY</value></Data>
        </ExtendedData>
        <Point>
          <coordinates>120.9826825,14.5349838,0</coordinates>
        </Point>
      </Placemark>
      <Placemark>
        <name>Q POWER STATION ROCKWELL</name>
        <description>AMAPOLA STREET, POBLACION, MAKATI CITY&lt;br/&gt;maimai DX International Version&lt;br/&gt;maimai International official / ALL.Net&lt;br/&gt;&lt;a href="https://location.am-all.net/alm/shop?gm=98&amp;astep=1010&amp;sid=19830&amp;lang=en"&gt;Official detail&lt;/a&gt;</description>
        <styleUrl>#secondary</styleUrl>
        <ExtendedData>
          <Data name="id"><value>intl-1010-19830</value></Data>
          <Data name="area"><value>Philippines</value></Data>
          <Data name="address"><value>AMAPOLA STREET, POBLACION, MAKATI CITY</value></Data>
        </ExtendedData>
        <Point>
          <coordinates>121.0406843,14.5631709,0</coordinates>
        </Point>
      </Placemark>
      <Placemark>
        <name>Q POWER STATION SANTOLAN</name>
        <description>3RD FL., SANTOLAN TOWN PLAZA MALL, LITTLE BAGUIO, SAN JUAN CITY&lt;br/&gt;maimai DX International Version&lt;br/&gt;maimai International official / ALL.Net&lt;br/&gt;&lt;a href="https://location.am-all.net/alm/shop?gm=98&amp;astep=1010&amp;sid=19784&amp;lang=en"&gt;Official detail&lt;/a&gt;</description>
        <styleUrl>#secondary</styleUrl>
        <ExtendedData>
          <Data name="id"><value>intl-1010-19784</value></Data>
          <Data name="area"><value>Philippines</value></Data>
          <Data name="address"><value>3RD FL., SANTOLAN TOWN PLAZA MALL, LITTLE BAGUIO, SAN JUAN CITY</value></Data>
        </ExtendedData>
        <Point>
          <coordinates>121.0339139,14.6041985,0</coordinates>
        </Point>
      </Placemark>
      <Placemark>
        <name>Q POWER STATION SHANGRILA</name>
        <description>EASTWING EDSA CORNER SHAW BOULEVARD, MANDALUYONG CITY&lt;br/&gt;maimai DX International Version&lt;br/&gt;maimai International official / ALL.Net&lt;br/&gt;&lt;a href="https://location.am-all.net/alm/shop?gm=98&amp;astep=1010&amp;sid=19822&amp;lang=en"&gt;Official detail&lt;/a&gt;</description>
        <styleUrl>#secondary</styleUrl>
        <ExtendedData>
          <Data name="id"><value>intl-1010-19822</value></Data>
          <Data name="area"><value>Philippines</value></Data>
          <Data name="address"><value>EASTWING EDSA CORNER SHAW BOULEVARD, MANDALUYONG CITY</value></Data>
        </ExtendedData>
        <Point>
          <coordinates>121.0538687,14.5812818,0</coordinates>
        </Point>
      </Placemark>
      <Placemark>
        <name>Q POWER STATION SM JMALL CEBU</name>
        <description>165 A.S. Fortuna St, Mandaue City&lt;br/&gt;maimai DX International Version&lt;br/&gt;maimai International official / ALL.Net&lt;br/&gt;&lt;a href="https://location.am-all.net/alm/shop?gm=98&amp;astep=1010&amp;sid=18746&amp;lang=en"&gt;Official detail&lt;/a&gt;</description>
        <styleUrl>#secondary</styleUrl>
        <ExtendedData>
          <Data name="id"><value>intl-1010-18746</value></Data>
          <Data name="area"><value>Philippines</value></Data>
          <Data name="address"><value>165 A.S. Fortuna St, Mandaue City</value></Data>
        </ExtendedData>
        <Point>
          <coordinates>123.9336908,10.335407,0</coordinates>
        </Point>
      </Placemark>
      <Placemark>
        <name>Q-POWER STATION PODIUM</name>
        <description>4TH FL.,THE PODIUM MALL,18ADB AVE.CORJULIA VARGAS, MANDALUYONG&lt;br/&gt;maimai DX International Version&lt;br/&gt;maimai International official / ALL.Net&lt;br/&gt;&lt;a href="https://location.am-all.net/alm/shop?gm=98&amp;astep=1010&amp;sid=19782&amp;lang=en"&gt;Official detail&lt;/a&gt;</description>
        <styleUrl>#secondary</styleUrl>
        <ExtendedData>
          <Data name="id"><value>intl-1010-19782</value></Data>
          <Data name="area"><value>Philippines</value></Data>
          <Data name="address"><value>4TH FL.,THE PODIUM MALL,18ADB AVE.CORJULIA VARGAS, MANDALUYONG</value></Data>
        </ExtendedData>
        <Point>
          <coordinates>121.0592867,14.585312,0</coordinates>
        </Point>
      </Placemark>
      <Placemark>
        <name>QUANTUM SM BACOLOD EXP</name>
        <description>SM BACOLOD EXP, SM CITY BACOLOD, RECLAMATION AREA, BACOLOD CITY&lt;br/&gt;maimai DX International Version&lt;br/&gt;maimai International official / ALL.Net&lt;br/&gt;&lt;a href="https://location.am-all.net/alm/shop?gm=98&amp;astep=1010&amp;sid=19818&amp;lang=en"&gt;Official detail&lt;/a&gt;</description>
        <styleUrl>#secondary</styleUrl>
        <ExtendedData>
          <Data name="id"><value>intl-1010-19818</value></Data>
          <Data name="area"><value>Philippines</value></Data>
          <Data name="address"><value>SM BACOLOD EXP, SM CITY BACOLOD, RECLAMATION AREA, BACOLOD CITY</value></Data>
        </ExtendedData>
        <Point>
          <coordinates>122.9426587,10.6707928,0</coordinates>
        </Point>
      </Placemark>
      <Placemark>
        <name>QUANTUM SM BACOOR</name>
        <description>LGF SM BACOOR, CORNER AGUINALDO&amp; TIRONA HWAY, BACOOR CAVITE&lt;br/&gt;maimai DX International Version&lt;br/&gt;maimai International official / ALL.Net&lt;br/&gt;&lt;a href="https://location.am-all.net/alm/shop?gm=98&amp;astep=1010&amp;sid=19823&amp;lang=en"&gt;Official detail&lt;/a&gt;</description>
        <styleUrl>#secondary</styleUrl>
        <ExtendedData>
          <Data name="id"><value>intl-1010-19823</value></Data>
          <Data name="area"><value>Philippines</value></Data>
          <Data name="address"><value>LGF SM BACOOR, CORNER AGUINALDO&amp; TIRONA HWAY, BACOOR CAVITE</value></Data>
        </ExtendedData>
        <Point>
          <coordinates>120.9517372,14.4448137,0</coordinates>
        </Point>
      </Placemark>
      <Placemark>
        <name>QUANTUM SM BAGUIO</name>
        <description>3/F SM BAGUIO, LUNETA HILL SESSION ROAD, BAGUIO CITY&lt;br/&gt;maimai DX International Version&lt;br/&gt;maimai International official / ALL.Net&lt;br/&gt;&lt;a href="https://location.am-all.net/alm/shop?gm=98&amp;astep=1010&amp;sid=19828&amp;lang=en"&gt;Official detail&lt;/a&gt;</description>
        <styleUrl>#secondary</styleUrl>
        <ExtendedData>
          <Data name="id"><value>intl-1010-19828</value></Data>
          <Data name="area"><value>Philippines</value></Data>
          <Data name="address"><value>3/F SM BAGUIO, LUNETA HILL SESSION ROAD, BAGUIO CITY</value></Data>
        </ExtendedData>
        <Point>
          <coordinates>120.5991997,16.4088814,0</coordinates>
        </Point>
      </Placemark>
      <Placemark>
        <name>QUANTUM SM BATAAN</name>
        <description>2nd Level, Sm City Bataan, Balanga, Bataan&lt;br/&gt;maimai DX International Version&lt;br/&gt;maimai International official / ALL.Net&lt;br/&gt;&lt;a href="https://location.am-all.net/alm/shop?gm=98&amp;astep=1010&amp;sid=18705&amp;lang=en"&gt;Official detail&lt;/a&gt;</description>
        <styleUrl>#secondary</styleUrl>
        <ExtendedData>
          <Data name="id"><value>intl-1010-18705</value></Data>
          <Data name="area"><value>Philippines</value></Data>
          <Data name="address"><value>2nd Level, Sm City Bataan, Balanga, Bataan</value></Data>
        </ExtendedData>
        <Point>
          <coordinates>120.5381408,14.6824965,0</coordinates>
        </Point>
      </Placemark>
      <Placemark>
        <name>QUANTUM SM CALAMBA</name>
        <description>NATIONAL HIGHWAY BRGY.REAL.CALAMBA CITY&lt;br/&gt;maimai DX International Version&lt;br/&gt;maimai International official / ALL.Net&lt;br/&gt;&lt;a href="https://location.am-all.net/alm/shop?gm=98&amp;astep=1010&amp;sid=19827&amp;lang=en"&gt;Official detail&lt;/a&gt;</description>
        <styleUrl>#secondary</styleUrl>
        <ExtendedData>
          <Data name="id"><value>intl-1010-19827</value></Data>
          <Data name="area"><value>Philippines</value></Data>
          <Data name="address"><value>NATIONAL HIGHWAY BRGY.REAL.CALAMBA CITY</value></Data>
        </ExtendedData>
        <Point>
          <coordinates>121.1393586,14.2204469,0</coordinates>
        </Point>
      </Placemark>
      <Placemark>
        <name>QUANTUM SM CITY LAOAG</name>
        <description>Barangay, 51-B Airport Rd, Laoag City, 2900 Ilocos Norte&lt;br/&gt;maimai DX International Version&lt;br/&gt;maimai International official / ALL.Net&lt;br/&gt;&lt;a href="https://location.am-all.net/alm/shop?gm=98&amp;astep=1010&amp;sid=18651&amp;lang=en"&gt;Official detail&lt;/a&gt;</description>
        <styleUrl>#secondary</styleUrl>
        <ExtendedData>
          <Data name="id"><value>intl-1010-18651</value></Data>
          <Data name="area"><value>Philippines</value></Data>
          <Data name="address"><value>Barangay, 51-B Airport Rd, Laoag City, 2900 Ilocos Norte</value></Data>
        </ExtendedData>
        <Point>
          <coordinates>120.578926,18.1877508,0</coordinates>
        </Point>
      </Placemark>
      <Placemark>
        <name>QUANTUM SM CITY MARILAO</name>
        <description>2F SM City Marilao Mc arthur highway brgy. ibayo marilao bulacan&lt;br/&gt;maimai DX International Version&lt;br/&gt;maimai International official / ALL.Net&lt;br/&gt;&lt;a href="https://location.am-all.net/alm/shop?gm=98&amp;astep=1010&amp;sid=18510&amp;lang=en"&gt;Official detail&lt;/a&gt;</description>
        <styleUrl>#secondary</styleUrl>
        <ExtendedData>
          <Data name="id"><value>intl-1010-18510</value></Data>
          <Data name="area"><value>Philippines</value></Data>
          <Data name="address"><value>2F SM City Marilao Mc arthur highway brgy. ibayo marilao bulacan</value></Data>
        </ExtendedData>
        <Point>
          <coordinates>120.9553142,14.7537754,0</coordinates>
        </Point>
      </Placemark>
      <Placemark>
        <name>QUANTUM SM CLARK</name>
        <description>SM CLARK M.A.ROXAS ST.,MALABANIAS,ANGELES CITY&lt;br/&gt;maimai DX International Version&lt;br/&gt;maimai International official / ALL.Net&lt;br/&gt;&lt;a href="https://location.am-all.net/alm/shop?gm=98&amp;astep=1010&amp;sid=19824&amp;lang=en"&gt;Official detail&lt;/a&gt;</description>
        <styleUrl>#secondary</styleUrl>
        <ExtendedData>
          <Data name="id"><value>intl-1010-19824</value></Data>
          <Data name="area"><value>Philippines</value></Data>
          <Data name="address"><value>SM CLARK M.A.ROXAS ST.,MALABANIAS,ANGELES CITY</value></Data>
        </ExtendedData>
        <Point>
          <coordinates>120.580085,15.1690253,0</coordinates>
        </Point>
      </Placemark>
      <Placemark>
        <name>QUANTUM SM DASMARINAS</name>
        <description>Dasmarinas, 4114 Cavite, Phillipines&lt;br/&gt;maimai DX International Version&lt;br/&gt;maimai International official / ALL.Net&lt;br/&gt;&lt;a href="https://location.am-all.net/alm/shop?gm=98&amp;astep=1010&amp;sid=19741&amp;lang=en"&gt;Official detail&lt;/a&gt;</description>
        <styleUrl>#secondary</styleUrl>
        <ExtendedData>
          <Data name="id"><value>intl-1010-19741</value></Data>
          <Data name="area"><value>Philippines</value></Data>
          <Data name="address"><value>Dasmarinas, 4114 Cavite, Phillipines</value></Data>
        </ExtendedData>
        <Point>
          <coordinates>120.9589699,14.2990183,0</coordinates>
        </Point>
      </Placemark>
      <Placemark>
        <name>QUANTUM SM GENERAL SANTOS</name>
        <description>2nd Floor SM General Santos Santiago Blvd General Santos City&lt;br/&gt;maimai DX International Version&lt;br/&gt;maimai International official / ALL.Net&lt;br/&gt;&lt;a href="https://location.am-all.net/alm/shop?gm=98&amp;astep=1010&amp;sid=18667&amp;lang=en"&gt;Official detail&lt;/a&gt;</description>
        <styleUrl>#secondary</styleUrl>
        <ExtendedData>
          <Data name="id"><value>intl-1010-18667</value></Data>
          <Data name="area"><value>Philippines</value></Data>
          <Data name="address"><value>2nd Floor SM General Santos Santiago Blvd General Santos City</value></Data>
        </ExtendedData>
        <Point>
          <coordinates>125.1810148,6.1154774,0</coordinates>
        </Point>
      </Placemark>
      <Placemark>
        <name>QUANTUM SM GRAND CENTRAL</name>
        <description>5TH Fl., Sm Grand Central, Rizal Ave., Caloocan City&lt;br/&gt;maimai DX International Version&lt;br/&gt;maimai International official / ALL.Net&lt;br/&gt;&lt;a href="https://location.am-all.net/alm/shop?gm=98&amp;astep=1010&amp;sid=19082&amp;lang=en"&gt;Official detail&lt;/a&gt;</description>
        <styleUrl>#secondary</styleUrl>
        <ExtendedData>
          <Data name="id"><value>intl-1010-19082</value></Data>
          <Data name="area"><value>Philippines</value></Data>
          <Data name="address"><value>5TH Fl., Sm Grand Central, Rizal Ave., Caloocan City</value></Data>
        </ExtendedData>
        <Point>
          <coordinates>120.9826056,14.6143876,0</coordinates>
        </Point>
      </Placemark>
      <Placemark>
        <name>QUANTUM SM LIPA</name>
        <description>2nd FL. SM LIPA,BATANGAS CITY&lt;br/&gt;maimai DX International Version&lt;br/&gt;maimai International official / ALL.Net&lt;br/&gt;&lt;a href="https://location.am-all.net/alm/shop?gm=98&amp;astep=1010&amp;sid=19167&amp;lang=en"&gt;Official detail&lt;/a&gt;</description>
        <styleUrl>#secondary</styleUrl>
        <ExtendedData>
          <Data name="id"><value>intl-1010-19167</value></Data>
          <Data name="area"><value>Philippines</value></Data>
          <Data name="address"><value>2nd FL. SM LIPA,BATANGAS CITY</value></Data>
        </ExtendedData>
        <Point>
          <coordinates>121.1635398,13.9540966,0</coordinates>
        </Point>
      </Placemark>
      <Placemark>
        <name>QUANTUM SM LUCENA</name>
        <description>2nd FL,140 Dalahican Road, corner Maharlika Hwy, Lucena&lt;br/&gt;maimai DX International Version&lt;br/&gt;maimai International official / ALL.Net&lt;br/&gt;&lt;a href="https://location.am-all.net/alm/shop?gm=98&amp;astep=1010&amp;sid=18703&amp;lang=en"&gt;Official detail&lt;/a&gt;</description>
        <styleUrl>#secondary</styleUrl>
        <ExtendedData>
          <Data name="id"><value>intl-1010-18703</value></Data>
          <Data name="area"><value>Philippines</value></Data>
          <Data name="address"><value>2nd FL,140 Dalahican Road, corner Maharlika Hwy, Lucena</value></Data>
        </ExtendedData>
        <Point>
          <coordinates>121.6246557,13.9410227,0</coordinates>
        </Point>
      </Placemark>
      <Placemark>
        <name>QUANTUM SM MANILA</name>
        <description>CORNER ARROCEROS, ERMITA, METROMANILA&lt;br/&gt;maimai DX International Version&lt;br/&gt;maimai International official / ALL.Net&lt;br/&gt;&lt;a href="https://location.am-all.net/alm/shop?gm=98&amp;astep=1010&amp;sid=19826&amp;lang=en"&gt;Official detail&lt;/a&gt;</description>
        <styleUrl>#secondary</styleUrl>
        <ExtendedData>
          <Data name="id"><value>intl-1010-19826</value></Data>
          <Data name="area"><value>Philippines</value></Data>
          <Data name="address"><value>CORNER ARROCEROS, ERMITA, METROMANILA</value></Data>
        </ExtendedData>
        <Point>
          <coordinates>120.9818685,14.5910393,0</coordinates>
        </Point>
      </Placemark>
      <Placemark>
        <name>QUANTUM SM MARIKINA</name>
        <description>BARANGAY CALUMPANG, BARANGKA, MARIKINA CITY&lt;br/&gt;maimai DX International Version&lt;br/&gt;maimai International official / ALL.Net&lt;br/&gt;&lt;a href="https://location.am-all.net/alm/shop?gm=98&amp;astep=1010&amp;sid=19821&amp;lang=en"&gt;Official detail&lt;/a&gt;</description>
        <styleUrl>#secondary</styleUrl>
        <ExtendedData>
          <Data name="id"><value>intl-1010-19821</value></Data>
          <Data name="area"><value>Philippines</value></Data>
          <Data name="address"><value>BARANGAY CALUMPANG, BARANGKA, MARIKINA CITY</value></Data>
        </ExtendedData>
        <Point>
          <coordinates>121.0865346,14.6249216,0</coordinates>
        </Point>
      </Placemark>
      <Placemark>
        <name>QUANTUM SM NORTH EDSA</name>
        <description>SM NORHT EDSA, QUEZON CITY&lt;br/&gt;maimai DX International Version&lt;br/&gt;maimai International official / ALL.Net&lt;br/&gt;&lt;a href="https://location.am-all.net/alm/shop?gm=98&amp;astep=1010&amp;sid=19831&amp;lang=en"&gt;Official detail&lt;/a&gt;</description>
        <styleUrl>#secondary</styleUrl>
        <ExtendedData>
          <Data name="id"><value>intl-1010-19831</value></Data>
          <Data name="area"><value>Philippines</value></Data>
          <Data name="address"><value>SM NORHT EDSA, QUEZON CITY</value></Data>
        </ExtendedData>
        <Point>
          <coordinates>121.0291307,14.6567726,0</coordinates>
        </Point>
      </Placemark>
      <Placemark>
        <name>QUANTUM SM NOVALICHES GF</name>
        <description>GF SM NOVALICHES, QUIRINO HWY.,NOVALICHES, QUEZON CITY&lt;br/&gt;maimai DX International Version&lt;br/&gt;maimai International official / ALL.Net&lt;br/&gt;&lt;a href="https://location.am-all.net/alm/shop?gm=98&amp;astep=1010&amp;sid=19750&amp;lang=en"&gt;Official detail&lt;/a&gt;</description>
        <styleUrl>#secondary</styleUrl>
        <ExtendedData>
          <Data name="id"><value>intl-1010-19750</value></Data>
          <Data name="area"><value>Philippines</value></Data>
          <Data name="address"><value>GF SM NOVALICHES, QUIRINO HWY.,NOVALICHES, QUEZON CITY</value></Data>
        </ExtendedData>
        <Point>
          <coordinates>121.0373958,14.708228,0</coordinates>
        </Point>
      </Placemark>
      <Placemark>
        <name>QUANTUM SM SAN LAZARO</name>
        <description>A.H LACSON STREET, SAN LAZARO,METRO MANILA&lt;br/&gt;maimai DX International Version&lt;br/&gt;maimai International official / ALL.Net&lt;br/&gt;&lt;a href="https://location.am-all.net/alm/shop?gm=98&amp;astep=1010&amp;sid=19829&amp;lang=en"&gt;Official detail&lt;/a&gt;</description>
        <styleUrl>#secondary</styleUrl>
        <ExtendedData>
          <Data name="id"><value>intl-1010-19829</value></Data>
          <Data name="area"><value>Philippines</value></Data>
          <Data name="address"><value>A.H LACSON STREET, SAN LAZARO,METRO MANILA</value></Data>
        </ExtendedData>
        <Point>
          <coordinates>120.9917042,14.610796,0</coordinates>
        </Point>
      </Placemark>
      <Placemark>
        <name>QUANTUM SM SEASIDE CEBU</name>
        <description>3104-3106 SM SEASIDE COMPLEX, SOUTH ROAD PROPERTIES, CEBU CITY&lt;br/&gt;maimai DX International Version&lt;br/&gt;maimai International official / ALL.Net&lt;br/&gt;&lt;a href="https://location.am-all.net/alm/shop?gm=98&amp;astep=1010&amp;sid=19820&amp;lang=en"&gt;Official detail&lt;/a&gt;</description>
        <styleUrl>#secondary</styleUrl>
        <ExtendedData>
          <Data name="id"><value>intl-1010-19820</value></Data>
          <Data name="area"><value>Philippines</value></Data>
          <Data name="address"><value>3104-3106 SM SEASIDE COMPLEX, SOUTH ROAD PROPERTIES, CEBU CITY</value></Data>
        </ExtendedData>
        <Point>
          <coordinates>123.8815772,10.2816376,0</coordinates>
        </Point>
      </Placemark>
      <Placemark>
        <name>QUANTUM SM SOUTHMALL</name>
        <description>LGF SM SOUTHMALL, ALMANZA, LAS PINAS CITY&lt;br/&gt;maimai DX International Version&lt;br/&gt;maimai International official / ALL.Net&lt;br/&gt;&lt;a href="https://location.am-all.net/alm/shop?gm=98&amp;astep=1010&amp;sid=19749&amp;lang=en"&gt;Official detail&lt;/a&gt;</description>
        <styleUrl>#secondary</styleUrl>
        <ExtendedData>
          <Data name="id"><value>intl-1010-19749</value></Data>
          <Data name="area"><value>Philippines</value></Data>
          <Data name="address"><value>LGF SM SOUTHMALL, ALMANZA, LAS PINAS CITY</value></Data>
        </ExtendedData>
        <Point>
          <coordinates>121.0101074,14.432971,0</coordinates>
        </Point>
      </Placemark>
      <Placemark>
        <name>QUANTUM SM STA ROSA</name>
        <description>SM City Sta. Rosa,Old National Hi-way,Sta.Rosa City,4026 Laguna&lt;br/&gt;maimai DX International Version&lt;br/&gt;maimai International official / ALL.Net&lt;br/&gt;&lt;a href="https://location.am-all.net/alm/shop?gm=98&amp;astep=1010&amp;sid=18761&amp;lang=en"&gt;Official detail&lt;/a&gt;</description>
        <styleUrl>#secondary</styleUrl>
        <ExtendedData>
          <Data name="id"><value>intl-1010-18761</value></Data>
          <Data name="area"><value>Philippines</value></Data>
          <Data name="address"><value>SM City Sta. Rosa,Old National Hi-way,Sta.Rosa City,4026 Laguna</value></Data>
        </ExtendedData>
        <Point>
          <coordinates>121.0983253,14.3128036,0</coordinates>
        </Point>
      </Placemark>
      <Placemark>
        <name>QUANTUM SM URDANETA</name>
        <description>Level2, SM Urdaneta Central, McArthur Hwy, Pangasinan&lt;br/&gt;maimai DX International Version&lt;br/&gt;maimai International official / ALL.Net&lt;br/&gt;&lt;a href="https://location.am-all.net/alm/shop?gm=98&amp;astep=1010&amp;sid=18704&amp;lang=en"&gt;Official detail&lt;/a&gt;</description>
        <styleUrl>#secondary</styleUrl>
        <ExtendedData>
          <Data name="id"><value>intl-1010-18704</value></Data>
          <Data name="area"><value>Philippines</value></Data>
          <Data name="address"><value>Level2, SM Urdaneta Central, McArthur Hwy, Pangasinan</value></Data>
        </ExtendedData>
        <Point>
          <coordinates>120.5718656,15.9711341,0</coordinates>
        </Point>
      </Placemark>
      <Placemark>
        <name>QUANTUM UPTOWN MALL BGC</name>
        <description>Uptown Mall,9th Ave cor36th St,Fort Bonifacio,Taguig,MetroManila&lt;br/&gt;maimai DX International Version&lt;br/&gt;maimai International official / ALL.Net&lt;br/&gt;&lt;a href="https://location.am-all.net/alm/shop?gm=98&amp;astep=1010&amp;sid=18763&amp;lang=en"&gt;Official detail&lt;/a&gt;</description>
        <styleUrl>#secondary</styleUrl>
        <ExtendedData>
          <Data name="id"><value>intl-1010-18763</value></Data>
          <Data name="area"><value>Philippines</value></Data>
          <Data name="address"><value>Uptown Mall,9th Ave cor36th St,Fort Bonifacio,Taguig,MetroManila</value></Data>
        </ExtendedData>
        <Point>
          <coordinates>121.054103,14.5565479,0</coordinates>
        </Point>
      </Placemark>
      <Placemark>
        <name>QUANTUM(SM STA.MESA)</name>
        <description>3FSMCitySta.Mesa,RamonMagsaysayBoulevard cor.AranetaAve,QuenzonC&lt;br/&gt;maimai DX International Version&lt;br/&gt;maimai International official / ALL.Net&lt;br/&gt;&lt;a href="https://location.am-all.net/alm/shop?gm=98&amp;astep=1010&amp;sid=19825&amp;lang=en"&gt;Official detail&lt;/a&gt;</description>
        <styleUrl>#secondary</styleUrl>
        <ExtendedData>
          <Data name="id"><value>intl-1010-19825</value></Data>
          <Data name="area"><value>Philippines</value></Data>
          <Data name="address"><value>3FSMCitySta.Mesa,RamonMagsaysayBoulevard cor.AranetaAve,QuenzonC</value></Data>
        </ExtendedData>
        <Point>
          <coordinates>121.0186901,14.6055525,0</coordinates>
        </Point>
      </Placemark>
      <Placemark>
        <name>TIMEZONE ALABANG TOWN CENTER MALL</name>
        <description>3rd Floor Alabang Town Center, Alabang, Muntinlupa City&lt;br/&gt;maimai DX International Version&lt;br/&gt;maimai International official / ALL.Net&lt;br/&gt;&lt;a href="https://location.am-all.net/alm/shop?gm=98&amp;astep=1010&amp;sid=18867&amp;lang=en"&gt;Official detail&lt;/a&gt;</description>
        <styleUrl>#secondary</styleUrl>
        <ExtendedData>
          <Data name="id"><value>intl-1010-18867</value></Data>
          <Data name="area"><value>Philippines</value></Data>
          <Data name="address"><value>3rd Floor Alabang Town Center, Alabang, Muntinlupa City</value></Data>
        </ExtendedData>
        <Point>
          <coordinates>121.0312031,14.4232712,0</coordinates>
        </Point>
      </Placemark>
      <Placemark>
        <name>TIMEZONE GLORIETTA 4 MALL</name>
        <description>4th Floor Glorietta 4, San Lorenzo, Makati City&lt;br/&gt;maimai DX International Version&lt;br/&gt;maimai International official / ALL.Net&lt;br/&gt;&lt;a href="https://location.am-all.net/alm/shop?gm=98&amp;astep=1010&amp;sid=18866&amp;lang=en"&gt;Official detail&lt;/a&gt;</description>
        <styleUrl>#secondary</styleUrl>
        <ExtendedData>
          <Data name="id"><value>intl-1010-18866</value></Data>
          <Data name="area"><value>Philippines</value></Data>
          <Data name="address"><value>4th Floor Glorietta 4, San Lorenzo, Makati City</value></Data>
        </ExtendedData>
        <Point>
          <coordinates>121.0264665,14.5511369,0</coordinates>
        </Point>
      </Placemark>
      <Placemark>
        <name>TIMEZONE GREENHILLS MALL</name>
        <description>Greenhills Mall Phase 1Greenhills Center,Greenhills,SanJuan City&lt;br/&gt;maimai DX International Version&lt;br/&gt;maimai International official / ALL.Net&lt;br/&gt;&lt;a href="https://location.am-all.net/alm/shop?gm=98&amp;astep=1010&amp;sid=18865&amp;lang=en"&gt;Official detail&lt;/a&gt;</description>
        <styleUrl>#secondary</styleUrl>
        <ExtendedData>
          <Data name="id"><value>intl-1010-18865</value></Data>
          <Data name="area"><value>Philippines</value></Data>
          <Data name="address"><value>Greenhills Mall Phase 1Greenhills Center,Greenhills,SanJuan City</value></Data>
        </ExtendedData>
        <Point>
          <coordinates>121.048813,14.6013406,0</coordinates>
        </Point>
      </Placemark>
      <Placemark>
        <name>TIMEZONE SM MEGAMALL</name>
        <description>L Ground Fl Bldg B Megamall Edsa J Vargas Wack Wack Greenhills&lt;br/&gt;maimai DX International Version&lt;br/&gt;maimai International official / ALL.Net&lt;br/&gt;&lt;a href="https://location.am-all.net/alm/shop?gm=98&amp;astep=1010&amp;sid=18598&amp;lang=en"&gt;Official detail&lt;/a&gt;</description>
        <styleUrl>#secondary</styleUrl>
        <ExtendedData>
          <Data name="id"><value>intl-1010-18598</value></Data>
          <Data name="area"><value>Philippines</value></Data>
          <Data name="address"><value>L Ground Fl Bldg B Megamall Edsa J Vargas Wack Wack Greenhills</value></Data>
        </ExtendedData>
        <Point>
          <coordinates>121.0535762,14.5922687,0</coordinates>
        </Point>
      </Placemark>
      <Placemark>
        <name>TIMEZONE TRINOMA MALL</name>
        <description>4th Floor Trinoma North Ave. Bagong Pag-asa, Quezon City&lt;br/&gt;maimai DX International Version&lt;br/&gt;maimai International official / ALL.Net&lt;br/&gt;&lt;a href="https://location.am-all.net/alm/shop?gm=98&amp;astep=1010&amp;sid=18868&amp;lang=en"&gt;Official detail&lt;/a&gt;</description>
        <styleUrl>#secondary</styleUrl>
        <ExtendedData>
          <Data name="id"><value>intl-1010-18868</value></Data>
          <Data name="area"><value>Philippines</value></Data>
          <Data name="address"><value>4th Floor Trinoma North Ave. Bagong Pag-asa, Quezon City</value></Data>
        </ExtendedData>
        <Point>
          <coordinates>121.0333699,14.6533554,0</coordinates>
        </Point>
      </Placemark>
      <Placemark>
        <name>TIMEZONE UP TOWN CENTER</name>
        <description>2F UP Town Center Phase 2 Katipunan Ave. U.P. Campus, Diliman&lt;br/&gt;maimai DX International Version&lt;br/&gt;maimai International official / ALL.Net&lt;br/&gt;&lt;a href="https://location.am-all.net/alm/shop?gm=98&amp;astep=1010&amp;sid=18671&amp;lang=en"&gt;Official detail&lt;/a&gt;</description>
        <styleUrl>#secondary</styleUrl>
        <ExtendedData>
          <Data name="id"><value>intl-1010-18671</value></Data>
          <Data name="area"><value>Philippines</value></Data>
          <Data name="address"><value>2F UP Town Center Phase 2 Katipunan Ave. U.P. Campus, Diliman</value></Data>
        </ExtendedData>
        <Point>
          <coordinates>121.0746778,14.6507347,0</coordinates>
        </Point>
      </Placemark>
    </Folder>
    <Folder>
      <name>Singapore</name>
      <Placemark>
        <name>BUNNYSIDE BASEMENT</name>
        <description>637 Balestier Road Singapore 329921&lt;br/&gt;maimai DX International Version&lt;br/&gt;maimai International official / ALL.Net&lt;br/&gt;&lt;a href="https://location.am-all.net/alm/shop?gm=98&amp;astep=1003&amp;sid=18910&amp;lang=en"&gt;Official detail&lt;/a&gt;</description>
        <styleUrl>#secondary</styleUrl>
        <ExtendedData>
          <Data name="id"><value>intl-1003-18910</value></Data>
          <Data name="area"><value>Singapore</value></Data>
          <Data name="address"><value>637 Balestier Road Singapore 329921</value></Data>
        </ExtendedData>
        <Point>
          <coordinates>103.8500107,1.2997043,0</coordinates>
        </Point>
      </Placemark>
      <Placemark>
        <name>COW PLAY COW MOO 313 SOMERSET</name>
        <description>313 ORCHARD ROAD #05-05, SINGAPORE 238895&lt;br/&gt;maimai DX International Version&lt;br/&gt;maimai International official / ALL.Net&lt;br/&gt;&lt;a href="https://location.am-all.net/alm/shop?gm=98&amp;astep=1003&amp;sid=18768&amp;lang=en"&gt;Official detail&lt;/a&gt;</description>
        <styleUrl>#secondary</styleUrl>
        <ExtendedData>
          <Data name="id"><value>intl-1003-18768</value></Data>
          <Data name="area"><value>Singapore</value></Data>
          <Data name="address"><value>313 ORCHARD ROAD #05-05, SINGAPORE 238895</value></Data>
        </ExtendedData>
        <Point>
          <coordinates>103.8384727,1.3009665,0</coordinates>
        </Point>
      </Placemark>
      <Placemark>
        <name>COW PLAY COW MOO CENTURY SQUARE</name>
        <description>2 Tampines Central 5 04-07/ 19/20/ 21 Singapore 529509&lt;br/&gt;maimai DX International Version&lt;br/&gt;maimai International official / ALL.Net&lt;br/&gt;&lt;a href="https://location.am-all.net/alm/shop?gm=98&amp;astep=1003&amp;sid=18985&amp;lang=en"&gt;Official detail&lt;/a&gt;</description>
        <styleUrl>#secondary</styleUrl>
        <ExtendedData>
          <Data name="id"><value>intl-1003-18985</value></Data>
          <Data name="area"><value>Singapore</value></Data>
          <Data name="address"><value>2 Tampines Central 5 04-07/ 19/20/ 21 Singapore 529509</value></Data>
        </ExtendedData>
        <Point>
          <coordinates>103.9438567,1.3523888,0</coordinates>
        </Point>
      </Placemark>
      <Placemark>
        <name>COW PLAY COW MOO DOWNTOWN EAST</name>
        <description>1 Pasir Ris Close,#04-102,Singapole 519599&lt;br/&gt;maimai DX International Version&lt;br/&gt;maimai International official / ALL.Net&lt;br/&gt;&lt;a href="https://location.am-all.net/alm/shop?gm=98&amp;astep=1003&amp;sid=19602&amp;lang=en"&gt;Official detail&lt;/a&gt;</description>
        <styleUrl>#secondary</styleUrl>
        <ExtendedData>
          <Data name="id"><value>intl-1003-19602</value></Data>
          <Data name="area"><value>Singapore</value></Data>
          <Data name="address"><value>1 Pasir Ris Close,#04-102,Singapole 519599</value></Data>
        </ExtendedData>
        <Point>
          <coordinates>103.9544216,1.3769815,0</coordinates>
        </Point>
      </Placemark>
      <Placemark>
        <name>COW PLAY COW MOO JURONG POINT</name>
        <description>1 Jurong West Central 2 03-15/ 16/ 17 Singapore 648886&lt;br/&gt;maimai DX International Version&lt;br/&gt;maimai International official / ALL.Net&lt;br/&gt;&lt;a href="https://location.am-all.net/alm/shop?gm=98&amp;astep=1003&amp;sid=18984&amp;lang=en"&gt;Official detail&lt;/a&gt;</description>
        <styleUrl>#secondary</styleUrl>
        <ExtendedData>
          <Data name="id"><value>intl-1003-18984</value></Data>
          <Data name="area"><value>Singapore</value></Data>
          <Data name="address"><value>1 Jurong West Central 2 03-15/ 16/ 17 Singapore 648886</value></Data>
        </ExtendedData>
        <Point>
          <coordinates>103.7062886,1.3399257,0</coordinates>
        </Point>
      </Placemark>
      <Placemark>
        <name>COW PLAY COW MOO NORTHSHORE PLAZA 2</name>
        <description>418 Northshore Drive 03-01/ 02 Singapore 820418&lt;br/&gt;maimai DX International Version&lt;br/&gt;maimai International official / ALL.Net&lt;br/&gt;&lt;a href="https://location.am-all.net/alm/shop?gm=98&amp;astep=1003&amp;sid=18935&amp;lang=en"&gt;Official detail&lt;/a&gt;</description>
        <styleUrl>#secondary</styleUrl>
        <ExtendedData>
          <Data name="id"><value>intl-1003-18935</value></Data>
          <Data name="area"><value>Singapore</value></Data>
          <Data name="address"><value>418 Northshore Drive 03-01/ 02 Singapore 820418</value></Data>
        </ExtendedData>
        <Point>
          <coordinates>103.9013264,1.4176495,0</coordinates>
        </Point>
      </Placemark>
      <Placemark>
        <name>COW PLAY COW MOO SUN PLAZA</name>
        <description>30 Sembawang Drive 03-14 Singapore 757713&lt;br/&gt;maimai DX International Version&lt;br/&gt;maimai International official / ALL.Net&lt;br/&gt;&lt;a href="https://location.am-all.net/alm/shop?gm=98&amp;astep=1003&amp;sid=18934&amp;lang=en"&gt;Official detail&lt;/a&gt;</description>
        <styleUrl>#secondary</styleUrl>
        <ExtendedData>
          <Data name="id"><value>intl-1003-18934</value></Data>
          <Data name="area"><value>Singapore</value></Data>
          <Data name="address"><value>30 Sembawang Drive 03-14 Singapore 757713</value></Data>
        </ExtendedData>
        <Point>
          <coordinates>103.8196887,1.4482678,0</coordinates>
        </Point>
      </Placemark>
      <Placemark>
        <name>COW PLAY COW MOO SUNTEC CITY</name>
        <description>Sun Tec City 3Temasek Boulevard, 02-408/409,Singapore 038983&lt;br/&gt;maimai DX International Version&lt;br/&gt;maimai International official / ALL.Net&lt;br/&gt;&lt;a href="https://location.am-all.net/alm/shop?gm=98&amp;astep=1003&amp;sid=19880&amp;lang=en"&gt;Official detail&lt;/a&gt;</description>
        <styleUrl>#secondary</styleUrl>
        <ExtendedData>
          <Data name="id"><value>intl-1003-19880</value></Data>
          <Data name="area"><value>Singapore</value></Data>
          <Data name="address"><value>Sun Tec City 3Temasek Boulevard, 02-408/409,Singapore 038983</value></Data>
        </ExtendedData>
        <Point>
          <coordinates>103.8583026,1.29503,0</coordinates>
        </Point>
      </Placemark>
      <Placemark>
        <name>COW PLAY COW MOO WISTERIA MALL</name>
        <description>598 Yishun Ring Road B1-02 Singapore 768698&lt;br/&gt;maimai DX International Version&lt;br/&gt;maimai International official / ALL.Net&lt;br/&gt;&lt;a href="https://location.am-all.net/alm/shop?gm=98&amp;astep=1003&amp;sid=18936&amp;lang=en"&gt;Official detail&lt;/a&gt;</description>
        <styleUrl>#secondary</styleUrl>
        <ExtendedData>
          <Data name="id"><value>intl-1003-18936</value></Data>
          <Data name="area"><value>Singapore</value></Data>
          <Data name="address"><value>598 Yishun Ring Road B1-02 Singapore 768698</value></Data>
        </ExtendedData>
        <Point>
          <coordinates>103.8410316,1.4182745,0</coordinates>
        </Point>
      </Placemark>
      <Placemark>
        <name>COW PLAY COW MOO WOODLANDS</name>
        <description>11 Woodlands Square #B1-12/13/14/15/16&lt;br/&gt;maimai DX International Version&lt;br/&gt;maimai International official / ALL.Net&lt;br/&gt;&lt;a href="https://location.am-all.net/alm/shop?gm=98&amp;astep=1003&amp;sid=18617&amp;lang=en"&gt;Official detail&lt;/a&gt;</description>
        <styleUrl>#secondary</styleUrl>
        <ExtendedData>
          <Data name="id"><value>intl-1003-18617</value></Data>
          <Data name="area"><value>Singapore</value></Data>
          <Data name="address"><value>11 Woodlands Square #B1-12/13/14/15/16</value></Data>
        </ExtendedData>
        <Point>
          <coordinates>103.7876046,1.4371844,0</coordinates>
        </Point>
      </Placemark>
      <Placemark>
        <name>FAT CAT HILLION</name>
        <description>Hillion Mall #01-28.17 Petir Rd, Singapore 678278&lt;br/&gt;maimai DX International Version&lt;br/&gt;maimai International official / ALL.Net&lt;br/&gt;&lt;a href="https://location.am-all.net/alm/shop?gm=98&amp;astep=1003&amp;sid=19428&amp;lang=en"&gt;Official detail&lt;/a&gt;</description>
        <styleUrl>#secondary</styleUrl>
        <ExtendedData>
          <Data name="id"><value>intl-1003-19428</value></Data>
          <Data name="area"><value>Singapore</value></Data>
          <Data name="address"><value>Hillion Mall #01-28.17 Petir Rd, Singapore 678278</value></Data>
        </ExtendedData>
        <Point>
          <coordinates>103.7632117,1.3784819,0</coordinates>
        </Point>
      </Placemark>
      <Placemark>
        <name>FUNTAN KINEX</name>
        <description>11 Tanjong Katong Road #B1-21 ,Kinex Singapore 437157&lt;br/&gt;maimai DX International Version&lt;br/&gt;maimai International official / ALL.Net&lt;br/&gt;&lt;a href="https://location.am-all.net/alm/shop?gm=98&amp;astep=1003&amp;sid=18773&amp;lang=en"&gt;Official detail&lt;/a&gt;</description>
        <styleUrl>#secondary</styleUrl>
        <ExtendedData>
          <Data name="id"><value>intl-1003-18773</value></Data>
          <Data name="area"><value>Singapore</value></Data>
          <Data name="address"><value>11 Tanjong Katong Road #B1-21 ,Kinex Singapore 437157</value></Data>
        </ExtendedData>
        <Point>
          <coordinates>103.8962665,1.3045681,0</coordinates>
        </Point>
      </Placemark>
      <Placemark>
        <name>LOT1 SHOPPER'S MALL</name>
        <description>No.21,Choa Chu Kang Ave 4,#5-01/02/03,Singapore 689812&lt;br/&gt;maimai DX International Version&lt;br/&gt;maimai International official / ALL.Net&lt;br/&gt;&lt;a href="https://location.am-all.net/alm/shop?gm=98&amp;astep=1003&amp;sid=19480&amp;lang=en"&gt;Official detail&lt;/a&gt;</description>
        <styleUrl>#secondary</styleUrl>
        <ExtendedData>
          <Data name="id"><value>intl-1003-19480</value></Data>
          <Data name="area"><value>Singapore</value></Data>
          <Data name="address"><value>No.21,Choa Chu Kang Ave 4,#5-01/02/03,Singapore 689812</value></Data>
        </ExtendedData>
        <Point>
          <coordinates>103.7449371,1.3852086,0</coordinates>
        </Point>
      </Placemark>
      <Placemark>
        <name>PACO FUNWORLD IMALL</name>
        <description>5 Marine Parade Central #B1-01/02 Singpoare 449410&lt;br/&gt;maimai DX International Version&lt;br/&gt;maimai International official / ALL.Net&lt;br/&gt;&lt;a href="https://location.am-all.net/alm/shop?gm=98&amp;astep=1003&amp;sid=18622&amp;lang=en"&gt;Official detail&lt;/a&gt;</description>
        <styleUrl>#secondary</styleUrl>
        <ExtendedData>
          <Data name="id"><value>intl-1003-18622</value></Data>
          <Data name="area"><value>Singapore</value></Data>
          <Data name="address"><value>5 Marine Parade Central #B1-01/02 Singpoare 449410</value></Data>
        </ExtendedData>
        <Point>
          <coordinates>103.9066474,1.3031579,0</coordinates>
        </Point>
      </Placemark>
      <Placemark>
        <name>PACO FUNWORLD i12</name>
        <description>112 E Coast Rd, #04-23/24/25/26i12 Katong, Singapore 428802&lt;br/&gt;maimai DX International Version&lt;br/&gt;maimai International official / ALL.Net&lt;br/&gt;&lt;a href="https://location.am-all.net/alm/shop?gm=98&amp;astep=1003&amp;sid=18840&amp;lang=en"&gt;Official detail&lt;/a&gt;</description>
        <styleUrl>#secondary</styleUrl>
        <ExtendedData>
          <Data name="id"><value>intl-1003-18840</value></Data>
          <Data name="area"><value>Singapore</value></Data>
          <Data name="address"><value>112 E Coast Rd, #04-23/24/25/26i12 Katong, Singapore 428802</value></Data>
        </ExtendedData>
        <Point>
          <coordinates>103.9050645,1.3052002,0</coordinates>
        </Point>
      </Placemark>
      <Placemark>
        <name>PACO FUNWORLD(BUGIS PLUS)</name>
        <description>Bugis Plus201 VictoriaStreet,#05-07Singapore&lt;br/&gt;maimai DX International Version&lt;br/&gt;maimai International official / ALL.Net&lt;br/&gt;&lt;a href="https://location.am-all.net/alm/shop?gm=98&amp;astep=1003&amp;sid=19877&amp;lang=en"&gt;Official detail&lt;/a&gt;</description>
        <styleUrl>#secondary</styleUrl>
        <ExtendedData>
          <Data name="id"><value>intl-1003-19877</value></Data>
          <Data name="area"><value>Singapore</value></Data>
          <Data name="address"><value>Bugis Plus201 VictoriaStreet,#05-07Singapore</value></Data>
        </ExtendedData>
        <Point>
          <coordinates>103.8542325,1.2996018,0</coordinates>
        </Point>
      </Placemark>
      <Placemark>
        <name>PACO FUNWORLD(KALLANG WAVE MALL)</name>
        <description>1 Stadium Place 01-59102 Singapore 397628&lt;br/&gt;maimai DX International Version&lt;br/&gt;maimai International official / ALL.Net&lt;br/&gt;&lt;a href="https://location.am-all.net/alm/shop?gm=98&amp;astep=1003&amp;sid=19934&amp;lang=en"&gt;Official detail&lt;/a&gt;</description>
        <styleUrl>#secondary</styleUrl>
        <ExtendedData>
          <Data name="id"><value>intl-1003-19934</value></Data>
          <Data name="area"><value>Singapore</value></Data>
          <Data name="address"><value>1 Stadium Place 01-59102 Singapore 397628</value></Data>
        </ExtendedData>
        <Point>
          <coordinates>103.8736219,1.3025249,0</coordinates>
        </Point>
      </Placemark>
      <Placemark>
        <name>TIMEZONE CAUSEWAY POINT</name>
        <description>1 WOODLANDS SQUARE #07-02CAUSEWAY POINT SINGAPORE&lt;br/&gt;maimai DX International Version&lt;br/&gt;maimai International official / ALL.Net&lt;br/&gt;&lt;a href="https://location.am-all.net/alm/shop?gm=98&amp;astep=1003&amp;sid=24433&amp;lang=en"&gt;Official detail&lt;/a&gt;</description>
        <styleUrl>#secondary</styleUrl>
        <ExtendedData>
          <Data name="id"><value>intl-1003-24433</value></Data>
          <Data name="area"><value>Singapore</value></Data>
          <Data name="address"><value>1 WOODLANDS SQUARE #07-02CAUSEWAY POINT SINGAPORE</value></Data>
        </ExtendedData>
        <Point>
          <coordinates>103.785956374799,1.43610307393434,0</coordinates>
        </Point>
      </Placemark>
      <Placemark>
        <name>TIMEZONE CITY SQUARE MALL</name>
        <description>180 KITCHENER ROAD #04-24/29,CITY SQUARE MALL SINGAPORE208539&lt;br/&gt;maimai DX International Version&lt;br/&gt;maimai International official / ALL.Net&lt;br/&gt;&lt;a href="https://location.am-all.net/alm/shop?gm=98&amp;astep=1003&amp;sid=21157&amp;lang=en"&gt;Official detail&lt;/a&gt;</description>
        <styleUrl>#secondary</styleUrl>
        <ExtendedData>
          <Data name="id"><value>intl-1003-21157</value></Data>
          <Data name="area"><value>Singapore</value></Data>
          <Data name="address"><value>180 KITCHENER ROAD #04-24/29,CITY SQUARE MALL SINGAPORE208539</value></Data>
        </ExtendedData>
        <Point>
          <coordinates>103.856662858504,1.31146985700655,0</coordinates>
        </Point>
      </Placemark>
      <Placemark>
        <name>TIMEZONE JURONG POINT</name>
        <description>1 Jurong West Central 2, #02-45, Singapore 648886&lt;br/&gt;maimai DX International Version&lt;br/&gt;maimai International official / ALL.Net&lt;br/&gt;&lt;a href="https://location.am-all.net/alm/shop?gm=98&amp;astep=1003&amp;sid=19170&amp;lang=en"&gt;Official detail&lt;/a&gt;</description>
        <styleUrl>#secondary</styleUrl>
        <ExtendedData>
          <Data name="id"><value>intl-1003-19170</value></Data>
          <Data name="area"><value>Singapore</value></Data>
          <Data name="address"><value>1 Jurong West Central 2, #02-45, Singapore 648886</value></Data>
        </ExtendedData>
        <Point>
          <coordinates>103.7062886,1.3399257,0</coordinates>
        </Point>
      </Placemark>
      <Placemark>
        <name>TIMEZONE NORTH POINT</name>
        <description>930 YISHUN AVE.2 #03-30,NORTHPOINT, SINGAPORE&lt;br/&gt;maimai DX International Version&lt;br/&gt;maimai International official / ALL.Net&lt;br/&gt;&lt;a href="https://location.am-all.net/alm/shop?gm=98&amp;astep=1003&amp;sid=21435&amp;lang=en"&gt;Official detail&lt;/a&gt;</description>
        <styleUrl>#secondary</styleUrl>
        <ExtendedData>
          <Data name="id"><value>intl-1003-21435</value></Data>
          <Data name="area"><value>Singapore</value></Data>
          <Data name="address"><value>930 YISHUN AVE.2 #03-30,NORTHPOINT, SINGAPORE</value></Data>
        </ExtendedData>
        <Point>
          <coordinates>103.835776371199,1.42935181196729,0</coordinates>
        </Point>
      </Placemark>
      <Placemark>
        <name>TIMEZONE ORX</name>
        <description>437 Orchard Road. #B1-01/05, #B1-07/18, Common Area, Orchard&lt;br/&gt;maimai DX International Version&lt;br/&gt;maimai International official / ALL.Net&lt;br/&gt;&lt;a href="https://location.am-all.net/alm/shop?gm=98&amp;astep=1003&amp;sid=19091&amp;lang=en"&gt;Official detail&lt;/a&gt;</description>
        <styleUrl>#secondary</styleUrl>
        <ExtendedData>
          <Data name="id"><value>intl-1003-19091</value></Data>
          <Data name="area"><value>Singapore</value></Data>
          <Data name="address"><value>437 Orchard Road. #B1-01/05, #B1-07/18, Common Area, Orchard</value></Data>
        </ExtendedData>
        <Point>
          <coordinates>103.8322954,1.3033191,0</coordinates>
        </Point>
      </Placemark>
      <Placemark>
        <name>TIMEZONE OUR TAMPINES HUB</name>
        <description>51TAMPINES AVENUE4#B1-13OUR TAMPINES HUB SINGAPORE 529684&lt;br/&gt;maimai DX International Version&lt;br/&gt;maimai International official / ALL.Net&lt;br/&gt;&lt;a href="https://location.am-all.net/alm/shop?gm=98&amp;astep=1003&amp;sid=20789&amp;lang=en"&gt;Official detail&lt;/a&gt;</description>
        <styleUrl>#secondary</styleUrl>
        <ExtendedData>
          <Data name="id"><value>intl-1003-20789</value></Data>
          <Data name="area"><value>Singapore</value></Data>
          <Data name="address"><value>51TAMPINES AVENUE4#B1-13OUR TAMPINES HUB SINGAPORE 529684</value></Data>
        </ExtendedData>
        <Point>
          <coordinates>103.9382917,1.3459383,0</coordinates>
        </Point>
      </Placemark>
      <Placemark>
        <name>TIMEZONE PASIR RIS MALL</name>
        <description>7 Pasir Ris Central, #2-55 Pasir Ris Mall, Singapore 519612&lt;br/&gt;maimai DX International Version&lt;br/&gt;maimai International official / ALL.Net&lt;br/&gt;&lt;a href="https://location.am-all.net/alm/shop?gm=98&amp;astep=1003&amp;sid=18808&amp;lang=en"&gt;Official detail&lt;/a&gt;</description>
        <styleUrl>#secondary</styleUrl>
        <ExtendedData>
          <Data name="id"><value>intl-1003-18808</value></Data>
          <Data name="area"><value>Singapore</value></Data>
          <Data name="address"><value>7 Pasir Ris Central, #2-55 Pasir Ris Mall, Singapore 519612</value></Data>
        </ExtendedData>
        <Point>
          <coordinates>103.9495328,1.3720644,0</coordinates>
        </Point>
      </Placemark>
      <Placemark>
        <name>TIMEZONE PLAZA SINGAPURA</name>
        <description>#07-02/03 68 ORCHARD ROAD,SINGAPORE 238839&lt;br/&gt;maimai DX International Version&lt;br/&gt;maimai International official / ALL.Net&lt;br/&gt;&lt;a href="https://location.am-all.net/alm/shop?gm=98&amp;astep=1003&amp;sid=21089&amp;lang=en"&gt;Official detail&lt;/a&gt;</description>
        <styleUrl>#secondary</styleUrl>
        <ExtendedData>
          <Data name="id"><value>intl-1003-21089</value></Data>
          <Data name="area"><value>Singapore</value></Data>
          <Data name="address"><value>#07-02/03 68 ORCHARD ROAD,SINGAPORE 238839</value></Data>
        </ExtendedData>
        <Point>
          <coordinates>103.844911363507,1.30061930000001,0</coordinates>
        </Point>
      </Placemark>
      <Placemark>
        <name>TIMEZONE WATERWAY POINT</name>
        <description>83 Punggol Central, 02-19 Waterway Point, Singapore 828761&lt;br/&gt;maimai DX International Version&lt;br/&gt;maimai International official / ALL.Net&lt;br/&gt;&lt;a href="https://location.am-all.net/alm/shop?gm=98&amp;astep=1003&amp;sid=18615&amp;lang=en"&gt;Official detail&lt;/a&gt;</description>
        <styleUrl>#secondary</styleUrl>
        <ExtendedData>
          <Data name="id"><value>intl-1003-18615</value></Data>
          <Data name="area"><value>Singapore</value></Data>
          <Data name="address"><value>83 Punggol Central, 02-19 Waterway Point, Singapore 828761</value></Data>
        </ExtendedData>
        <Point>
          <coordinates>103.9016662,1.4068875,0</coordinates>
        </Point>
      </Placemark>
      <Placemark>
        <name>TIMEZONE WESTGATE</name>
        <description>3 Gateway Drive,#B1-45/46 Westgate Singapore 608532&lt;br/&gt;maimai DX International Version&lt;br/&gt;maimai International official / ALL.Net&lt;br/&gt;&lt;a href="https://location.am-all.net/alm/shop?gm=98&amp;astep=1003&amp;sid=19416&amp;lang=en"&gt;Official detail&lt;/a&gt;</description>
        <styleUrl>#secondary</styleUrl>
        <ExtendedData>
          <Data name="id"><value>intl-1003-19416</value></Data>
          <Data name="area"><value>Singapore</value></Data>
          <Data name="address"><value>3 Gateway Drive,#B1-45/46 Westgate Singapore 608532</value></Data>
        </ExtendedData>
        <Point>
          <coordinates>103.74275,1.3345,0</coordinates>
        </Point>
      </Placemark>
      <Placemark>
        <name>VIRTUALAND BUGIS+</name>
        <description>201 Victoria Street , #05-04/05/06 Bugis+, Singapore 188067&lt;br/&gt;maimai DX International Version&lt;br/&gt;maimai International official / ALL.Net&lt;br/&gt;&lt;a href="https://location.am-all.net/alm/shop?gm=98&amp;astep=1003&amp;sid=20578&amp;lang=en"&gt;Official detail&lt;/a&gt;</description>
        <styleUrl>#secondary</styleUrl>
        <ExtendedData>
          <Data name="id"><value>intl-1003-20578</value></Data>
          <Data name="area"><value>Singapore</value></Data>
          <Data name="address"><value>201 Victoria Street , #05-04/05/06 Bugis+, Singapore 188067</value></Data>
        </ExtendedData>
        <Point>
          <coordinates>103.85455,1.2998,0</coordinates>
        </Point>
      </Placemark>
      <Placemark>
        <name>VIRTUALAND(NEX)</name>
        <description>23, SERANGOON CENTRAL #04-65 NEX SINGAPORE&lt;br/&gt;maimai DX International Version&lt;br/&gt;maimai International official / ALL.Net&lt;br/&gt;&lt;a href="https://location.am-all.net/alm/shop?gm=98&amp;astep=1003&amp;sid=24160&amp;lang=en"&gt;Official detail&lt;/a&gt;</description>
        <styleUrl>#secondary</styleUrl>
        <ExtendedData>
          <Data name="id"><value>intl-1003-24160</value></Data>
          <Data name="area"><value>Singapore</value></Data>
          <Data name="address"><value>23, SERANGOON CENTRAL #04-65 NEX SINGAPORE</value></Data>
        </ExtendedData>
        <Point>
          <coordinates>103.872225765711,1.35077136952738,0</coordinates>
        </Point>
      </Placemark>
      <Placemark>
        <name>ZONE-X EAST POINT MALL</name>
        <description>EastPoint Mall 3 Simei Street 6,B1-01102 Singapore 528833l&lt;br/&gt;maimai DX International Version&lt;br/&gt;maimai International official / ALL.Net&lt;br/&gt;&lt;a href="https://location.am-all.net/alm/shop?gm=98&amp;astep=1003&amp;sid=19882&amp;lang=en"&gt;Official detail&lt;/a&gt;</description>
        <styleUrl>#secondary</styleUrl>
        <ExtendedData>
          <Data name="id"><value>intl-1003-19882</value></Data>
          <Data name="area"><value>Singapore</value></Data>
          <Data name="address"><value>EastPoint Mall 3 Simei Street 6,B1-01102 Singapore 528833l</value></Data>
        </ExtendedData>
        <Point>
          <coordinates>103.9530415,1.3427145,0</coordinates>
        </Point>
      </Placemark>
    </Folder>
    <Folder>
      <name>Taiwan</name>
      <Placemark>
        <name>CARTOONNI</name>
        <description>7F., No.112, Sec. 1, Nankan Rd.Luzhu Dist., Taoyuan City 338207&lt;br/&gt;maimai DX International Version&lt;br/&gt;maimai International official / ALL.Net&lt;br/&gt;&lt;a href="https://location.am-all.net/alm/shop?gm=98&amp;astep=1001&amp;sid=18743&amp;lang=en"&gt;Official detail&lt;/a&gt;</description>
        <styleUrl>#secondary</styleUrl>
        <ExtendedData>
          <Data name="id"><value>intl-1001-18743</value></Data>
          <Data name="area"><value>Taiwan</value></Data>
          <Data name="address"><value>7F., No.112, Sec. 1, Nankan Rd.Luzhu Dist., Taoyuan City 338207</value></Data>
        </ExtendedData>
        <Point>
          <coordinates>121.2953089,25.0462073,0</coordinates>
        </Point>
      </Placemark>
      <Placemark>
        <name>CATCH BUFFET (KEELUNG NIGHT MARKET)</name>
        <description>No.64, Ai 4th Rd., Ren’ai Dist., Keelung City 200010, Taiwan&lt;br/&gt;maimai DX International Version&lt;br/&gt;maimai International official / ALL.Net&lt;br/&gt;&lt;a href="https://location.am-all.net/alm/shop?gm=98&amp;astep=1001&amp;sid=19050&amp;lang=en"&gt;Official detail&lt;/a&gt;</description>
        <styleUrl>#secondary</styleUrl>
        <ExtendedData>
          <Data name="id"><value>intl-1001-19050</value></Data>
          <Data name="area"><value>Taiwan</value></Data>
          <Data name="address"><value>No.64, Ai 4th Rd., Ren’ai Dist., Keelung City 200010, Taiwan</value></Data>
        </ExtendedData>
        <Point>
          <coordinates>121.7445904,25.1292241,0</coordinates>
        </Point>
      </Placemark>
      <Placemark>
        <name>CATCH BUFFET(DA-NAN@SHLIN)</name>
        <description>1F.No.48,Sec.1,YangdeBlvd.Shilin Dist.TaipeiCity11146,Taiwan&lt;br/&gt;maimai DX International Version&lt;br/&gt;maimai International official / ALL.Net&lt;br/&gt;&lt;a href="https://location.am-all.net/alm/shop?gm=98&amp;astep=1001&amp;sid=19884&amp;lang=en"&gt;Official detail&lt;/a&gt;</description>
        <styleUrl>#secondary</styleUrl>
        <ExtendedData>
          <Data name="id"><value>intl-1001-19884</value></Data>
          <Data name="area"><value>Taiwan</value></Data>
          <Data name="address"><value>1F.No.48,Sec.1,YangdeBlvd.Shilin Dist.TaipeiCity11146,Taiwan</value></Data>
        </ExtendedData>
        <Point>
          <coordinates>121.5246077,25.0950492,0</coordinates>
        </Point>
      </Placemark>
      <Placemark>
        <name>CHAMELEON (CHIAYI)</name>
        <description>No.79 Wenhua Rd. East Dist. Chiayi City 600 Taiwan&lt;br/&gt;maimai DX International Version&lt;br/&gt;maimai International official / ALL.Net&lt;br/&gt;&lt;a href="https://location.am-all.net/alm/shop?gm=98&amp;astep=1001&amp;sid=19070&amp;lang=en"&gt;Official detail&lt;/a&gt;</description>
        <styleUrl>#secondary</styleUrl>
        <ExtendedData>
          <Data name="id"><value>intl-1001-19070</value></Data>
          <Data name="area"><value>Taiwan</value></Data>
          <Data name="address"><value>No.79 Wenhua Rd. East Dist. Chiayi City 600 Taiwan</value></Data>
        </ExtendedData>
        <Point>
          <coordinates>120.4497225,23.4773433,0</coordinates>
        </Point>
      </Placemark>
      <Placemark>
        <name>GIGO KUANG SAN SOGO-Taichung</name>
        <description>17F.,No.459,Sec.2,Taiwan Blvd.,West Dist.,Taichung City 403503&lt;br/&gt;maimai DX International Version&lt;br/&gt;maimai International official / ALL.Net&lt;br/&gt;&lt;a href="https://location.am-all.net/alm/shop?gm=98&amp;astep=1001&amp;sid=18828&amp;lang=en"&gt;Official detail&lt;/a&gt;</description>
        <styleUrl>#secondary</styleUrl>
        <ExtendedData>
          <Data name="id"><value>intl-1001-18828</value></Data>
          <Data name="area"><value>Taiwan</value></Data>
          <Data name="address"><value>17F.,No.459,Sec.2,Taiwan Blvd.,West Dist.,Taichung City 403503</value></Data>
        </ExtendedData>
        <Point>
          <coordinates>120.6631289,24.1430604,0</coordinates>
        </Point>
      </Placemark>
      <Placemark>
        <name>GUOBIN AMUSEMENT PARK</name>
        <description>2F., No.66,Sec.1,Zhonghua E.Rd.East Dist.,TainanCity Taiwan&lt;br/&gt;maimai DX International Version&lt;br/&gt;maimai International official / ALL.Net&lt;br/&gt;&lt;a href="https://location.am-all.net/alm/shop?gm=98&amp;astep=1001&amp;sid=19606&amp;lang=en"&gt;Official detail&lt;/a&gt;</description>
        <styleUrl>#secondary</styleUrl>
        <ExtendedData>
          <Data name="id"><value>intl-1001-19606</value></Data>
          <Data name="area"><value>Taiwan</value></Data>
          <Data name="address"><value>2F., No.66,Sec.1,Zhonghua E.Rd.East Dist.,TainanCity Taiwan</value></Data>
        </ExtendedData>
        <Point>
          <coordinates>120.7404083,24.3330551,0</coordinates>
        </Point>
      </Placemark>
      <Placemark>
        <name>GiGO LaLaport Taichung</name>
        <description>3F., No.700, Jinde Rd., East Dist., Taichung City 401004&lt;br/&gt;maimai DX International Version&lt;br/&gt;maimai International official / ALL.Net&lt;br/&gt;&lt;a href="https://location.am-all.net/alm/shop?gm=98&amp;astep=1001&amp;sid=19124&amp;lang=en"&gt;Official detail&lt;/a&gt;</description>
        <styleUrl>#secondary</styleUrl>
        <ExtendedData>
          <Data name="id"><value>intl-1001-19124</value></Data>
          <Data name="area"><value>Taiwan</value></Data>
          <Data name="address"><value>3F., No.700, Jinde Rd., East Dist., Taichung City 401004</value></Data>
        </ExtendedData>
        <Point>
          <coordinates>120.6924444,24.1339393,0</coordinates>
        </Point>
      </Placemark>
      <Placemark>
        <name>GiGO METRO WALK</name>
        <description>4F,NO.501 ,SEC.2,JHONGYUAN RD,JHONGLICITY,TAOYUAN COUNTY&lt;br/&gt;maimai DX International Version&lt;br/&gt;maimai International official / ALL.Net&lt;br/&gt;&lt;a href="https://location.am-all.net/alm/shop?gm=98&amp;astep=1001&amp;sid=24700&amp;lang=en"&gt;Official detail&lt;/a&gt;</description>
        <styleUrl>#secondary</styleUrl>
        <ExtendedData>
          <Data name="id"><value>intl-1001-24700</value></Data>
          <Data name="area"><value>Taiwan</value></Data>
          <Data name="address"><value>4F,NO.501 ,SEC.2,JHONGYUAN RD,JHONGLICITY,TAOYUAN COUNTY</value></Data>
        </ExtendedData>
        <Point>
          <coordinates>121.228575054891,25.0013610040415,0</coordinates>
        </Point>
      </Placemark>
      <Placemark>
        <name>GiGO TIGER CITY</name>
        <description>B1F, NO.120, SEC.3,HENANRD.,SitunDistrict,TaichungCity&lt;br/&gt;maimai DX International Version&lt;br/&gt;maimai International official / ALL.Net&lt;br/&gt;&lt;a href="https://location.am-all.net/alm/shop?gm=98&amp;astep=1001&amp;sid=24698&amp;lang=en"&gt;Official detail&lt;/a&gt;</description>
        <styleUrl>#secondary</styleUrl>
        <ExtendedData>
          <Data name="id"><value>intl-1001-24698</value></Data>
          <Data name="area"><value>Taiwan</value></Data>
          <Data name="address"><value>B1F, NO.120, SEC.3,HENANRD.,SitunDistrict,TaichungCity</value></Data>
        </ExtendedData>
        <Point>
          <coordinates>120.637863241322,24.1643237945252,0</coordinates>
        </Point>
      </Placemark>
      <Placemark>
        <name>HALA (FENGJIA)</name>
        <description>269-48,Sec.2,Situn Rd.,Situn Dist.,Taichung City 407043,Taiwan&lt;br/&gt;maimai DX International Version&lt;br/&gt;maimai International official / ALL.Net&lt;br/&gt;&lt;a href="https://location.am-all.net/alm/shop?gm=98&amp;astep=1001&amp;sid=19035&amp;lang=en"&gt;Official detail&lt;/a&gt;</description>
        <styleUrl>#secondary</styleUrl>
        <ExtendedData>
          <Data name="id"><value>intl-1001-19035</value></Data>
          <Data name="area"><value>Taiwan</value></Data>
          <Data name="address"><value>269-48,Sec.2,Situn Rd.,Situn Dist.,Taichung City 407043,Taiwan</value></Data>
        </ExtendedData>
        <Point>
          <coordinates>120.6404927,24.1792187,0</coordinates>
        </Point>
      </Placemark>
      <Placemark>
        <name>HALA PLANET</name>
        <description>130,Sec.4,RooseveltRd.Zhongzheng Dist., Taipei City 100, Taiwan&lt;br/&gt;maimai DX International Version&lt;br/&gt;maimai International official / ALL.Net&lt;br/&gt;&lt;a href="https://location.am-all.net/alm/shop?gm=98&amp;astep=1001&amp;sid=20325&amp;lang=en"&gt;Official detail&lt;/a&gt;</description>
        <styleUrl>#secondary</styleUrl>
        <ExtendedData>
          <Data name="id"><value>intl-1001-20325</value></Data>
          <Data name="area"><value>Taiwan</value></Data>
          <Data name="address"><value>130,Sec.4,RooseveltRd.Zhongzheng Dist., Taipei City 100, Taiwan</value></Data>
        </ExtendedData>
        <Point>
          <coordinates>121.5198716,25.0421407,0</coordinates>
        </Point>
      </Placemark>
      <Placemark>
        <name>HALA PLANET (NANYA)</name>
        <description>1F,No31-5,Nanya E Rd.Banqiao Dist.New Taipei City 220053&lt;br/&gt;maimai DX International Version&lt;br/&gt;maimai International official / ALL.Net&lt;br/&gt;&lt;a href="https://location.am-all.net/alm/shop?gm=98&amp;astep=1001&amp;sid=19533&amp;lang=en"&gt;Official detail&lt;/a&gt;</description>
        <styleUrl>#secondary</styleUrl>
        <ExtendedData>
          <Data name="id"><value>intl-1001-19533</value></Data>
          <Data name="area"><value>Taiwan</value></Data>
          <Data name="address"><value>1F,No31-5,Nanya E Rd.Banqiao Dist.New Taipei City 220053</value></Data>
        </ExtendedData>
        <Point>
          <coordinates>121.455297,25.0056896,0</coordinates>
        </Point>
      </Placemark>
      <Placemark>
        <name>HALA PLANET (RAOHE)</name>
        <description>No.202, Raohe St., Songshan Dist., Taipei City 105058&lt;br/&gt;maimai DX International Version&lt;br/&gt;maimai International official / ALL.Net&lt;br/&gt;&lt;a href="https://location.am-all.net/alm/shop?gm=98&amp;astep=1001&amp;sid=19206&amp;lang=en"&gt;Official detail&lt;/a&gt;</description>
        <styleUrl>#secondary</styleUrl>
        <ExtendedData>
          <Data name="id"><value>intl-1001-19206</value></Data>
          <Data name="area"><value>Taiwan</value></Data>
          <Data name="address"><value>No.202, Raohe St., Songshan Dist., Taipei City 105058</value></Data>
        </ExtendedData>
        <Point>
          <coordinates>121.5770277,25.050693,0</coordinates>
        </Point>
      </Placemark>
      <Placemark>
        <name>HALA PLANET (XIMEN)</name>
        <description>No.11, Ln.144, Sec.1,Zhonghua Rd.Wanhua Dist., Taipei City 108&lt;br/&gt;maimai DX International Version&lt;br/&gt;maimai International official / ALL.Net&lt;br/&gt;&lt;a href="https://location.am-all.net/alm/shop?gm=98&amp;astep=1001&amp;sid=20138&amp;lang=en"&gt;Official detail&lt;/a&gt;</description>
        <styleUrl>#secondary</styleUrl>
        <ExtendedData>
          <Data name="id"><value>intl-1001-20138</value></Data>
          <Data name="area"><value>Taiwan</value></Data>
          <Data name="address"><value>No.11, Ln.144, Sec.1,Zhonghua Rd.Wanhua Dist., Taipei City 108</value></Data>
        </ExtendedData>
        <Point>
          <coordinates>121.508661,25.0436445,0</coordinates>
        </Point>
      </Placemark>
      <Placemark>
        <name>HALA PLANET(SHILIN)</name>
        <description>No. 43, Wenlin Rd., Shilin Dist., Taipei City 111012&lt;br/&gt;maimai DX International Version&lt;br/&gt;maimai International official / ALL.Net&lt;br/&gt;&lt;a href="https://location.am-all.net/alm/shop?gm=98&amp;astep=1001&amp;sid=18693&amp;lang=en"&gt;Official detail&lt;/a&gt;</description>
        <styleUrl>#secondary</styleUrl>
        <ExtendedData>
          <Data name="id"><value>intl-1001-18693</value></Data>
          <Data name="area"><value>Taiwan</value></Data>
          <Data name="address"><value>No. 43, Wenlin Rd., Shilin Dist., Taipei City 111012</value></Data>
        </ExtendedData>
        <Point>
          <coordinates>121.5255253,25.0868787,0</coordinates>
        </Point>
      </Placemark>
      <Placemark>
        <name>HALA PLANET(TAICHUNG YIZHONG)</name>
        <description>No.10, Taiping Rd., North Dist., Taichung City 404008, Taiwan&lt;br/&gt;maimai DX International Version&lt;br/&gt;maimai International official / ALL.Net&lt;br/&gt;&lt;a href="https://location.am-all.net/alm/shop?gm=98&amp;astep=1001&amp;sid=18603&amp;lang=en"&gt;Official detail&lt;/a&gt;</description>
        <styleUrl>#secondary</styleUrl>
        <ExtendedData>
          <Data name="id"><value>intl-1001-18603</value></Data>
          <Data name="area"><value>Taiwan</value></Data>
          <Data name="address"><value>No.10, Taiping Rd., North Dist., Taichung City 404008, Taiwan</value></Data>
        </ExtendedData>
        <Point>
          <coordinates>120.6859621,24.1476019,0</coordinates>
        </Point>
      </Placemark>
      <Placemark>
        <name>HALA PLANET(TAOYUAN)</name>
        <description>No. 168, Fuxing Rd., Taoyuan Dist., Taoyuan City 330046&lt;br/&gt;maimai DX International Version&lt;br/&gt;maimai International official / ALL.Net&lt;br/&gt;&lt;a href="https://location.am-all.net/alm/shop?gm=98&amp;astep=1001&amp;sid=18789&amp;lang=en"&gt;Official detail&lt;/a&gt;</description>
        <styleUrl>#secondary</styleUrl>
        <ExtendedData>
          <Data name="id"><value>intl-1001-18789</value></Data>
          <Data name="area"><value>Taiwan</value></Data>
          <Data name="address"><value>No. 168, Fuxing Rd., Taoyuan Dist., Taoyuan City 330046</value></Data>
        </ExtendedData>
        <Point>
          <coordinates>121.312293,24.9904077,0</coordinates>
        </Point>
      </Placemark>
      <Placemark>
        <name>HALA(XINYANG)</name>
        <description>1F., No.2, Xinyang St., Zhongzheng Dist., Taipei City 10047&lt;br/&gt;maimai DX International Version&lt;br/&gt;maimai International official / ALL.Net&lt;br/&gt;&lt;a href="https://location.am-all.net/alm/shop?gm=98&amp;astep=1001&amp;sid=19759&amp;lang=en"&gt;Official detail&lt;/a&gt;</description>
        <styleUrl>#secondary</styleUrl>
        <ExtendedData>
          <Data name="id"><value>intl-1001-19759</value></Data>
          <Data name="area"><value>Taiwan</value></Data>
          <Data name="address"><value>1F., No.2, Xinyang St., Zhongzheng Dist., Taipei City 10047</value></Data>
        </ExtendedData>
        <Point>
          <coordinates>121.5167157,25.0445923,0</coordinates>
        </Point>
      </Placemark>
      <Placemark>
        <name>HAPPY100 (E DA)</name>
        <description>3F,No.12,Sec.1,XuechengRd DashuDist.KaohsiungCity84048,Taiwan&lt;br/&gt;maimai DX International Version&lt;br/&gt;maimai International official / ALL.Net&lt;br/&gt;&lt;a href="https://location.am-all.net/alm/shop?gm=98&amp;astep=1001&amp;sid=19954&amp;lang=en"&gt;Official detail&lt;/a&gt;</description>
        <styleUrl>#secondary</styleUrl>
        <ExtendedData>
          <Data name="id"><value>intl-1001-19954</value></Data>
          <Data name="area"><value>Taiwan</value></Data>
          <Data name="address"><value>3F,No.12,Sec.1,XuechengRd DashuDist.KaohsiungCity84048,Taiwan</value></Data>
        </ExtendedData>
        <Point>
          <coordinates>120.4242401,22.708371,0</coordinates>
        </Point>
      </Placemark>
      <Placemark>
        <name>HAPPY100(DREAM MALL@KAOHSIUNG )</name>
        <description>9F., NO.789, ZHONGHUA 5TH RD.,QIANZHEN DIST., KAOHSIUNG CITY&lt;br/&gt;maimai DX International Version&lt;br/&gt;maimai International official / ALL.Net&lt;br/&gt;&lt;a href="https://location.am-all.net/alm/shop?gm=98&amp;astep=1001&amp;sid=22921&amp;lang=en"&gt;Official detail&lt;/a&gt;</description>
        <styleUrl>#secondary</styleUrl>
        <ExtendedData>
          <Data name="id"><value>intl-1001-22921</value></Data>
          <Data name="area"><value>Taiwan</value></Data>
          <Data name="address"><value>9F., NO.789, ZHONGHUA 5TH RD.,QIANZHEN DIST., KAOHSIUNG CITY</value></Data>
        </ExtendedData>
        <Point>
          <coordinates>120.307781650332,22.5950062863198,0</coordinates>
        </Point>
      </Placemark>
      <Placemark>
        <name>HURO WORLD(CITY LINK@NANGANG)</name>
        <description>6F,NO369-C,SEC7,ZHONGXIAO E.RD.NANGANG DIST.,TAIPEI CITY115,TWN&lt;br/&gt;maimai DX International Version&lt;br/&gt;maimai International official / ALL.Net&lt;br/&gt;&lt;a href="https://location.am-all.net/alm/shop?gm=98&amp;astep=1001&amp;sid=20654&amp;lang=en"&gt;Official detail&lt;/a&gt;</description>
        <styleUrl>#secondary</styleUrl>
        <ExtendedData>
          <Data name="id"><value>intl-1001-20654</value></Data>
          <Data name="area"><value>Taiwan</value></Data>
          <Data name="address"><value>6F,NO369-C,SEC7,ZHONGXIAO E.RD.NANGANG DIST.,TAIPEI CITY115,TWN</value></Data>
        </ExtendedData>
        <Point>
          <coordinates>121.604518,25.0525582,0</coordinates>
        </Point>
      </Placemark>
      <Placemark>
        <name>INFINITY WORLD</name>
        <description>No.22-50-1 Zhongshan Rd. Banqiao Dist. New Taipei City 220073&lt;br/&gt;maimai DX International Version&lt;br/&gt;maimai International official / ALL.Net&lt;br/&gt;&lt;a href="https://location.am-all.net/alm/shop?gm=98&amp;astep=1001&amp;sid=19524&amp;lang=en"&gt;Official detail&lt;/a&gt;</description>
        <styleUrl>#secondary</styleUrl>
        <ExtendedData>
          <Data name="id"><value>intl-1001-19524</value></Data>
          <Data name="area"><value>Taiwan</value></Data>
          <Data name="address"><value>No.22-50-1 Zhongshan Rd. Banqiao Dist. New Taipei City 220073</value></Data>
        </ExtendedData>
        <Point>
          <coordinates>121.4611035,25.0093347,0</coordinates>
        </Point>
      </Placemark>
      <Placemark>
        <name>JAVA PLANET(LE-HUA@YOUNG-HE)</name>
        <description>No. 22, Yongping Rd., Yonghe Dist., New Taipei City, Taiwan&lt;br/&gt;maimai DX International Version&lt;br/&gt;maimai International official / ALL.Net&lt;br/&gt;&lt;a href="https://location.am-all.net/alm/shop?gm=98&amp;astep=1001&amp;sid=19422&amp;lang=en"&gt;Official detail&lt;/a&gt;</description>
        <styleUrl>#secondary</styleUrl>
        <ExtendedData>
          <Data name="id"><value>intl-1001-19422</value></Data>
          <Data name="area"><value>Taiwan</value></Data>
          <Data name="address"><value>No. 22, Yongping Rd., Yonghe Dist., New Taipei City, Taiwan</value></Data>
        </ExtendedData>
        <Point>
          <coordinates>121.513393,25.008979,0</coordinates>
        </Point>
      </Placemark>
      <Placemark>
        <name>KILEDO-XIN△YI</name>
        <description>No.20, Songshou Rd, Sinyi Dist,Taipei City 110062&lt;br/&gt;maimai DX International Version&lt;br/&gt;maimai International official / ALL.Net&lt;br/&gt;&lt;a href="https://location.am-all.net/alm/shop?gm=98&amp;astep=1001&amp;sid=19738&amp;lang=en"&gt;Official detail&lt;/a&gt;</description>
        <styleUrl>#secondary</styleUrl>
        <ExtendedData>
          <Data name="id"><value>intl-1001-19738</value></Data>
          <Data name="area"><value>Taiwan</value></Data>
          <Data name="address"><value>No.20, Songshou Rd, Sinyi Dist,Taipei City 110062</value></Data>
        </ExtendedData>
        <Point>
          <coordinates>121.5613131,25.045098,0</coordinates>
        </Point>
      </Placemark>
      <Placemark>
        <name>LIBAO COMPANY</name>
        <description>NO.50-1,SEC.1,ZHONGXIAO W.RD.,ZHONGZHENG DIST., TAIPEI CITY100&lt;br/&gt;maimai DX International Version&lt;br/&gt;maimai International official / ALL.Net&lt;br/&gt;&lt;a href="https://location.am-all.net/alm/shop?gm=98&amp;astep=1001&amp;sid=20525&amp;lang=en"&gt;Official detail&lt;/a&gt;</description>
        <styleUrl>#secondary</styleUrl>
        <ExtendedData>
          <Data name="id"><value>intl-1001-20525</value></Data>
          <Data name="area"><value>Taiwan</value></Data>
          <Data name="address"><value>NO.50-1,SEC.1,ZHONGXIAO W.RD.,ZHONGZHENG DIST., TAIPEI CITY100</value></Data>
        </ExtendedData>
        <Point>
          <coordinates>121.4820754,25.0677905,0</coordinates>
        </Point>
      </Placemark>
      <Placemark>
        <name>MAX GAME CENTER</name>
        <description>NO.78, SEC.2, CHONGXIN RD.,SANCHONG DIST., NEW TAIPEI CITY&lt;br/&gt;maimai DX International Version&lt;br/&gt;maimai International official / ALL.Net&lt;br/&gt;&lt;a href="https://location.am-all.net/alm/shop?gm=98&amp;astep=1001&amp;sid=23879&amp;lang=en"&gt;Official detail&lt;/a&gt;</description>
        <styleUrl>#secondary</styleUrl>
        <ExtendedData>
          <Data name="id"><value>intl-1001-23879</value></Data>
          <Data name="area"><value>Taiwan</value></Data>
          <Data name="address"><value>NO.78, SEC.2, CHONGXIN RD.,SANCHONG DIST., NEW TAIPEI CITY</value></Data>
        </ExtendedData>
        <Point>
          <coordinates>121.497292077315,25.0618105204994,0</coordinates>
        </Point>
      </Placemark>
      <Placemark>
        <name>NEW CITY(ZHONGLI)</name>
        <description>11F,NO.120,SEC.1,ZHONGYANG W.RD,ZHONGLI CITY, TAOYUAN&lt;br/&gt;maimai DX International Version&lt;br/&gt;maimai International official / ALL.Net&lt;br/&gt;&lt;a href="https://location.am-all.net/alm/shop?gm=98&amp;astep=1001&amp;sid=24066&amp;lang=en"&gt;Official detail&lt;/a&gt;</description>
        <styleUrl>#secondary</styleUrl>
        <ExtendedData>
          <Data name="id"><value>intl-1001-24066</value></Data>
          <Data name="area"><value>Taiwan</value></Data>
          <Data name="address"><value>11F,NO.120,SEC.1,ZHONGYANG W.RD,ZHONGLI CITY, TAOYUAN</value></Data>
        </ExtendedData>
        <Point>
          <coordinates>121.2203631,24.9584889,0</coordinates>
        </Point>
      </Placemark>
      <Placemark>
        <name>RED HAT ELEPHANT (TAOYUAN)</name>
        <description>9F.,No.61JhongjhengRd.TaoyuanDist.,TaoyuanCity33041,Taiwan&lt;br/&gt;maimai DX International Version&lt;br/&gt;maimai International official / ALL.Net&lt;br/&gt;&lt;a href="https://location.am-all.net/alm/shop?gm=98&amp;astep=1001&amp;sid=19926&amp;lang=en"&gt;Official detail&lt;/a&gt;</description>
        <styleUrl>#secondary</styleUrl>
        <ExtendedData>
          <Data name="id"><value>intl-1001-19926</value></Data>
          <Data name="area"><value>Taiwan</value></Data>
          <Data name="address"><value>9F.,No.61JhongjhengRd.TaoyuanDist.,TaoyuanCity33041,Taiwan</value></Data>
        </ExtendedData>
        <Point>
          <coordinates>121.2969674,24.9934099,0</coordinates>
        </Point>
      </Placemark>
      <Placemark>
        <name>RED HAT ELEPHANT(SOGO@FENGYUAN)</name>
        <description>10F., NO.2, FUXING RD., FENGYUAN DIST.,TAICHUNG CITY 420, TAIWAN&lt;br/&gt;maimai DX International Version&lt;br/&gt;maimai International official / ALL.Net&lt;br/&gt;&lt;a href="https://location.am-all.net/alm/shop?gm=98&amp;astep=1001&amp;sid=22323&amp;lang=en"&gt;Official detail&lt;/a&gt;</description>
        <styleUrl>#secondary</styleUrl>
        <ExtendedData>
          <Data name="id"><value>intl-1001-22323</value></Data>
          <Data name="area"><value>Taiwan</value></Data>
          <Data name="address"><value>10F., NO.2, FUXING RD., FENGYUAN DIST.,TAICHUNG CITY 420, TAIWAN</value></Data>
        </ExtendedData>
        <Point>
          <coordinates>120.720649,24.250721,0</coordinates>
        </Point>
      </Placemark>
      <Placemark>
        <name>RED HAT ELEPHANT(SOGO@ZHONGLI )</name>
        <description>11F,NO.357YUANHUA RD., JHONGLI CITY, TAOYUAN COUNTY&lt;br/&gt;maimai DX International Version&lt;br/&gt;maimai International official / ALL.Net&lt;br/&gt;&lt;a href="https://location.am-all.net/alm/shop?gm=98&amp;astep=1001&amp;sid=22352&amp;lang=en"&gt;Official detail&lt;/a&gt;</description>
        <styleUrl>#secondary</styleUrl>
        <ExtendedData>
          <Data name="id"><value>intl-1001-22352</value></Data>
          <Data name="area"><value>Taiwan</value></Data>
          <Data name="address"><value>11F,NO.357YUANHUA RD., JHONGLI CITY, TAOYUAN COUNTY</value></Data>
        </ExtendedData>
        <Point>
          <coordinates>121.223555,24.962581,0</coordinates>
        </Point>
      </Placemark>
      <Placemark>
        <name>RHYTHM ARENA 2</name>
        <description>2F No. 102, Tianxiang 1st Rd., Sanmin Dist&lt;br/&gt;maimai DX International Version&lt;br/&gt;maimai International official / ALL.Net&lt;br/&gt;&lt;a href="https://location.am-all.net/alm/shop?gm=98&amp;astep=1001&amp;sid=18659&amp;lang=en"&gt;Official detail&lt;/a&gt;</description>
        <styleUrl>#secondary</styleUrl>
        <ExtendedData>
          <Data name="id"><value>intl-1001-18659</value></Data>
          <Data name="area"><value>Taiwan</value></Data>
          <Data name="address"><value>2F No. 102, Tianxiang 1st Rd., Sanmin Dist</value></Data>
        </ExtendedData>
        <Point>
          <coordinates>120.3202591,22.6675678,0</coordinates>
        </Point>
      </Placemark>
      <Placemark>
        <name>RHYTHM ARENA(KAOHSIUNG)</name>
        <description>No.86-1, Zhonghua 3rd Rd.Qianjin Dist.,Kaohsiung City 801615&lt;br/&gt;maimai DX International Version&lt;br/&gt;maimai International official / ALL.Net&lt;br/&gt;&lt;a href="https://location.am-all.net/alm/shop?gm=98&amp;astep=1001&amp;sid=19007&amp;lang=en"&gt;Official detail&lt;/a&gt;</description>
        <styleUrl>#secondary</styleUrl>
        <ExtendedData>
          <Data name="id"><value>intl-1001-19007</value></Data>
          <Data name="area"><value>Taiwan</value></Data>
          <Data name="address"><value>No.86-1, Zhonghua 3rd Rd.Qianjin Dist.,Kaohsiung City 801615</value></Data>
        </ExtendedData>
        <Point>
          <coordinates>120.3014353,22.6272784,0</coordinates>
        </Point>
      </Placemark>
      <Placemark>
        <name>SHIRONEKOYA</name>
        <description>No.127, Fuxing Rd., Taoyuan Dist., TaoyuanCity33066,Taiwan&lt;br/&gt;maimai DX International Version&lt;br/&gt;maimai International official / ALL.Net&lt;br/&gt;&lt;a href="https://location.am-all.net/alm/shop?gm=98&amp;astep=1001&amp;sid=19675&amp;lang=en"&gt;Official detail&lt;/a&gt;</description>
        <styleUrl>#secondary</styleUrl>
        <ExtendedData>
          <Data name="id"><value>intl-1001-19675</value></Data>
          <Data name="area"><value>Taiwan</value></Data>
          <Data name="address"><value>No.127, Fuxing Rd., Taoyuan Dist., TaoyuanCity33066,Taiwan</value></Data>
        </ExtendedData>
        <Point>
          <coordinates>121.312723,24.990303,0</coordinates>
        </Point>
      </Placemark>
      <Placemark>
        <name>SHIRONEKOYA(HSINCHU)</name>
        <description>1F., No.76, Xinyi St., East Dist., Hsinchu City 300025, Taiwan&lt;br/&gt;maimai DX International Version&lt;br/&gt;maimai International official / ALL.Net&lt;br/&gt;&lt;a href="https://location.am-all.net/alm/shop?gm=98&amp;astep=1001&amp;sid=19469&amp;lang=en"&gt;Official detail&lt;/a&gt;</description>
        <styleUrl>#secondary</styleUrl>
        <ExtendedData>
          <Data name="id"><value>intl-1001-19469</value></Data>
          <Data name="area"><value>Taiwan</value></Data>
          <Data name="address"><value>1F., No.76, Xinyi St., East Dist., Hsinchu City 300025, Taiwan</value></Data>
        </ExtendedData>
        <Point>
          <coordinates>120.9706468,24.8032086,0</coordinates>
        </Point>
      </Placemark>
      <Placemark>
        <name>SHIRONEKOYA(TAICHUNG)</name>
        <description>1F.,No.7,Ln. 6,Yucai St.,North Dist.,Taichung City,Taiwan&lt;br/&gt;maimai DX International Version&lt;br/&gt;maimai International official / ALL.Net&lt;br/&gt;&lt;a href="https://location.am-all.net/alm/shop?gm=98&amp;astep=1001&amp;sid=19234&amp;lang=en"&gt;Official detail&lt;/a&gt;</description>
        <styleUrl>#secondary</styleUrl>
        <ExtendedData>
          <Data name="id"><value>intl-1001-19234</value></Data>
          <Data name="area"><value>Taiwan</value></Data>
          <Data name="address"><value>1F.,No.7,Ln. 6,Yucai St.,North Dist.,Taichung City,Taiwan</value></Data>
        </ExtendedData>
        <Point>
          <coordinates>120.6849391,24.1502189,0</coordinates>
        </Point>
      </Placemark>
      <Placemark>
        <name>SHIRONEKOYA(TAIPEI)</name>
        <description>1 F No. 50, Nanyang St., Zhongzheng Dist., Taipei City 100007&lt;br/&gt;maimai DX International Version&lt;br/&gt;maimai International official / ALL.Net&lt;br/&gt;&lt;a href="https://location.am-all.net/alm/shop?gm=98&amp;astep=1001&amp;sid=18656&amp;lang=en"&gt;Official detail&lt;/a&gt;</description>
        <styleUrl>#secondary</styleUrl>
        <ExtendedData>
          <Data name="id"><value>intl-1001-18656</value></Data>
          <Data name="area"><value>Taiwan</value></Data>
          <Data name="address"><value>1 F No. 50, Nanyang St., Zhongzheng Dist., Taipei City 100007</value></Data>
        </ExtendedData>
        <Point>
          <coordinates>121.5159911,25.0440094,0</coordinates>
        </Point>
      </Placemark>
      <Placemark>
        <name>SHIRONEKOYA(ZHONGLI)</name>
        <description>1F., No. 575, Yanping Rd., Zhongli Dist., Taoyuan City 320061&lt;br/&gt;maimai DX International Version&lt;br/&gt;maimai International official / ALL.Net&lt;br/&gt;&lt;a href="https://location.am-all.net/alm/shop?gm=98&amp;astep=1001&amp;sid=18794&amp;lang=en"&gt;Official detail&lt;/a&gt;</description>
        <styleUrl>#secondary</styleUrl>
        <ExtendedData>
          <Data name="id"><value>intl-1001-18794</value></Data>
          <Data name="area"><value>Taiwan</value></Data>
          <Data name="address"><value>1F., No. 575, Yanping Rd., Zhongli Dist., Taoyuan City 320061</value></Data>
        </ExtendedData>
        <Point>
          <coordinates>121.222628,24.9547944,0</coordinates>
        </Point>
      </Placemark>
      <Placemark>
        <name>SIN YI CITY (HUWEI)</name>
        <description>1F., NO.80, XINXING RD., HUWEI TOWNSHIP, YUNLIN COUNTY 632&lt;br/&gt;maimai DX International Version&lt;br/&gt;maimai International official / ALL.Net&lt;br/&gt;&lt;a href="https://location.am-all.net/alm/shop?gm=98&amp;astep=1001&amp;sid=20555&amp;lang=en"&gt;Official detail&lt;/a&gt;</description>
        <styleUrl>#secondary</styleUrl>
        <ExtendedData>
          <Data name="id"><value>intl-1001-20555</value></Data>
          <Data name="area"><value>Taiwan</value></Data>
          <Data name="address"><value>1F., NO.80, XINXING RD., HUWEI TOWNSHIP, YUNLIN COUNTY 632</value></Data>
        </ExtendedData>
        <Point>
          <coordinates>120.4346892,23.7094406,0</coordinates>
        </Point>
      </Placemark>
      <Placemark>
        <name>SIN YI CITY (ZHANQIAN)</name>
        <description>NO.12,SANMIN RD.,FENGYUAN DIST.TAICHUNG CITY 420,TAIWAN&lt;br/&gt;maimai DX International Version&lt;br/&gt;maimai International official / ALL.Net&lt;br/&gt;&lt;a href="https://location.am-all.net/alm/shop?gm=98&amp;astep=1001&amp;sid=21498&amp;lang=en"&gt;Official detail&lt;/a&gt;</description>
        <styleUrl>#secondary</styleUrl>
        <ExtendedData>
          <Data name="id"><value>intl-1001-21498</value></Data>
          <Data name="area"><value>Taiwan</value></Data>
          <Data name="address"><value>NO.12,SANMIN RD.,FENGYUAN DIST.TAICHUNG CITY 420,TAIWAN</value></Data>
        </ExtendedData>
        <Point>
          <coordinates>120.7210256,24.2513923,0</coordinates>
        </Point>
      </Placemark>
      <Placemark>
        <name>TIGER'S WORLD (JC PARK@ZHONGLI)</name>
        <description>4F., No.51, Jhongjheng Rd., Jhongli Dist., Taoyuan City 320001&lt;br/&gt;maimai DX International Version&lt;br/&gt;maimai International official / ALL.Net&lt;br/&gt;&lt;a href="https://location.am-all.net/alm/shop?gm=98&amp;astep=1001&amp;sid=19199&amp;lang=en"&gt;Official detail&lt;/a&gt;</description>
        <styleUrl>#secondary</styleUrl>
        <ExtendedData>
          <Data name="id"><value>intl-1001-19199</value></Data>
          <Data name="area"><value>Taiwan</value></Data>
          <Data name="address"><value>4F., No.51, Jhongjheng Rd., Jhongli Dist., Taoyuan City 320001</value></Data>
        </ExtendedData>
        <Point>
          <coordinates>121.2240366,24.9541156,0</coordinates>
        </Point>
      </Placemark>
      <Placemark>
        <name>TIGER'S WORLD (LUZHOU)</name>
        <description>No.8, Changrong Rd., Luzhou Dist., New Taipei City 247033&lt;br/&gt;maimai DX International Version&lt;br/&gt;maimai International official / ALL.Net&lt;br/&gt;&lt;a href="https://location.am-all.net/alm/shop?gm=98&amp;astep=1001&amp;sid=19414&amp;lang=en"&gt;Official detail&lt;/a&gt;</description>
        <styleUrl>#secondary</styleUrl>
        <ExtendedData>
          <Data name="id"><value>intl-1001-19414</value></Data>
          <Data name="area"><value>Taiwan</value></Data>
          <Data name="address"><value>No.8, Changrong Rd., Luzhou Dist., New Taipei City 247033</value></Data>
        </ExtendedData>
        <Point>
          <coordinates>121.4715241,25.0868908,0</coordinates>
        </Point>
      </Placemark>
      <Placemark>
        <name>TIGER'S WORLD (XINZHUANG)</name>
        <description>No.763,Xingfu E. Rd.,Xinzhuang Dist.,New Taipei City 242040,TWN&lt;br/&gt;maimai DX International Version&lt;br/&gt;maimai International official / ALL.Net&lt;br/&gt;&lt;a href="https://location.am-all.net/alm/shop?gm=98&amp;astep=1001&amp;sid=19424&amp;lang=en"&gt;Official detail&lt;/a&gt;</description>
        <styleUrl>#secondary</styleUrl>
        <ExtendedData>
          <Data name="id"><value>intl-1001-19424</value></Data>
          <Data name="area"><value>Taiwan</value></Data>
          <Data name="address"><value>No.763,Xingfu E. Rd.,Xinzhuang Dist.,New Taipei City 242040,TWN</value></Data>
        </ExtendedData>
        <Point>
          <coordinates>121.4639439,25.049437,0</coordinates>
        </Point>
      </Placemark>
      <Placemark>
        <name>TIGER'S WORLD-CARREFOUR ZHONGYUAN</name>
        <description>1F.,No.501,Sec.2,Zhonghua Rd.,Zhongli Dist.,Taoyuan City 320021&lt;br/&gt;maimai DX International Version&lt;br/&gt;maimai International official / ALL.Net&lt;br/&gt;&lt;a href="https://location.am-all.net/alm/shop?gm=98&amp;astep=1001&amp;sid=18809&amp;lang=en"&gt;Official detail&lt;/a&gt;</description>
        <styleUrl>#secondary</styleUrl>
        <ExtendedData>
          <Data name="id"><value>intl-1001-18809</value></Data>
          <Data name="area"><value>Taiwan</value></Data>
          <Data name="address"><value>1F.,No.501,Sec.2,Zhonghua Rd.,Zhongli Dist.,Taoyuan City 320021</value></Data>
        </ExtendedData>
        <Point>
          <coordinates>121.2053963,24.9721514,0</coordinates>
        </Point>
      </Placemark>
      <Placemark>
        <name>TOM'S WORLD (CHUNGYO@TAICHUNG)</name>
        <description>8F.No.161,Sec.3,Sanmin Rd.,Central Dist.,TaichungCity400,Taiwan&lt;br/&gt;maimai DX International Version&lt;br/&gt;maimai International official / ALL.Net&lt;br/&gt;&lt;a href="https://location.am-all.net/alm/shop?gm=98&amp;astep=1001&amp;sid=19948&amp;lang=en"&gt;Official detail&lt;/a&gt;</description>
        <styleUrl>#secondary</styleUrl>
        <ExtendedData>
          <Data name="id"><value>intl-1001-19948</value></Data>
          <Data name="area"><value>Taiwan</value></Data>
          <Data name="address"><value>8F.No.161,Sec.3,Sanmin Rd.,Central Dist.,TaichungCity400,Taiwan</value></Data>
        </ExtendedData>
        <Point>
          <coordinates>120.660948,24.130577,0</coordinates>
        </Point>
      </Placemark>
      <Placemark>
        <name>TOM'S WORLD (CIAO-LI@TAINAN))</name>
        <description>2F.No.239,ZhongzhengRd.West Central Dist.,TainanCity70055,Taiwan&lt;br/&gt;maimai DX International Version&lt;br/&gt;maimai International official / ALL.Net&lt;br/&gt;&lt;a href="https://location.am-all.net/alm/shop?gm=98&amp;astep=1001&amp;sid=19936&amp;lang=en"&gt;Official detail&lt;/a&gt;</description>
        <styleUrl>#secondary</styleUrl>
        <ExtendedData>
          <Data name="id"><value>intl-1001-19936</value></Data>
          <Data name="area"><value>Taiwan</value></Data>
          <Data name="address"><value>2F.No.239,ZhongzhengRd.West Central Dist.,TainanCity70055,Taiwan</value></Data>
        </ExtendedData>
        <Point>
          <coordinates>120.1964522,22.9948212,0</coordinates>
        </Point>
      </Placemark>
      <Placemark>
        <name>TOM'S WORLD (CITY PLAZA@TAMSUI)</name>
        <description>4F., No.8, Jhongshan Rd., Tamsui Dist., New Taipei City 25151&lt;br/&gt;maimai DX International Version&lt;br/&gt;maimai International official / ALL.Net&lt;br/&gt;&lt;a href="https://location.am-all.net/alm/shop?gm=98&amp;astep=1001&amp;sid=20135&amp;lang=en"&gt;Official detail&lt;/a&gt;</description>
        <styleUrl>#secondary</styleUrl>
        <ExtendedData>
          <Data name="id"><value>intl-1001-20135</value></Data>
          <Data name="area"><value>Taiwan</value></Data>
          <Data name="address"><value>4F., No.8, Jhongshan Rd., Tamsui Dist., New Taipei City 25151</value></Data>
        </ExtendedData>
        <Point>
          <coordinates>121.4799342,25.2003326,0</coordinates>
        </Point>
      </Placemark>
      <Placemark>
        <name>TOM'S WORLD (HANSHIN@KAOHSIUNG)</name>
        <description>6F.No.777, Bo'ai 2ndRd.ZuoyingDist.KaohsiungCity813603,Taiwan&lt;br/&gt;maimai DX International Version&lt;br/&gt;maimai International official / ALL.Net&lt;br/&gt;&lt;a href="https://location.am-all.net/alm/shop?gm=98&amp;astep=1001&amp;sid=19592&amp;lang=en"&gt;Official detail&lt;/a&gt;</description>
        <styleUrl>#secondary</styleUrl>
        <ExtendedData>
          <Data name="id"><value>intl-1001-19592</value></Data>
          <Data name="area"><value>Taiwan</value></Data>
          <Data name="address"><value>6F.No.777, Bo'ai 2ndRd.ZuoyingDist.KaohsiungCity813603,Taiwan</value></Data>
        </ExtendedData>
        <Point>
          <coordinates>120.2916524,22.6877358,0</coordinates>
        </Point>
      </Placemark>
      <Placemark>
        <name>TOM'S WORLD (HUILAI@CHANGHUA)</name>
        <description>No.49-1, Huilai St., Yuanlin City, Changhua County 51054, Taiwan&lt;br/&gt;maimai DX International Version&lt;br/&gt;maimai International official / ALL.Net&lt;br/&gt;&lt;a href="https://location.am-all.net/alm/shop?gm=98&amp;astep=1001&amp;sid=20098&amp;lang=en"&gt;Official detail&lt;/a&gt;</description>
        <styleUrl>#secondary</styleUrl>
        <ExtendedData>
          <Data name="id"><value>intl-1001-20098</value></Data>
          <Data name="area"><value>Taiwan</value></Data>
          <Data name="address"><value>No.49-1, Huilai St., Yuanlin City, Changhua County 51054, Taiwan</value></Data>
        </ExtendedData>
        <Point>
          <coordinates>120.573628,23.9554794,0</coordinates>
        </Point>
      </Placemark>
      <Placemark>
        <name>TOM'S WORLD (KAIYUAN@TAINAN)</name>
        <description>1F.,No.219,KaiyuanRd.,NorthDist.,TainanCity70442,Taiwan&lt;br/&gt;maimai DX International Version&lt;br/&gt;maimai International official / ALL.Net&lt;br/&gt;&lt;a href="https://location.am-all.net/alm/shop?gm=98&amp;astep=1001&amp;sid=19938&amp;lang=en"&gt;Official detail&lt;/a&gt;</description>
        <styleUrl>#secondary</styleUrl>
        <ExtendedData>
          <Data name="id"><value>intl-1001-19938</value></Data>
          <Data name="area"><value>Taiwan</value></Data>
          <Data name="address"><value>1F.,No.219,KaiyuanRd.,NorthDist.,TainanCity70442,Taiwan</value></Data>
        </ExtendedData>
        <Point>
          <coordinates>120.22004,23.00743,0</coordinates>
        </Point>
      </Placemark>
      <Placemark>
        <name>TOM'S WORLD (MITSUKOSHI@TAINAN )</name>
        <description>11F.No.162,ZhongshanRd.WestCentralDist.,TainanCity70043,Taiwan&lt;br/&gt;maimai DX International Version&lt;br/&gt;maimai International official / ALL.Net&lt;br/&gt;&lt;a href="https://location.am-all.net/alm/shop?gm=98&amp;astep=1001&amp;sid=19929&amp;lang=en"&gt;Official detail&lt;/a&gt;</description>
        <styleUrl>#secondary</styleUrl>
        <ExtendedData>
          <Data name="id"><value>intl-1001-19929</value></Data>
          <Data name="area"><value>Taiwan</value></Data>
          <Data name="address"><value>11F.No.162,ZhongshanRd.WestCentralDist.,TainanCity70043,Taiwan</value></Data>
        </ExtendedData>
        <Point>
          <coordinates>120.2098201,22.9955009,0</coordinates>
        </Point>
      </Placemark>
      <Placemark>
        <name>TOM'S WORLD (MITSUKOSHI@TAINAN)</name>
        <description>6F.No.658,Sec.1,XimenRd.,West Central Dist.,TainanCity70051&lt;br/&gt;maimai DX International Version&lt;br/&gt;maimai International official / ALL.Net&lt;br/&gt;&lt;a href="https://location.am-all.net/alm/shop?gm=98&amp;astep=1001&amp;sid=19684&amp;lang=en"&gt;Official detail&lt;/a&gt;</description>
        <styleUrl>#secondary</styleUrl>
        <ExtendedData>
          <Data name="id"><value>intl-1001-19684</value></Data>
          <Data name="area"><value>Taiwan</value></Data>
          <Data name="address"><value>6F.No.658,Sec.1,XimenRd.,West Central Dist.,TainanCity70051</value></Data>
        </ExtendedData>
        <Point>
          <coordinates>120.197495,22.990311,0</coordinates>
        </Point>
      </Placemark>
      <Placemark>
        <name>TOM'S WORLD (SHOWTIME@KONG-SAN)</name>
        <description>No.2, Ln. 1, Jie'an Rd., Gangshan Dist., Kaohsiung City 820111&lt;br/&gt;maimai DX International Version&lt;br/&gt;maimai International official / ALL.Net&lt;br/&gt;&lt;a href="https://location.am-all.net/alm/shop?gm=98&amp;astep=1001&amp;sid=19215&amp;lang=en"&gt;Official detail&lt;/a&gt;</description>
        <styleUrl>#secondary</styleUrl>
        <ExtendedData>
          <Data name="id"><value>intl-1001-19215</value></Data>
          <Data name="area"><value>Taiwan</value></Data>
          <Data name="address"><value>No.2, Ln. 1, Jie'an Rd., Gangshan Dist., Kaohsiung City 820111</value></Data>
        </ExtendedData>
        <Point>
          <coordinates>120.2858846,22.8016472,0</coordinates>
        </Point>
      </Placemark>
      <Placemark>
        <name>TOM'S WORLD (T.S. MALL@TAINAN)</name>
        <description>B1,No.366,Sec.1,ZhonghuaE.Rd.EastDist.,TainanCity70155,Taiwan&lt;br/&gt;maimai DX International Version&lt;br/&gt;maimai International official / ALL.Net&lt;br/&gt;&lt;a href="https://location.am-all.net/alm/shop?gm=98&amp;astep=1001&amp;sid=19941&amp;lang=en"&gt;Official detail&lt;/a&gt;</description>
        <styleUrl>#secondary</styleUrl>
        <ExtendedData>
          <Data name="id"><value>intl-1001-19941</value></Data>
          <Data name="area"><value>Taiwan</value></Data>
          <Data name="address"><value>B1,No.366,Sec.1,ZhonghuaE.Rd.EastDist.,TainanCity70155,Taiwan</value></Data>
        </ExtendedData>
        <Point>
          <coordinates>120.234058,22.998693,0</coordinates>
        </Point>
      </Placemark>
      <Placemark>
        <name>TOM'S WORLD (TAITUNG)</name>
        <description>1F. No.439,Sec.1,ZhonghuaRd.,TaitungCity,TaitungCounty95042&lt;br/&gt;maimai DX International Version&lt;br/&gt;maimai International official / ALL.Net&lt;br/&gt;&lt;a href="https://location.am-all.net/alm/shop?gm=98&amp;astep=1001&amp;sid=19928&amp;lang=en"&gt;Official detail&lt;/a&gt;</description>
        <styleUrl>#secondary</styleUrl>
        <ExtendedData>
          <Data name="id"><value>intl-1001-19928</value></Data>
          <Data name="area"><value>Taiwan</value></Data>
          <Data name="address"><value>1F. No.439,Sec.1,ZhonghuaRd.,TaitungCity,TaitungCounty95042</value></Data>
        </ExtendedData>
        <Point>
          <coordinates>121.1527787,22.753932,0</coordinates>
        </Point>
      </Placemark>
      <Placemark>
        <name>TOM'S WORLD (YULON CITY@XINDIAN)</name>
        <description>7F No.70 Sec3,Zhongxing Rd,Xindian Dist,New Taipei City&lt;br/&gt;maimai DX International Version&lt;br/&gt;maimai International official / ALL.Net&lt;br/&gt;&lt;a href="https://location.am-all.net/alm/shop?gm=98&amp;astep=1001&amp;sid=19028&amp;lang=en"&gt;Official detail&lt;/a&gt;</description>
        <styleUrl>#secondary</styleUrl>
        <ExtendedData>
          <Data name="id"><value>intl-1001-19028</value></Data>
          <Data name="area"><value>Taiwan</value></Data>
          <Data name="address"><value>7F No.70 Sec3,Zhongxing Rd,Xindian Dist,New Taipei City</value></Data>
        </ExtendedData>
        <Point>
          <coordinates>121.4553603,25.00719,0</coordinates>
        </Point>
      </Placemark>
      <Placemark>
        <name>TOM'S WORLD MITSUI OUTLET PARK-LINKOU</name>
        <description>3F,No.123,Sec.1,Wenhua 2nd Rd,Linkou Dist,New Taipei City 244008&lt;br/&gt;maimai DX International Version&lt;br/&gt;maimai International official / ALL.Net&lt;br/&gt;&lt;a href="https://location.am-all.net/alm/shop?gm=98&amp;astep=1001&amp;sid=18728&amp;lang=en"&gt;Official detail&lt;/a&gt;</description>
        <styleUrl>#secondary</styleUrl>
        <ExtendedData>
          <Data name="id"><value>intl-1001-18728</value></Data>
          <Data name="area"><value>Taiwan</value></Data>
          <Data name="address"><value>3F,No.123,Sec.1,Wenhua 2nd Rd,Linkou Dist,New Taipei City 244008</value></Data>
        </ExtendedData>
        <Point>
          <coordinates>121.6365176,25.2247173,0</coordinates>
        </Point>
      </Placemark>
      <Placemark>
        <name>TOM'S WORLD MITSUI OUTLET PARK-TAICHUNG</name>
        <description>2F No168 Sec10, Taiwan Blvd Wuqi Dist TaichungCity 435407&lt;br/&gt;maimai DX International Version&lt;br/&gt;maimai International official / ALL.Net&lt;br/&gt;&lt;a href="https://location.am-all.net/alm/shop?gm=98&amp;astep=1001&amp;sid=18712&amp;lang=en"&gt;Official detail&lt;/a&gt;</description>
        <styleUrl>#secondary</styleUrl>
        <ExtendedData>
          <Data name="id"><value>intl-1001-18712</value></Data>
          <Data name="area"><value>Taiwan</value></Data>
          <Data name="address"><value>2F No168 Sec10, Taiwan Blvd Wuqi Dist TaichungCity 435407</value></Data>
        </ExtendedData>
        <Point>
          <coordinates>120.5386546,24.2490793,0</coordinates>
        </Point>
      </Placemark>
      <Placemark>
        <name>TOM'S WORLD(BOAI@CHIAYI)</name>
        <description>NO.181, SEC.2, BO'AI RD.,WEST DIST, CHIAYI CITY 60059&lt;br/&gt;maimai DX International Version&lt;br/&gt;maimai International official / ALL.Net&lt;br/&gt;&lt;a href="https://location.am-all.net/alm/shop?gm=98&amp;astep=1001&amp;sid=24149&amp;lang=en"&gt;Official detail&lt;/a&gt;</description>
        <styleUrl>#secondary</styleUrl>
        <ExtendedData>
          <Data name="id"><value>intl-1001-24149</value></Data>
          <Data name="area"><value>Taiwan</value></Data>
          <Data name="address"><value>NO.181, SEC.2, BO'AI RD.,WEST DIST, CHIAYI CITY 60059</value></Data>
        </ExtendedData>
        <Point>
          <coordinates>120.439305963893,23.4809110810676,0</coordinates>
        </Point>
      </Placemark>
      <Placemark>
        <name>TOM'S WORLD(CARREFOUR@CHANGHUA)</name>
        <description>2F.No.321,Sec.2,Jinma Rd.Canghua City,Changhua Country 500044&lt;br/&gt;maimai DX International Version&lt;br/&gt;maimai International official / ALL.Net&lt;br/&gt;&lt;a href="https://location.am-all.net/alm/shop?gm=98&amp;astep=1001&amp;sid=19137&amp;lang=en"&gt;Official detail&lt;/a&gt;</description>
        <styleUrl>#secondary</styleUrl>
        <ExtendedData>
          <Data name="id"><value>intl-1001-19137</value></Data>
          <Data name="area"><value>Taiwan</value></Data>
          <Data name="address"><value>2F.No.321,Sec.2,Jinma Rd.Canghua City,Changhua Country 500044</value></Data>
        </ExtendedData>
        <Point>
          <coordinates>120.5731585,24.092858,0</coordinates>
        </Point>
      </Placemark>
      <Placemark>
        <name>TOM'S WORLD(CHIN CHIN@TAICHUNG)</name>
        <description>B1F.-2,NO.14, BEITUN RD.,NORTH DISTRICT,TAICHUNG CITY&lt;br/&gt;maimai DX International Version&lt;br/&gt;maimai International official / ALL.Net&lt;br/&gt;&lt;a href="https://location.am-all.net/alm/shop?gm=98&amp;astep=1001&amp;sid=24686&amp;lang=en"&gt;Official detail&lt;/a&gt;</description>
        <styleUrl>#secondary</styleUrl>
        <ExtendedData>
          <Data name="id"><value>intl-1001-24686</value></Data>
          <Data name="area"><value>Taiwan</value></Data>
          <Data name="address"><value>B1F.-2,NO.14, BEITUN RD.,NORTH DISTRICT,TAICHUNG CITY</value></Data>
        </ExtendedData>
        <Point>
          <coordinates>120.691991665929,24.1601922906738,0</coordinates>
        </Point>
      </Placemark>
      <Placemark>
        <name>TOM'S WORLD(DALI@TAICHUNG)</name>
        <description>NO.446, SEC. 2, ZHONGXING RD.,DALI DIST., TAICHUNG CITY&lt;br/&gt;maimai DX International Version&lt;br/&gt;maimai International official / ALL.Net&lt;br/&gt;&lt;a href="https://location.am-all.net/alm/shop?gm=98&amp;astep=1001&amp;sid=23031&amp;lang=en"&gt;Official detail&lt;/a&gt;</description>
        <styleUrl>#secondary</styleUrl>
        <ExtendedData>
          <Data name="id"><value>intl-1001-23031</value></Data>
          <Data name="area"><value>Taiwan</value></Data>
          <Data name="address"><value>NO.446, SEC. 2, ZHONGXING RD.,DALI DIST., TAICHUNG CITY</value></Data>
        </ExtendedData>
        <Point>
          <coordinates>120.690367542467,24.1089146367288,0</coordinates>
        </Point>
      </Placemark>
      <Placemark>
        <name>TOM'S WORLD(DREAM MALL@KAOHSIUNG)</name>
        <description>B1., NO.789, ZHONGHUA 5TH RD.QIANZHEN DIST., KAOHSIUNG CITY&lt;br/&gt;maimai DX International Version&lt;br/&gt;maimai International official / ALL.Net&lt;br/&gt;&lt;a href="https://location.am-all.net/alm/shop?gm=98&amp;astep=1001&amp;sid=22353&amp;lang=en"&gt;Official detail&lt;/a&gt;</description>
        <styleUrl>#secondary</styleUrl>
        <ExtendedData>
          <Data name="id"><value>intl-1001-22353</value></Data>
          <Data name="area"><value>Taiwan</value></Data>
          <Data name="address"><value>B1., NO.789, ZHONGHUA 5TH RD.QIANZHEN DIST., KAOHSIUNG CITY</value></Data>
        </ExtendedData>
        <Point>
          <coordinates>120.358046096295,22.6227313709171,0</coordinates>
        </Point>
      </Placemark>
      <Placemark>
        <name>TOM'S WORLD(E SKY LAND@KAOHSIUNG)</name>
        <description>5F., No.115, Dashun 1st Rd., Gushan Dist., Kaohsiung City 804058&lt;br/&gt;maimai DX International Version&lt;br/&gt;maimai International official / ALL.Net&lt;br/&gt;&lt;a href="https://location.am-all.net/alm/shop?gm=98&amp;astep=1001&amp;sid=19493&amp;lang=en"&gt;Official detail&lt;/a&gt;</description>
        <styleUrl>#secondary</styleUrl>
        <ExtendedData>
          <Data name="id"><value>intl-1001-19493</value></Data>
          <Data name="area"><value>Taiwan</value></Data>
          <Data name="address"><value>5F., No.115, Dashun 1st Rd., Gushan Dist., Kaohsiung City 804058</value></Data>
        </ExtendedData>
        <Point>
          <coordinates>120.3066315,22.6568127,0</coordinates>
        </Point>
      </Placemark>
      <Placemark>
        <name>TOM'S WORLD(E33@HUALIEN)</name>
        <description>4F.,NO.530, JHONGJHENG RD.,HUALIEN CITY,HUALIEN COUNTY&lt;br/&gt;maimai DX International Version&lt;br/&gt;maimai International official / ALL.Net&lt;br/&gt;&lt;a href="https://location.am-all.net/alm/shop?gm=98&amp;astep=1001&amp;sid=24673&amp;lang=en"&gt;Official detail&lt;/a&gt;</description>
        <styleUrl>#secondary</styleUrl>
        <ExtendedData>
          <Data name="id"><value>intl-1001-24673</value></Data>
          <Data name="area"><value>Taiwan</value></Data>
          <Data name="address"><value>4F.,NO.530, JHONGJHENG RD.,HUALIEN CITY,HUALIEN COUNTY</value></Data>
        </ExtendedData>
        <Point>
          <coordinates>121.608218455285,23.9776428113001,0</coordinates>
        </Point>
      </Placemark>
      <Placemark>
        <name>TOM'S WORLD(FE21 MEGA@KAOHSIUNG)</name>
        <description>12/F,21 SANDUO 4TH RD.,LINGYA DIST.,KAOHSIUNG CITY,TAIWAN&lt;br/&gt;maimai DX International Version&lt;br/&gt;maimai International official / ALL.Net&lt;br/&gt;&lt;a href="https://location.am-all.net/alm/shop?gm=98&amp;astep=1001&amp;sid=22390&amp;lang=en"&gt;Official detail&lt;/a&gt;</description>
        <styleUrl>#secondary</styleUrl>
        <ExtendedData>
          <Data name="id"><value>intl-1001-22390</value></Data>
          <Data name="area"><value>Taiwan</value></Data>
          <Data name="address"><value>12/F,21 SANDUO 4TH RD.,LINGYA DIST.,KAOHSIUNG CITY,TAIWAN</value></Data>
        </ExtendedData>
        <Point>
          <coordinates>120.3039507,22.6130726,0</coordinates>
        </Point>
      </Placemark>
      <Placemark>
        <name>TOM'S WORLD(FE21@TAOYUAN)</name>
        <description>12F., NO.20,ZHONGZHENG RD.,TAOYUAN CITY, TAOYUAN COUNTY&lt;br/&gt;maimai DX International Version&lt;br/&gt;maimai International official / ALL.Net&lt;br/&gt;&lt;a href="https://location.am-all.net/alm/shop?gm=98&amp;astep=1001&amp;sid=24136&amp;lang=en"&gt;Official detail&lt;/a&gt;</description>
        <styleUrl>#secondary</styleUrl>
        <ExtendedData>
          <Data name="id"><value>intl-1001-24136</value></Data>
          <Data name="area"><value>Taiwan</value></Data>
          <Data name="address"><value>12F., NO.20,ZHONGZHENG RD.,TAOYUAN CITY, TAOYUAN COUNTY</value></Data>
        </ExtendedData>
        <Point>
          <coordinates>121.313921236771,24.9898544722003,0</coordinates>
        </Point>
      </Placemark>
      <Placemark>
        <name>TOM'S WORLD(FENGSHAN@KAOHSIUNG)</name>
        <description>B1F.,NO.149,ZHONGSHAN RD.,FENGSHANG DIST., KAOHSIUNG,&lt;br/&gt;maimai DX International Version&lt;br/&gt;maimai International official / ALL.Net&lt;br/&gt;&lt;a href="https://location.am-all.net/alm/shop?gm=98&amp;astep=1001&amp;sid=24073&amp;lang=en"&gt;Official detail&lt;/a&gt;</description>
        <styleUrl>#secondary</styleUrl>
        <ExtendedData>
          <Data name="id"><value>intl-1001-24073</value></Data>
          <Data name="area"><value>Taiwan</value></Data>
          <Data name="address"><value>B1F.,NO.149,ZHONGSHAN RD.,FENGSHANG DIST., KAOHSIUNG,</value></Data>
        </ExtendedData>
        <Point>
          <coordinates>120.358045460731,22.6227308104161,0</coordinates>
        </Point>
      </Placemark>
      <Placemark>
        <name>TOM'S WORLD(FOCUS@TAINAN)</name>
        <description>9F.,NO.166, ZHONGSHAN RD.,WEST CENTRAL DIST., TAINAN CITY&lt;br/&gt;maimai DX International Version&lt;br/&gt;maimai International official / ALL.Net&lt;br/&gt;&lt;a href="https://location.am-all.net/alm/shop?gm=98&amp;astep=1001&amp;sid=24150&amp;lang=en"&gt;Official detail&lt;/a&gt;</description>
        <styleUrl>#secondary</styleUrl>
        <ExtendedData>
          <Data name="id"><value>intl-1001-24150</value></Data>
          <Data name="area"><value>Taiwan</value></Data>
          <Data name="address"><value>9F.,NO.166, ZHONGSHAN RD.,WEST CENTRAL DIST., TAINAN CITY</value></Data>
        </ExtendedData>
        <Point>
          <coordinates>120.210264941139,22.995715824494,0</coordinates>
        </Point>
      </Placemark>
      <Placemark>
        <name>TOM'S WORLD(GIANT CITY@HSINCHU)</name>
        <description>8F., NO.229, ZHONGYANG RD.,NORTH DIST., HSINCHU CITY&lt;br/&gt;maimai DX International Version&lt;br/&gt;maimai International official / ALL.Net&lt;br/&gt;&lt;a href="https://location.am-all.net/alm/shop?gm=98&amp;astep=1001&amp;sid=23030&amp;lang=en"&gt;Official detail&lt;/a&gt;</description>
        <styleUrl>#secondary</styleUrl>
        <ExtendedData>
          <Data name="id"><value>intl-1001-23030</value></Data>
          <Data name="area"><value>Taiwan</value></Data>
          <Data name="address"><value>8F., NO.229, ZHONGYANG RD.,NORTH DIST., HSINCHU CITY</value></Data>
        </ExtendedData>
        <Point>
          <coordinates>120.975195775424,24.8103598821181,0</coordinates>
        </Point>
      </Placemark>
      <Placemark>
        <name>TOM'S WORLD(GLOBALMALL-NANGANG)</name>
        <description>B2., No. 371, Sec. 7, ZhongxiaoE. Rd., Nangang Dist.&lt;br/&gt;maimai DX International Version&lt;br/&gt;maimai International official / ALL.Net&lt;br/&gt;&lt;a href="https://location.am-all.net/alm/shop?gm=98&amp;astep=1001&amp;sid=18503&amp;lang=en"&gt;Official detail&lt;/a&gt;</description>
        <styleUrl>#secondary</styleUrl>
        <ExtendedData>
          <Data name="id"><value>intl-1001-18503</value></Data>
          <Data name="area"><value>Taiwan</value></Data>
          <Data name="address"><value>B2., No. 371, Sec. 7, ZhongxiaoE. Rd., Nangang Dist.</value></Data>
        </ExtendedData>
        <Point>
          <coordinates>121.6071877,25.0529839,0</coordinates>
        </Point>
      </Placemark>
      <Placemark>
        <name>TOM'S WORLD(HONHUI PLAZA@NEW TAIPEI)</name>
        <description>9F No.3,Sec.4,New Taipei Blvd.,Xinzhuang Dist.New Taipei City&lt;br/&gt;maimai DX International Version&lt;br/&gt;maimai International official / ALL.Net&lt;br/&gt;&lt;a href="https://location.am-all.net/alm/shop?gm=98&amp;astep=1001&amp;sid=19667&amp;lang=en"&gt;Official detail&lt;/a&gt;</description>
        <styleUrl>#secondary</styleUrl>
        <ExtendedData>
          <Data name="id"><value>intl-1001-19667</value></Data>
          <Data name="area"><value>Taiwan</value></Data>
          <Data name="address"><value>9F No.3,Sec.4,New Taipei Blvd.,Xinzhuang Dist.New Taipei City</value></Data>
        </ExtendedData>
        <Point>
          <coordinates>121.4178347,25.0265985,0</coordinates>
        </Point>
      </Placemark>
      <Placemark>
        <name>TOM'S WORLD(JHENGUANG@PINGTUNG)</name>
        <description>NO.62, MINSHENG RD.,PINGTUNG CITY, PINGTUNG COUNTY&lt;br/&gt;maimai DX International Version&lt;br/&gt;maimai International official / ALL.Net&lt;br/&gt;&lt;a href="https://location.am-all.net/alm/shop?gm=98&amp;astep=1001&amp;sid=24055&amp;lang=en"&gt;Official detail&lt;/a&gt;</description>
        <styleUrl>#secondary</styleUrl>
        <ExtendedData>
          <Data name="id"><value>intl-1001-24055</value></Data>
          <Data name="area"><value>Taiwan</value></Data>
          <Data name="address"><value>NO.62, MINSHENG RD.,PINGTUNG CITY, PINGTUNG COUNTY</value></Data>
        </ExtendedData>
        <Point>
          <coordinates>120.497476,22.667925,0</coordinates>
        </Point>
      </Placemark>
      <Placemark>
        <name>TOM'S WORLD(JHENGUANG@TAINAN)</name>
        <description>1F., NO.236, SEC.2,JHONGHUAE.RD., TAINAN CITY&lt;br/&gt;maimai DX International Version&lt;br/&gt;maimai International official / ALL.Net&lt;br/&gt;&lt;a href="https://location.am-all.net/alm/shop?gm=98&amp;astep=1001&amp;sid=24684&amp;lang=en"&gt;Official detail&lt;/a&gt;</description>
        <styleUrl>#secondary</styleUrl>
        <ExtendedData>
          <Data name="id"><value>intl-1001-24684</value></Data>
          <Data name="area"><value>Taiwan</value></Data>
          <Data name="address"><value>1F., NO.236, SEC.2,JHONGHUAE.RD., TAINAN CITY</value></Data>
        </ExtendedData>
        <Point>
          <coordinates>120.229921589,22.9819470535495,0</coordinates>
        </Point>
      </Placemark>
      <Placemark>
        <name>TOM'S WORLD(JHONGSING@HSINCHU)</name>
        <description>1F.,NO.32, LINSEN RD.,HSINCHU CITY,&lt;br/&gt;maimai DX International Version&lt;br/&gt;maimai International official / ALL.Net&lt;br/&gt;&lt;a href="https://location.am-all.net/alm/shop?gm=98&amp;astep=1001&amp;sid=24683&amp;lang=en"&gt;Official detail&lt;/a&gt;</description>
        <styleUrl>#secondary</styleUrl>
        <ExtendedData>
          <Data name="id"><value>intl-1001-24683</value></Data>
          <Data name="area"><value>Taiwan</value></Data>
          <Data name="address"><value>1F.,NO.32, LINSEN RD.,HSINCHU CITY,</value></Data>
        </ExtendedData>
        <Point>
          <coordinates>120.9689311,24.801872,0</coordinates>
        </Point>
      </Placemark>
      <Placemark>
        <name>TOM'S WORLD(JINWANNIAN@TAIPEI)</name>
        <description>5F., NO.70, SINING S.RD.,WANHUADISTRICT, TAIPEI CITY,&lt;br/&gt;maimai DX International Version&lt;br/&gt;maimai International official / ALL.Net&lt;br/&gt;&lt;a href="https://location.am-all.net/alm/shop?gm=98&amp;astep=1001&amp;sid=24689&amp;lang=en"&gt;Official detail&lt;/a&gt;</description>
        <styleUrl>#secondary</styleUrl>
        <ExtendedData>
          <Data name="id"><value>intl-1001-24689</value></Data>
          <Data name="area"><value>Taiwan</value></Data>
          <Data name="address"><value>5F., NO.70, SINING S.RD.,WANHUADISTRICT, TAIPEI CITY,</value></Data>
        </ExtendedData>
        <Point>
          <coordinates>121.505893338643,25.0435100845026,0</coordinates>
        </Point>
      </Placemark>
      <Placemark>
        <name>TOM'S WORLD(JINWUA-TAINAN)</name>
        <description>1 F No. 412, Sec. 1, Jinhua Rd., South Dist., Tainan City 702011&lt;br/&gt;maimai DX International Version&lt;br/&gt;maimai International official / ALL.Net&lt;br/&gt;&lt;a href="https://location.am-all.net/alm/shop?gm=98&amp;astep=1001&amp;sid=18509&amp;lang=en"&gt;Official detail&lt;/a&gt;</description>
        <styleUrl>#secondary</styleUrl>
        <ExtendedData>
          <Data name="id"><value>intl-1001-18509</value></Data>
          <Data name="area"><value>Taiwan</value></Data>
          <Data name="address"><value>1 F No. 412, Sec. 1, Jinhua Rd., South Dist., Tainan City 702011</value></Data>
        </ExtendedData>
        <Point>
          <coordinates>120.1910355,22.971355,0</coordinates>
        </Point>
      </Placemark>
      <Placemark>
        <name>TOM'S WORLD(LIUHE@KAOHSIUNG)</name>
        <description>NO.132, LIUHE 2ND RD.,QIANJIN DISTRICT, KAOHSIUNG&lt;br/&gt;maimai DX International Version&lt;br/&gt;maimai International official / ALL.Net&lt;br/&gt;&lt;a href="https://location.am-all.net/alm/shop?gm=98&amp;astep=1001&amp;sid=24622&amp;lang=en"&gt;Official detail&lt;/a&gt;</description>
        <styleUrl>#secondary</styleUrl>
        <ExtendedData>
          <Data name="id"><value>intl-1001-24622</value></Data>
          <Data name="area"><value>Taiwan</value></Data>
          <Data name="address"><value>NO.132, LIUHE 2ND RD.,QIANJIN DISTRICT, KAOHSIUNG</value></Data>
        </ExtendedData>
        <Point>
          <coordinates>120.29597092943,22.6311428516372,0</coordinates>
        </Point>
      </Placemark>
      <Placemark>
        <name>TOM'S WORLD(LUNA PLAZA@YILAN)</name>
        <description>4F.,NO.6, LANE38, SEC.2,MINQUANRD.,YILAN CITY,YILANCNTY&lt;br/&gt;maimai DX International Version&lt;br/&gt;maimai International official / ALL.Net&lt;br/&gt;&lt;a href="https://location.am-all.net/alm/shop?gm=98&amp;astep=1001&amp;sid=24145&amp;lang=en"&gt;Official detail&lt;/a&gt;</description>
        <styleUrl>#secondary</styleUrl>
        <ExtendedData>
          <Data name="id"><value>intl-1001-24145</value></Data>
          <Data name="area"><value>Taiwan</value></Data>
          <Data name="address"><value>4F.,NO.6, LANE38, SEC.2,MINQUANRD.,YILAN CITY,YILANCNTY</value></Data>
        </ExtendedData>
        <Point>
          <coordinates>121.750711,24.7544626818373,0</coordinates>
        </Point>
      </Placemark>
      <Placemark>
        <name>TOM'S WORLD(MINSHENG@LOTONG)</name>
        <description>2F.,NO.6,MINSHENG RD.,LUODONG TOWNSHIP, YILAN COUNTY,&lt;br/&gt;maimai DX International Version&lt;br/&gt;maimai International official / ALL.Net&lt;br/&gt;&lt;a href="https://location.am-all.net/alm/shop?gm=98&amp;astep=1001&amp;sid=24665&amp;lang=en"&gt;Official detail&lt;/a&gt;</description>
        <styleUrl>#secondary</styleUrl>
        <ExtendedData>
          <Data name="id"><value>intl-1001-24665</value></Data>
          <Data name="area"><value>Taiwan</value></Data>
          <Data name="address"><value>2F.,NO.6,MINSHENG RD.,LUODONG TOWNSHIP, YILAN COUNTY,</value></Data>
        </ExtendedData>
        <Point>
          <coordinates>121.771031055048,24.676720059988,0</coordinates>
        </Point>
      </Placemark>
      <Placemark>
        <name>TOM'S WORLD(MIRAMAR@TAIPEI)</name>
        <description>5F.,NO.22,JINGYE3RD RD.,ZHONGSHAN DIST.,TAIPEI CITY104,TAIWAN&lt;br/&gt;maimai DX International Version&lt;br/&gt;maimai International official / ALL.Net&lt;br/&gt;&lt;a href="https://location.am-all.net/alm/shop?gm=98&amp;astep=1001&amp;sid=21370&amp;lang=en"&gt;Official detail&lt;/a&gt;</description>
        <styleUrl>#secondary</styleUrl>
        <ExtendedData>
          <Data name="id"><value>intl-1001-21370</value></Data>
          <Data name="area"><value>Taiwan</value></Data>
          <Data name="address"><value>5F.,NO.22,JINGYE3RD RD.,ZHONGSHAN DIST.,TAIPEI CITY104,TAIWAN</value></Data>
        </ExtendedData>
        <Point>
          <coordinates>121.557866867737,25.0832870840152,0</coordinates>
        </Point>
      </Placemark>
      <Placemark>
        <name>TOM'S WORLD(MITSUKOSHI@ZUOYING 10F)</name>
        <description>10F.No.123,GaotieRd.,ZuoyingDist.,KaohsiungCity81361,Taiwan&lt;br/&gt;maimai DX International Version&lt;br/&gt;maimai International official / ALL.Net&lt;br/&gt;&lt;a href="https://location.am-all.net/alm/shop?gm=98&amp;astep=1001&amp;sid=19942&amp;lang=en"&gt;Official detail&lt;/a&gt;</description>
        <styleUrl>#secondary</styleUrl>
        <ExtendedData>
          <Data name="id"><value>intl-1001-19942</value></Data>
          <Data name="area"><value>Taiwan</value></Data>
          <Data name="address"><value>10F.No.123,GaotieRd.,ZuoyingDist.,KaohsiungCity81361,Taiwan</value></Data>
        </ExtendedData>
        <Point>
          <coordinates>120.3100475,22.6884719,0</coordinates>
        </Point>
      </Placemark>
      <Placemark>
        <name>TOM'S WORLD(MITSUKOSHI@ZUOYING 2F)</name>
        <description>2F.No.123,GaotieRd.,Zuoying Dist.,KaohsiungCity81361&lt;br/&gt;maimai DX International Version&lt;br/&gt;maimai International official / ALL.Net&lt;br/&gt;&lt;a href="https://location.am-all.net/alm/shop?gm=98&amp;astep=1001&amp;sid=19944&amp;lang=en"&gt;Official detail&lt;/a&gt;</description>
        <styleUrl>#secondary</styleUrl>
        <ExtendedData>
          <Data name="id"><value>intl-1001-19944</value></Data>
          <Data name="area"><value>Taiwan</value></Data>
          <Data name="address"><value>2F.No.123,GaotieRd.,Zuoying Dist.,KaohsiungCity81361</value></Data>
        </ExtendedData>
        <Point>
          <coordinates>120.2916524,22.6877358,0</coordinates>
        </Point>
      </Placemark>
      <Placemark>
        <name>TOM'S WORLD(MORI SHOWTIME@SHULIN)</name>
        <description>3F.No.40-6,Shuxin Rd. Shulin Dist.,New Taipei City 238, Taiwan&lt;br/&gt;maimai DX International Version&lt;br/&gt;maimai International official / ALL.Net&lt;br/&gt;&lt;a href="https://location.am-all.net/alm/shop?gm=98&amp;astep=1001&amp;sid=19591&amp;lang=en"&gt;Official detail&lt;/a&gt;</description>
        <styleUrl>#secondary</styleUrl>
        <ExtendedData>
          <Data name="id"><value>intl-1001-19591</value></Data>
          <Data name="area"><value>Taiwan</value></Data>
          <Data name="address"><value>3F.No.40-6,Shuxin Rd. Shulin Dist.,New Taipei City 238, Taiwan</value></Data>
        </ExtendedData>
        <Point>
          <coordinates>121.4284257,24.9955128,0</coordinates>
        </Point>
      </Placemark>
      <Placemark>
        <name>TOM'S WORLD(SHOW TIME@CHIAYI)</name>
        <description>No.299, Wenhua Rd., West Dist.,Chiayi City 600054, Taiwan&lt;br/&gt;maimai DX International Version&lt;br/&gt;maimai International official / ALL.Net&lt;br/&gt;&lt;a href="https://location.am-all.net/alm/shop?gm=98&amp;astep=1001&amp;sid=19528&amp;lang=en"&gt;Official detail&lt;/a&gt;</description>
        <styleUrl>#secondary</styleUrl>
        <ExtendedData>
          <Data name="id"><value>intl-1001-19528</value></Data>
          <Data name="area"><value>Taiwan</value></Data>
          <Data name="address"><value>No.299, Wenhua Rd., West Dist.,Chiayi City 600054, Taiwan</value></Data>
        </ExtendedData>
        <Point>
          <coordinates>120.4476782,23.4852891,0</coordinates>
        </Point>
      </Placemark>
      <Placemark>
        <name>TOM'S WORLD(SHOWTIME WENXIN@TAICHUNG)</name>
        <description>4F., No.289, Wenxin S. Rd., NantunDist., Taichung City 40854,&lt;br/&gt;maimai DX International Version&lt;br/&gt;maimai International official / ALL.Net&lt;br/&gt;&lt;a href="https://location.am-all.net/alm/shop?gm=98&amp;astep=1001&amp;sid=20076&amp;lang=en"&gt;Official detail&lt;/a&gt;</description>
        <styleUrl>#secondary</styleUrl>
        <ExtendedData>
          <Data name="id"><value>intl-1001-20076</value></Data>
          <Data name="area"><value>Taiwan</value></Data>
          <Data name="address"><value>4F., No.289, Wenxin S. Rd., NantunDist., Taichung City 40854,</value></Data>
        </ExtendedData>
        <Point>
          <coordinates>120.6461153,24.1296447,0</coordinates>
        </Point>
      </Placemark>
      <Placemark>
        <name>TOM'S WORLD(SKM PARK @KAOHSIUNGB1)</name>
        <description>B1,NO.100,ZHONGSHAN4TH RD.,QIANZHENDIST.,KAOHSIUNG CITY806,TWN&lt;br/&gt;maimai DX International Version&lt;br/&gt;maimai International official / ALL.Net&lt;br/&gt;&lt;a href="https://location.am-all.net/alm/shop?gm=98&amp;astep=1001&amp;sid=19687&amp;lang=en"&gt;Official detail&lt;/a&gt;</description>
        <styleUrl>#secondary</styleUrl>
        <ExtendedData>
          <Data name="id"><value>intl-1001-19687</value></Data>
          <Data name="area"><value>Taiwan</value></Data>
          <Data name="address"><value>B1,NO.100,ZHONGSHAN4TH RD.,QIANZHENDIST.,KAOHSIUNG CITY806,TWN</value></Data>
        </ExtendedData>
        <Point>
          <coordinates>120.3288911,22.5824875,0</coordinates>
        </Point>
      </Placemark>
      <Placemark>
        <name>TOM'S WORLD(SKM PARK@KAOHSIUNG 3F)</name>
        <description>NO.100,ZHONGSHAN4TH RD.,QIANZHENDIST.,KAOHSIUNG CITY806,TAIWAN&lt;br/&gt;maimai DX International Version&lt;br/&gt;maimai International official / ALL.Net&lt;br/&gt;&lt;a href="https://location.am-all.net/alm/shop?gm=98&amp;astep=1001&amp;sid=20968&amp;lang=en"&gt;Official detail&lt;/a&gt;</description>
        <styleUrl>#secondary</styleUrl>
        <ExtendedData>
          <Data name="id"><value>intl-1001-20968</value></Data>
          <Data name="area"><value>Taiwan</value></Data>
          <Data name="address"><value>NO.100,ZHONGSHAN4TH RD.,QIANZHENDIST.,KAOHSIUNG CITY806,TAIWAN</value></Data>
        </ExtendedData>
        <Point>
          <coordinates>120.3232481,22.5872135,0</coordinates>
        </Point>
      </Placemark>
      <Placemark>
        <name>TOM'S WORLD(TOM'S WORLD TAROKO MALL)</name>
        <description>10 F, No.186, Sec.4, Fuxing Rd,East Dist, Taichung City 401211&lt;br/&gt;maimai DX International Version&lt;br/&gt;maimai International official / ALL.Net&lt;br/&gt;&lt;a href="https://location.am-all.net/alm/shop?gm=98&amp;astep=1001&amp;sid=18425&amp;lang=en"&gt;Official detail&lt;/a&gt;</description>
        <styleUrl>#secondary</styleUrl>
        <ExtendedData>
          <Data name="id"><value>intl-1001-18425</value></Data>
          <Data name="area"><value>Taiwan</value></Data>
          <Data name="address"><value>10 F, No.186, Sec.4, Fuxing Rd,East Dist, Taichung City 401211</value></Data>
        </ExtendedData>
        <Point>
          <coordinates>120.6877419,24.1359391,0</coordinates>
        </Point>
      </Placemark>
      <Placemark>
        <name>TOM'S WORLD(XIMEN@TAINAN)</name>
        <description>1F.,NO.273,SEC.4, XIMEN RD.,NORTH DIST., TAINAN CITY&lt;br/&gt;maimai DX International Version&lt;br/&gt;maimai International official / ALL.Net&lt;br/&gt;&lt;a href="https://location.am-all.net/alm/shop?gm=98&amp;astep=1001&amp;sid=24013&amp;lang=en"&gt;Official detail&lt;/a&gt;</description>
        <styleUrl>#secondary</styleUrl>
        <ExtendedData>
          <Data name="id"><value>intl-1001-24013</value></Data>
          <Data name="area"><value>Taiwan</value></Data>
          <Data name="address"><value>1F.,NO.273,SEC.4, XIMEN RD.,NORTH DIST., TAINAN CITY</value></Data>
        </ExtendedData>
        <Point>
          <coordinates>120.208839,23.013162,0</coordinates>
        </Point>
      </Placemark>
      <Placemark>
        <name>VAN'S PARADISE(TAMSUI)</name>
        <description>No.94 Yingzhuan Rd., Tamsui Dist., New Taipei City,Taiwan&lt;br/&gt;maimai DX International Version&lt;br/&gt;maimai International official / ALL.Net&lt;br/&gt;&lt;a href="https://location.am-all.net/alm/shop?gm=98&amp;astep=1001&amp;sid=18986&amp;lang=en"&gt;Official detail&lt;/a&gt;</description>
        <styleUrl>#secondary</styleUrl>
        <ExtendedData>
          <Data name="id"><value>intl-1001-18986</value></Data>
          <Data name="area"><value>Taiwan</value></Data>
          <Data name="address"><value>No.94 Yingzhuan Rd., Tamsui Dist., New Taipei City,Taiwan</value></Data>
        </ExtendedData>
        <Point>
          <coordinates>121.4458778,25.1717774,0</coordinates>
        </Point>
      </Placemark>
      <Placemark>
        <name>WAWA EMPIRE(YIJHONG)</name>
        <description>1F,NO.9,ZUNXIAN ST., NORTH DIST.TAICHUNG CITY 404,TAIWAN(R.O.C.)&lt;br/&gt;maimai DX International Version&lt;br/&gt;maimai International official / ALL.Net&lt;br/&gt;&lt;a href="https://location.am-all.net/alm/shop?gm=98&amp;astep=1001&amp;sid=21127&amp;lang=en"&gt;Official detail&lt;/a&gt;</description>
        <styleUrl>#secondary</styleUrl>
        <ExtendedData>
          <Data name="id"><value>intl-1001-21127</value></Data>
          <Data name="area"><value>Taiwan</value></Data>
          <Data name="address"><value>1F,NO.9,ZUNXIAN ST., NORTH DIST.TAICHUNG CITY 404,TAIWAN(R.O.C.)</value></Data>
        </ExtendedData>
        <Point>
          <coordinates>120.6853439,24.1488236,0</coordinates>
        </Point>
      </Placemark>
      <Placemark>
        <name>X50 MGS TAIPEI</name>
        <description>No.49, Emei St., Wanhua Dist., Taipei City 108, Taiwan (R.O.C.)&lt;br/&gt;maimai DX International Version&lt;br/&gt;maimai International official / ALL.Net&lt;br/&gt;&lt;a href="https://location.am-all.net/alm/shop?gm=98&amp;astep=1001&amp;sid=20079&amp;lang=en"&gt;Official detail&lt;/a&gt;</description>
        <styleUrl>#secondary</styleUrl>
        <ExtendedData>
          <Data name="id"><value>intl-1001-20079</value></Data>
          <Data name="area"><value>Taiwan</value></Data>
          <Data name="address"><value>No.49, Emei St., Wanhua Dist., Taipei City 108, Taiwan (R.O.C.)</value></Data>
        </ExtendedData>
        <Point>
          <coordinates>121.5654177,25.0329694,0</coordinates>
        </Point>
      </Placemark>
      <Placemark>
        <name>YOUNG KEY PARADISE(DATONG)</name>
        <description>RM.37,NO.100,SEC.1, CIVIC BLBD.,DATONG DIST., TAIPEI CITY&lt;br/&gt;maimai DX International Version&lt;br/&gt;maimai International official / ALL.Net&lt;br/&gt;&lt;a href="https://location.am-all.net/alm/shop?gm=98&amp;astep=1001&amp;sid=24024&amp;lang=en"&gt;Official detail&lt;/a&gt;</description>
        <styleUrl>#secondary</styleUrl>
        <ExtendedData>
          <Data name="id"><value>intl-1001-24024</value></Data>
          <Data name="area"><value>Taiwan</value></Data>
          <Data name="address"><value>RM.37,NO.100,SEC.1, CIVIC BLBD.,DATONG DIST., TAIPEI CITY</value></Data>
        </ExtendedData>
        <Point>
          <coordinates>121.515569327105,25.0491067638321,0</coordinates>
        </Point>
      </Placemark>
    </Folder>
    <Folder>
      <name>Thailand</name>
      <Placemark>
        <name>ECHO GAMES(ZPELL)</name>
        <description>PL2.3.SHP01094PRAHONYOTHINRD,PRACHATIPAT,TANYABURI,PRATHUMTHANI&lt;br/&gt;maimai DX International Version&lt;br/&gt;maimai International official / ALL.Net&lt;br/&gt;&lt;a href="https://location.am-all.net/alm/shop?gm=98&amp;astep=1006&amp;sid=20677&amp;lang=en"&gt;Official detail&lt;/a&gt;</description>
        <styleUrl>#secondary</styleUrl>
        <ExtendedData>
          <Data name="id"><value>intl-1006-20677</value></Data>
          <Data name="area"><value>Thailand</value></Data>
          <Data name="address"><value>PL2.3.SHP01094PRAHONYOTHINRD,PRACHATIPAT,TANYABURI,PRATHUMTHANI</value></Data>
        </ExtendedData>
        <Point>
          <coordinates>100.617352,13.9887697,0</coordinates>
        </Point>
      </Placemark>
      <Placemark>
        <name>ECHO XPERIENCE</name>
        <description>3Fl,301-304,Major Sukhumvit 1221/39, Sukhumvit Rd,North Khlong&lt;br/&gt;maimai DX International Version&lt;br/&gt;maimai International official / ALL.Net&lt;br/&gt;&lt;a href="https://location.am-all.net/alm/shop?gm=98&amp;astep=1006&amp;sid=18722&amp;lang=en"&gt;Official detail&lt;/a&gt;</description>
        <styleUrl>#secondary</styleUrl>
        <ExtendedData>
          <Data name="id"><value>intl-1006-18722</value></Data>
          <Data name="area"><value>Thailand</value></Data>
          <Data name="address"><value>3Fl,301-304,Major Sukhumvit 1221/39, Sukhumvit Rd,North Khlong</value></Data>
        </ExtendedData>
        <Point>
          <coordinates>100.5832743,13.7214312,0</coordinates>
        </Point>
      </Placemark>
      <Placemark>
        <name>EX10(LADPRAO)</name>
        <description>1693 PHAHOLYOTHIN RD. LADYAO,CHATUCHAK, BANGKOK&lt;br/&gt;maimai DX International Version&lt;br/&gt;maimai International official / ALL.Net&lt;br/&gt;&lt;a href="https://location.am-all.net/alm/shop?gm=98&amp;astep=1006&amp;sid=20594&amp;lang=en"&gt;Official detail&lt;/a&gt;</description>
        <styleUrl>#secondary</styleUrl>
        <ExtendedData>
          <Data name="id"><value>intl-1006-20594</value></Data>
          <Data name="area"><value>Thailand</value></Data>
          <Data name="address"><value>1693 PHAHOLYOTHIN RD. LADYAO,CHATUCHAK, BANGKOK</value></Data>
        </ExtendedData>
        <Point>
          <coordinates>100.559712,13.828598,0</coordinates>
        </Point>
      </Placemark>
      <Placemark>
        <name>EX10(MAYA CHIANGMAI)</name>
        <description>55/5 M.5 CHANGPHEUK ,MEANG, CHIANGMAI&lt;br/&gt;maimai DX International Version&lt;br/&gt;maimai International official / ALL.Net&lt;br/&gt;&lt;a href="https://location.am-all.net/alm/shop?gm=98&amp;astep=1006&amp;sid=22393&amp;lang=en"&gt;Official detail&lt;/a&gt;</description>
        <styleUrl>#secondary</styleUrl>
        <ExtendedData>
          <Data name="id"><value>intl-1006-22393</value></Data>
          <Data name="area"><value>Thailand</value></Data>
          <Data name="address"><value>55/5 M.5 CHANGPHEUK ,MEANG, CHIANGMAI</value></Data>
        </ExtendedData>
        <Point>
          <coordinates>98.9672954806732,18.8026932947481,0</coordinates>
        </Point>
      </Placemark>
      <Placemark>
        <name>EX10(MBK)</name>
        <description>MBK CENTERBLDG.,444 PHAYATHAI RD.,PATHUM WAN BANGKOK&lt;br/&gt;maimai DX International Version&lt;br/&gt;maimai International official / ALL.Net&lt;br/&gt;&lt;a href="https://location.am-all.net/alm/shop?gm=98&amp;astep=1006&amp;sid=21537&amp;lang=en"&gt;Official detail&lt;/a&gt;</description>
        <styleUrl>#secondary</styleUrl>
        <ExtendedData>
          <Data name="id"><value>intl-1006-21537</value></Data>
          <Data name="area"><value>Thailand</value></Data>
          <Data name="address"><value>MBK CENTERBLDG.,444 PHAYATHAI RD.,PATHUM WAN BANGKOK</value></Data>
        </ExtendedData>
        <Point>
          <coordinates>100.529997316579,13.7443292698159,0</coordinates>
        </Point>
      </Placemark>
      <Placemark>
        <name>GIGA PARK</name>
        <description>No.14/9 Tesgo-Lutus Extra Bangna-Trad, Bang Kaseo Sub-Dist.,&lt;br/&gt;maimai DX International Version&lt;br/&gt;maimai International official / ALL.Net&lt;br/&gt;&lt;a href="https://location.am-all.net/alm/shop?gm=98&amp;astep=1006&amp;sid=19165&amp;lang=en"&gt;Official detail&lt;/a&gt;</description>
        <styleUrl>#secondary</styleUrl>
        <ExtendedData>
          <Data name="id"><value>intl-1006-19165</value></Data>
          <Data name="area"><value>Thailand</value></Data>
          <Data name="address"><value>No.14/9 Tesgo-Lutus Extra Bangna-Trad, Bang Kaseo Sub-Dist.,</value></Data>
        </ExtendedData>
        <Point>
          <coordinates>100.6772822,13.6542149,0</coordinates>
        </Point>
      </Placemark>
    </Folder>
    <Folder>
      <name>Viet Nam</name>
      <Placemark>
        <name>AEON MALL TAN PHU</name>
        <description>2F, 30 Bo Bao Tan Thang Street,Son Ky Ward, Tan Phu District&lt;br/&gt;maimai DX International Version&lt;br/&gt;maimai International official / ALL.Net&lt;br/&gt;&lt;a href="https://location.am-all.net/alm/shop?gm=98&amp;astep=1011&amp;sid=18860&amp;lang=en"&gt;Official detail&lt;/a&gt;</description>
        <styleUrl>#secondary</styleUrl>
        <ExtendedData>
          <Data name="id"><value>intl-1011-18860</value></Data>
          <Data name="area"><value>Viet Nam</value></Data>
          <Data name="address"><value>2F, 30 Bo Bao Tan Thang Street,Son Ky Ward, Tan Phu District</value></Data>
        </ExtendedData>
        <Point>
          <coordinates>106.6216373,10.8070945,0</coordinates>
        </Point>
      </Placemark>
      <Placemark>
        <name>DREAM GAMES HO CHI MINH</name>
        <description>Bo Bao Tan Thang Street, Son KyWard, Tan Phu District,HoChiMinh&lt;br/&gt;maimai DX International Version&lt;br/&gt;maimai International official / ALL.Net&lt;br/&gt;&lt;a href="https://location.am-all.net/alm/shop?gm=98&amp;astep=1011&amp;sid=19838&amp;lang=en"&gt;Official detail&lt;/a&gt;</description>
        <styleUrl>#secondary</styleUrl>
        <ExtendedData>
          <Data name="id"><value>intl-1011-19838</value></Data>
          <Data name="area"><value>Viet Nam</value></Data>
          <Data name="address"><value>Bo Bao Tan Thang Street, Son KyWard, Tan Phu District,HoChiMinh</value></Data>
        </ExtendedData>
        <Point>
          <coordinates>106.617999986976,10.8018964709086,0</coordinates>
        </Point>
      </Placemark>
      <Placemark>
        <name>DREAM GAMES MIPEC</name>
        <description>122 - 124 Xuan Thuy Street, Dich Vong Hau ward&lt;br/&gt;maimai DX International Version&lt;br/&gt;maimai International official / ALL.Net&lt;br/&gt;&lt;a href="https://location.am-all.net/alm/shop?gm=98&amp;astep=1011&amp;sid=18646&amp;lang=en"&gt;Official detail&lt;/a&gt;</description>
        <styleUrl>#secondary</styleUrl>
        <ExtendedData>
          <Data name="id"><value>intl-1011-18646</value></Data>
          <Data name="area"><value>Viet Nam</value></Data>
          <Data name="address"><value>122 - 124 Xuan Thuy Street, Dich Vong Hau ward</value></Data>
        </ExtendedData>
        <Point>
          <coordinates>105.7872989,21.0378193,0</coordinates>
        </Point>
      </Placemark>
      <Placemark>
        <name>DREAM GAMES(BINH TAN)</name>
        <description>AeonMallBinhTan,BinhTri DongBward,BinhTanDist.,HoChiMinhCity&lt;br/&gt;maimai DX International Version&lt;br/&gt;maimai International official / ALL.Net&lt;br/&gt;&lt;a href="https://location.am-all.net/alm/shop?gm=98&amp;astep=1011&amp;sid=19836&amp;lang=en"&gt;Official detail&lt;/a&gt;</description>
        <styleUrl>#secondary</styleUrl>
        <ExtendedData>
          <Data name="id"><value>intl-1011-19836</value></Data>
          <Data name="area"><value>Viet Nam</value></Data>
          <Data name="address"><value>AeonMallBinhTan,BinhTri DongBward,BinhTanDist.,HoChiMinhCity</value></Data>
        </ExtendedData>
        <Point>
          <coordinates>106.6119055,10.7427069,0</coordinates>
        </Point>
      </Placemark>
      <Placemark>
        <name>DREAM GAMES(HAI PHONG LE CHAN)</name>
        <description>3F,Aeonmall Hai Phong Le Chan,10,Vo Nguyen Giap St.,Kenh Duong W&lt;br/&gt;maimai DX International Version&lt;br/&gt;maimai International official / ALL.Net&lt;br/&gt;&lt;a href="https://location.am-all.net/alm/shop?gm=98&amp;astep=1011&amp;sid=19420&amp;lang=en"&gt;Official detail&lt;/a&gt;</description>
        <styleUrl>#secondary</styleUrl>
        <ExtendedData>
          <Data name="id"><value>intl-1011-19420</value></Data>
          <Data name="area"><value>Viet Nam</value></Data>
          <Data name="address"><value>3F,Aeonmall Hai Phong Le Chan,10,Vo Nguyen Giap St.,Kenh Duong W</value></Data>
        </ExtendedData>
        <Point>
          <coordinates>106.682241,20.8324943,0</coordinates>
        </Point>
      </Placemark>
      <Placemark>
        <name>DREAM GAMES(LONG BIEN)</name>
        <description>27 Co Linh Street, Long Bien Ward, Long Bien District, Ha Noi&lt;br/&gt;maimai DX International Version&lt;br/&gt;maimai International official / ALL.Net&lt;br/&gt;&lt;a href="https://location.am-all.net/alm/shop?gm=98&amp;astep=1011&amp;sid=19837&amp;lang=en"&gt;Official detail&lt;/a&gt;</description>
        <styleUrl>#secondary</styleUrl>
        <ExtendedData>
          <Data name="id"><value>intl-1011-19837</value></Data>
          <Data name="area"><value>Viet Nam</value></Data>
          <Data name="address"><value>27 Co Linh Street, Long Bien Ward, Long Bien District, Ha Noi</value></Data>
        </ExtendedData>
        <Point>
          <coordinates>105.90099,21.02702,0</coordinates>
        </Point>
      </Placemark>
      <Placemark>
        <name>DREAM KIDS SU VAN HANH</name>
        <description>11 SU VAN HANH PHUONG 12 QUAN 10&lt;br/&gt;maimai DX International Version&lt;br/&gt;maimai International official / ALL.Net&lt;br/&gt;&lt;a href="https://location.am-all.net/alm/shop?gm=98&amp;astep=1011&amp;sid=18994&amp;lang=en"&gt;Official detail&lt;/a&gt;</description>
        <styleUrl>#secondary</styleUrl>
        <ExtendedData>
          <Data name="id"><value>intl-1011-18994</value></Data>
          <Data name="area"><value>Viet Nam</value></Data>
          <Data name="address"><value>11 SU VAN HANH PHUONG 12 QUAN 10</value></Data>
        </ExtendedData>
        <Point>
          <coordinates>106.66969,10.77075,0</coordinates>
        </Point>
      </Placemark>
      <Placemark>
        <name>GiGO VINCOM MEGAMALL THAO DIEN</name>
        <description>L4-07, No. 161 Vo Nguyen Giap, Thao Dien Ward&lt;br/&gt;maimai DX International Version&lt;br/&gt;maimai International official / ALL.Net&lt;br/&gt;&lt;a href="https://location.am-all.net/alm/shop?gm=98&amp;astep=1011&amp;sid=18673&amp;lang=en"&gt;Official detail&lt;/a&gt;</description>
        <styleUrl>#secondary</styleUrl>
        <ExtendedData>
          <Data name="id"><value>intl-1011-18673</value></Data>
          <Data name="area"><value>Viet Nam</value></Data>
          <Data name="address"><value>L4-07, No. 161 Vo Nguyen Giap, Thao Dien Ward</value></Data>
        </ExtendedData>
        <Point>
          <coordinates>106.7409716,10.8023796,0</coordinates>
        </Point>
      </Placemark>
      <Placemark>
        <name>HEROWORLD BOWLING AND GAMES CENTER</name>
        <description>B2R304,Royalcity Megamall,72 Nguyen Trai,Thanh Xuan,Ha Noi&lt;br/&gt;maimai DX International Version&lt;br/&gt;maimai International official / ALL.Net&lt;br/&gt;&lt;a href="https://location.am-all.net/alm/shop?gm=98&amp;astep=1011&amp;sid=18982&amp;lang=en"&gt;Official detail&lt;/a&gt;</description>
        <styleUrl>#secondary</styleUrl>
        <ExtendedData>
          <Data name="id"><value>intl-1011-18982</value></Data>
          <Data name="area"><value>Viet Nam</value></Data>
          <Data name="address"><value>B2R304,Royalcity Megamall,72 Nguyen Trai,Thanh Xuan,Ha Noi</value></Data>
        </ExtendedData>
        <Point>
          <coordinates>105.8161199,21.0010656,0</coordinates>
        </Point>
      </Placemark>
      <Placemark>
        <name>IPH INDOCHINA</name>
        <description>IPH, 241 Xuan Thuy Street,Dich Vong Hau Ward, Cau Giay, Hanoi&lt;br/&gt;maimai DX International Version&lt;br/&gt;maimai International official / ALL.Net&lt;br/&gt;&lt;a href="https://location.am-all.net/alm/shop?gm=98&amp;astep=1011&amp;sid=19060&amp;lang=en"&gt;Official detail&lt;/a&gt;</description>
        <styleUrl>#secondary</styleUrl>
        <ExtendedData>
          <Data name="id"><value>intl-1011-19060</value></Data>
          <Data name="area"><value>Viet Nam</value></Data>
          <Data name="address"><value>IPH, 241 Xuan Thuy Street,Dich Vong Hau Ward, Cau Giay, Hanoi</value></Data>
        </ExtendedData>
        <Point>
          <coordinates>105.7833056,21.0360605,0</coordinates>
        </Point>
      </Placemark>
      <Placemark>
        <name>LGG LIEU GIAI</name>
        <description>Vincom Center,29 Lieu Giai street,Ngoc Khanh Ward,Ba Dinh,Hanoi&lt;br/&gt;maimai DX International Version&lt;br/&gt;maimai International official / ALL.Net&lt;br/&gt;&lt;a href="https://location.am-all.net/alm/shop?gm=98&amp;astep=1011&amp;sid=18975&amp;lang=en"&gt;Official detail&lt;/a&gt;</description>
        <styleUrl>#secondary</styleUrl>
        <ExtendedData>
          <Data name="id"><value>intl-1011-18975</value></Data>
          <Data name="area"><value>Viet Nam</value></Data>
          <Data name="address"><value>Vincom Center,29 Lieu Giai street,Ngoc Khanh Ward,Ba Dinh,Hanoi</value></Data>
        </ExtendedData>
        <Point>
          <coordinates>106.7187468,10.7285352,0</coordinates>
        </Point>
      </Placemark>
      <Placemark>
        <name>MOLLY FANTASY - OCEAN CITY</name>
        <description>L2-26, Vincom Mega Mall Ocean City, Nghia Tru Commune, Hung Yen&lt;br/&gt;maimai DX International Version&lt;br/&gt;maimai International official / ALL.Net&lt;br/&gt;&lt;a href="https://location.am-all.net/alm/shop?gm=98&amp;astep=1011&amp;sid=18424&amp;lang=en"&gt;Official detail&lt;/a&gt;</description>
        <styleUrl>#secondary</styleUrl>
        <ExtendedData>
          <Data name="id"><value>intl-1011-18424</value></Data>
          <Data name="area"><value>Viet Nam</value></Data>
          <Data name="address"><value>L2-26, Vincom Mega Mall Ocean City, Nghia Tru Commune, Hung Yen</value></Data>
        </ExtendedData>
        <Point>
          <coordinates>105.9751024,20.9520601,0</coordinates>
        </Point>
      </Placemark>
      <Placemark>
        <name>MOLLY FANTASY AEON CANARY</name>
        <description>Lot S20 2F, No.01 Binh Duong blv, Binh Giao quarter, Thuan Giao&lt;br/&gt;maimai DX International Version&lt;br/&gt;maimai International official / ALL.Net&lt;br/&gt;&lt;a href="https://location.am-all.net/alm/shop?gm=98&amp;astep=1011&amp;sid=18776&amp;lang=en"&gt;Official detail&lt;/a&gt;</description>
        <styleUrl>#secondary</styleUrl>
        <ExtendedData>
          <Data name="id"><value>intl-1011-18776</value></Data>
          <Data name="area"><value>Viet Nam</value></Data>
          <Data name="address"><value>Lot S20 2F, No.01 Binh Duong blv, Binh Giao quarter, Thuan Giao</value></Data>
        </ExtendedData>
        <Point>
          <coordinates>106.7088775,10.9400153,0</coordinates>
        </Point>
      </Placemark>
      <Placemark>
        <name>MOLLY FANTASY AEON CELADON</name>
        <description>Lot S19 2F, No30 Bo Bao Tan Thang st, Tan Phu Dst, HCM&lt;br/&gt;maimai DX International Version&lt;br/&gt;maimai International official / ALL.Net&lt;br/&gt;&lt;a href="https://location.am-all.net/alm/shop?gm=98&amp;astep=1011&amp;sid=18777&amp;lang=en"&gt;Official detail&lt;/a&gt;</description>
        <styleUrl>#secondary</styleUrl>
        <ExtendedData>
          <Data name="id"><value>intl-1011-18777</value></Data>
          <Data name="area"><value>Viet Nam</value></Data>
          <Data name="address"><value>Lot S19 2F, No30 Bo Bao Tan Thang st, Tan Phu Dst, HCM</value></Data>
        </ExtendedData>
        <Point>
          <coordinates>106.6132931,10.7994592,0</coordinates>
        </Point>
      </Placemark>
      <Placemark>
        <name>MOLLY FANTASY BINH TAN</name>
        <description>17A Street,Binh Tri Dong B Ward,Binh Tan District,HoChiMinh City&lt;br/&gt;maimai DX International Version&lt;br/&gt;maimai International official / ALL.Net&lt;br/&gt;&lt;a href="https://location.am-all.net/alm/shop?gm=98&amp;astep=1011&amp;sid=18762&amp;lang=en"&gt;Official detail&lt;/a&gt;</description>
        <styleUrl>#secondary</styleUrl>
        <ExtendedData>
          <Data name="id"><value>intl-1011-18762</value></Data>
          <Data name="area"><value>Viet Nam</value></Data>
          <Data name="address"><value>17A Street,Binh Tri Dong B Ward,Binh Tan District,HoChiMinh City</value></Data>
        </ExtendedData>
        <Point>
          <coordinates>106.6118492,10.7478829,0</coordinates>
        </Point>
      </Placemark>
      <Placemark>
        <name>MOLLY FANTASY HAI PHONG 2F</name>
        <description>10 Vo Nguyen Giap,Du Hang Kenh,Le Chan Hai Phong,Vietnam&lt;br/&gt;maimai DX International Version&lt;br/&gt;maimai International official / ALL.Net&lt;br/&gt;&lt;a href="https://location.am-all.net/alm/shop?gm=98&amp;astep=1011&amp;sid=18992&amp;lang=en"&gt;Official detail&lt;/a&gt;</description>
        <styleUrl>#secondary</styleUrl>
        <ExtendedData>
          <Data name="id"><value>intl-1011-18992</value></Data>
          <Data name="area"><value>Viet Nam</value></Data>
          <Data name="address"><value>10 Vo Nguyen Giap,Du Hang Kenh,Le Chan Hai Phong,Vietnam</value></Data>
        </ExtendedData>
        <Point>
          <coordinates>106.6824513,20.833226,0</coordinates>
        </Point>
      </Placemark>
      <Placemark>
        <name>MOLLY FANTASY HANOI CENTRE</name>
        <description>L2-C10, 2F TienBoPlaza, 175 Nguyen Thai Hoc St, O Cho Dua Ward&lt;br/&gt;maimai DX International Version&lt;br/&gt;maimai International official / ALL.Net&lt;br/&gt;&lt;a href="https://location.am-all.net/alm/shop?gm=98&amp;astep=1011&amp;sid=18423&amp;lang=en"&gt;Official detail&lt;/a&gt;</description>
        <styleUrl>#secondary</styleUrl>
        <ExtendedData>
          <Data name="id"><value>intl-1011-18423</value></Data>
          <Data name="area"><value>Viet Nam</value></Data>
          <Data name="address"><value>L2-C10, 2F TienBoPlaza, 175 Nguyen Thai Hoc St, O Cho Dua Ward</value></Data>
        </ExtendedData>
        <Point>
          <coordinates>105.8310216,21.0317173,0</coordinates>
        </Point>
      </Placemark>
      <Placemark>
        <name>MOLLY FANTASY LOTTE NSG</name>
        <description>Lot 2F 01+03 2F, Lotte Mart NamLot 2F 01+03 2F, Lotte Mart Nam Sai Gon, No.469 Nguyen Huu Tho&lt;br/&gt;maimai DX International Version&lt;br/&gt;maimai International official / ALL.Net&lt;br/&gt;&lt;a href="https://location.am-all.net/alm/shop?gm=98&amp;astep=1011&amp;sid=18775&amp;lang=en"&gt;Official detail&lt;/a&gt;</description>
        <styleUrl>#secondary</styleUrl>
        <ExtendedData>
          <Data name="id"><value>intl-1011-18775</value></Data>
          <Data name="area"><value>Viet Nam</value></Data>
          <Data name="address"><value>Lot 2F 01+03 2F, Lotte Mart NamLot 2F 01+03 2F, Lotte Mart Nam Sai Gon, No.469 Nguyen Huu Tho</value></Data>
        </ExtendedData>
        <Point>
          <coordinates>106.7018086,10.7409449,0</coordinates>
        </Point>
      </Placemark>
      <Placemark>
        <name>MOLLY FANTASY SORA GARDEN</name>
        <description>Lot 203,SORA Gardens,C19 Duong Hung Vuong,Thu Dau Mot,Binh Duong&lt;br/&gt;maimai DX International Version&lt;br/&gt;maimai International official / ALL.Net&lt;br/&gt;&lt;a href="https://location.am-all.net/alm/shop?gm=98&amp;astep=1011&amp;sid=18989&amp;lang=en"&gt;Official detail&lt;/a&gt;</description>
        <styleUrl>#secondary</styleUrl>
        <ExtendedData>
          <Data name="id"><value>intl-1011-18989</value></Data>
          <Data name="area"><value>Viet Nam</value></Data>
          <Data name="address"><value>Lot 203,SORA Gardens,C19 Duong Hung Vuong,Thu Dau Mot,Binh Duong</value></Data>
        </ExtendedData>
        <Point>
          <coordinates>106.6783378,11.0458701,0</coordinates>
        </Point>
      </Placemark>
      <Placemark>
        <name>MOLLY FANTASY TINY LB</name>
        <description>Lot 3F-1,3F,Aeon Mall Long Bien,27 D.Co Linh,Long Bien,Hanoi&lt;br/&gt;maimai DX International Version&lt;br/&gt;maimai International official / ALL.Net&lt;br/&gt;&lt;a href="https://location.am-all.net/alm/shop?gm=98&amp;astep=1011&amp;sid=18991&amp;lang=en"&gt;Official detail&lt;/a&gt;</description>
        <styleUrl>#secondary</styleUrl>
        <ExtendedData>
          <Data name="id"><value>intl-1011-18991</value></Data>
          <Data name="area"><value>Viet Nam</value></Data>
          <Data name="address"><value>Lot 3F-1,3F,Aeon Mall Long Bien,27 D.Co Linh,Long Bien,Hanoi</value></Data>
        </ExtendedData>
        <Point>
          <coordinates>105.8987956,21.0274359,0</coordinates>
        </Point>
      </Placemark>
      <Placemark>
        <name>MOLLY FANTASY VINCOM ROYAL CITY</name>
        <description>Lot B2-R5-27,Vincom Royal City,72A Nguyen Trai,Thanh Xuan,Hanoi&lt;br/&gt;maimai DX International Version&lt;br/&gt;maimai International official / ALL.Net&lt;br/&gt;&lt;a href="https://location.am-all.net/alm/shop?gm=98&amp;astep=1011&amp;sid=18988&amp;lang=en"&gt;Official detail&lt;/a&gt;</description>
        <styleUrl>#secondary</styleUrl>
        <ExtendedData>
          <Data name="id"><value>intl-1011-18988</value></Data>
          <Data name="area"><value>Viet Nam</value></Data>
          <Data name="address"><value>Lot B2-R5-27,Vincom Royal City,72A Nguyen Trai,Thanh Xuan,Hanoi</value></Data>
        </ExtendedData>
        <Point>
          <coordinates>105.8151956,21.0021365,0</coordinates>
        </Point>
      </Placemark>
      <Placemark>
        <name>NOWZONE FASHION MALL</name>
        <description>235 Nguyen Van Cu Street, Nguyen Cu Ward, District 1&lt;br/&gt;maimai DX International Version&lt;br/&gt;maimai International official / ALL.Net&lt;br/&gt;&lt;a href="https://location.am-all.net/alm/shop?gm=98&amp;astep=1011&amp;sid=18648&amp;lang=en"&gt;Official detail&lt;/a&gt;</description>
        <styleUrl>#secondary</styleUrl>
        <ExtendedData>
          <Data name="id"><value>intl-1011-18648</value></Data>
          <Data name="area"><value>Viet Nam</value></Data>
          <Data name="address"><value>235 Nguyen Van Cu Street, Nguyen Cu Ward, District 1</value></Data>
        </ExtendedData>
        <Point>
          <coordinates>106.6837686,10.7610332,0</coordinates>
        </Point>
      </Placemark>
      <Placemark>
        <name>TIMEZONE AEON HAI PHONG</name>
        <description>T339,3F,AeonMall Hai Phong,KenhDuong w.,Le Chan Dist,Hai Phong&lt;br/&gt;maimai DX International Version&lt;br/&gt;maimai International official / ALL.Net&lt;br/&gt;&lt;a href="https://location.am-all.net/alm/shop?gm=98&amp;astep=1011&amp;sid=19557&amp;lang=en"&gt;Official detail&lt;/a&gt;</description>
        <styleUrl>#secondary</styleUrl>
        <ExtendedData>
          <Data name="id"><value>intl-1011-19557</value></Data>
          <Data name="area"><value>Viet Nam</value></Data>
          <Data name="address"><value>T339,3F,AeonMall Hai Phong,KenhDuong w.,Le Chan Dist,Hai Phong</value></Data>
        </ExtendedData>
        <Point>
          <coordinates>106.6822778,20.8324937,0</coordinates>
        </Point>
      </Placemark>
      <Placemark>
        <name>TIMEZONE AEON HUE</name>
        <description>No. 08, Vo Nguyen Giap Street, An Dong Ward, Hue City&lt;br/&gt;maimai DX International Version&lt;br/&gt;maimai International official / ALL.Net&lt;br/&gt;&lt;a href="https://location.am-all.net/alm/shop?gm=98&amp;astep=1011&amp;sid=18861&amp;lang=en"&gt;Official detail&lt;/a&gt;</description>
        <styleUrl>#secondary</styleUrl>
        <ExtendedData>
          <Data name="id"><value>intl-1011-18861</value></Data>
          <Data name="area"><value>Viet Nam</value></Data>
          <Data name="address"><value>No. 08, Vo Nguyen Giap Street, An Dong Ward, Hue City</value></Data>
        </ExtendedData>
        <Point>
          <coordinates>107.6139515,16.45462,0</coordinates>
        </Point>
      </Placemark>
      <Placemark>
        <name>TIMEZONE AEON LONG BIEN</name>
        <description>NO. 27 CO LINH STREET, LONG BIEN WARD, HANOI CITY&lt;br/&gt;maimai DX International Version&lt;br/&gt;maimai International official / ALL.Net&lt;br/&gt;&lt;a href="https://location.am-all.net/alm/shop?gm=98&amp;astep=1011&amp;sid=18582&amp;lang=en"&gt;Official detail&lt;/a&gt;</description>
        <styleUrl>#secondary</styleUrl>
        <ExtendedData>
          <Data name="id"><value>intl-1011-18582</value></Data>
          <Data name="area"><value>Viet Nam</value></Data>
          <Data name="address"><value>NO. 27 CO LINH STREET, LONG BIEN WARD, HANOI CITY</value></Data>
        </ExtendedData>
        <Point>
          <coordinates>105.8992565,21.0269505,0</coordinates>
        </Point>
      </Placemark>
      <Placemark>
        <name>TIMEZONE CRESCENT MALL</name>
        <description>5F Crescent Mall,101 Ton Dat Tien street, Tan Phu Ward,District7&lt;br/&gt;maimai DX International Version&lt;br/&gt;maimai International official / ALL.Net&lt;br/&gt;&lt;a href="https://location.am-all.net/alm/shop?gm=98&amp;astep=1011&amp;sid=18859&amp;lang=en"&gt;Official detail&lt;/a&gt;</description>
        <styleUrl>#secondary</styleUrl>
        <ExtendedData>
          <Data name="id"><value>intl-1011-18859</value></Data>
          <Data name="area"><value>Viet Nam</value></Data>
          <Data name="address"><value>5F Crescent Mall,101 Ton Dat Tien street, Tan Phu Ward,District7</value></Data>
        </ExtendedData>
        <Point>
          <coordinates>106.7187468,10.7285352,0</coordinates>
        </Point>
      </Placemark>
      <Placemark>
        <name>TIMEZONE HANOI CENTER</name>
        <description>NO 175 Nguyen Thai Hoc, Ba Dinh, Hanoi&lt;br/&gt;maimai DX International Version&lt;br/&gt;maimai International official / ALL.Net&lt;br/&gt;&lt;a href="https://location.am-all.net/alm/shop?gm=98&amp;astep=1011&amp;sid=18606&amp;lang=en"&gt;Official detail&lt;/a&gt;</description>
        <styleUrl>#secondary</styleUrl>
        <ExtendedData>
          <Data name="id"><value>intl-1011-18606</value></Data>
          <Data name="area"><value>Viet Nam</value></Data>
          <Data name="address"><value>NO 175 Nguyen Thai Hoc, Ba Dinh, Hanoi</value></Data>
        </ExtendedData>
        <Point>
          <coordinates>105.8302501,21.0319498,0</coordinates>
        </Point>
      </Placemark>
      <Placemark>
        <name>TIMEZONE PARC MALL</name>
        <description>195 Cao Lo, District 8, Ho Chi Minh&lt;br/&gt;maimai DX International Version&lt;br/&gt;maimai International official / ALL.Net&lt;br/&gt;&lt;a href="https://location.am-all.net/alm/shop?gm=98&amp;astep=1011&amp;sid=18858&amp;lang=en"&gt;Official detail&lt;/a&gt;</description>
        <styleUrl>#secondary</styleUrl>
        <ExtendedData>
          <Data name="id"><value>intl-1011-18858</value></Data>
          <Data name="area"><value>Viet Nam</value></Data>
          <Data name="address"><value>195 Cao Lo, District 8, Ho Chi Minh</value></Data>
        </ExtendedData>
        <Point>
          <coordinates>106.6789521,10.7386235,0</coordinates>
        </Point>
      </Placemark>
      <Placemark>
        <name>TIMEZONE(AEON BINH DUONG)</name>
        <description>Aeon Mall Binh Duong Canary,Binh Giao,Thuan Giao,Thuan An City&lt;br/&gt;maimai DX International Version&lt;br/&gt;maimai International official / ALL.Net&lt;br/&gt;&lt;a href="https://location.am-all.net/alm/shop?gm=98&amp;astep=1011&amp;sid=19471&amp;lang=en"&gt;Official detail&lt;/a&gt;</description>
        <styleUrl>#secondary</styleUrl>
        <ExtendedData>
          <Data name="id"><value>intl-1011-19471</value></Data>
          <Data name="area"><value>Viet Nam</value></Data>
          <Data name="address"><value>Aeon Mall Binh Duong Canary,Binh Giao,Thuan Giao,Thuan An City</value></Data>
        </ExtendedData>
        <Point>
          <coordinates>106.7119938,10.9323347,0</coordinates>
        </Point>
      </Placemark>
      <Placemark>
        <name>TIMEZONE(AEON HA DONG)</name>
        <description>AEONMALL,HoangVanThuStreet DuongNoiWard,HaDong District, Ha Noi&lt;br/&gt;maimai DX International Version&lt;br/&gt;maimai International official / ALL.Net&lt;br/&gt;&lt;a href="https://location.am-all.net/alm/shop?gm=98&amp;astep=1011&amp;sid=19834&amp;lang=en"&gt;Official detail&lt;/a&gt;</description>
        <styleUrl>#secondary</styleUrl>
        <ExtendedData>
          <Data name="id"><value>intl-1011-19834</value></Data>
          <Data name="area"><value>Viet Nam</value></Data>
          <Data name="address"><value>AEONMALL,HoangVanThuStreet DuongNoiWard,HaDong District, Ha Noi</value></Data>
        </ExtendedData>
        <Point>
          <coordinates>105.8341598,21.0277644,0</coordinates>
        </Point>
      </Placemark>
      <Placemark>
        <name>TIMEZONE(AEON TAN PHU)</name>
        <description>Dia chi So 30 Tan Thang Phuong Son Ky Quan Tan PhuTp Ho Chi Minh&lt;br/&gt;maimai DX International Version&lt;br/&gt;maimai International official / ALL.Net&lt;br/&gt;&lt;a href="https://location.am-all.net/alm/shop?gm=98&amp;astep=1011&amp;sid=19833&amp;lang=en"&gt;Official detail&lt;/a&gt;</description>
        <styleUrl>#secondary</styleUrl>
        <ExtendedData>
          <Data name="id"><value>intl-1011-19833</value></Data>
          <Data name="area"><value>Viet Nam</value></Data>
          <Data name="address"><value>Dia chi So 30 Tan Thang Phuong Son Ky Quan Tan PhuTp Ho Chi Minh</value></Data>
        </ExtendedData>
        <Point>
          <coordinates>106.6172025,10.8013663,0</coordinates>
        </Point>
      </Placemark>
      <Placemark>
        <name>TIMEZONE(ESTELLA)</name>
        <description>Estella Place, 88 Song Hanh Street, An Phu Ward, 2 District&lt;br/&gt;maimai DX International Version&lt;br/&gt;maimai International official / ALL.Net&lt;br/&gt;&lt;a href="https://location.am-all.net/alm/shop?gm=98&amp;astep=1011&amp;sid=19832&amp;lang=en"&gt;Official detail&lt;/a&gt;</description>
        <styleUrl>#secondary</styleUrl>
        <ExtendedData>
          <Data name="id"><value>intl-1011-19832</value></Data>
          <Data name="area"><value>Viet Nam</value></Data>
          <Data name="address"><value>Estella Place, 88 Song Hanh Street, An Phu Ward, 2 District</value></Data>
        </ExtendedData>
        <Point>
          <coordinates>106.7484709,10.8020658,0</coordinates>
        </Point>
      </Placemark>
    </Folder>
  </Document>
</kml>
