id,name,country,subregion,address,latitude,longitude,gameTitle,source,officialLocatorUrl,detailsUrl,needsGeocode,googleMapsSearchUrl
intl-1012-18399,AMUSE,Australia,,"16 WITCOMBE STREET, ADELAIDE, SA5000",-34.9299206,138.5947976,maimai DX International Version,maimai International official / ALL.Net,https://location.am-all.net/alm/location?gm=98&ct=1012&lang=en,https://location.am-all.net/alm/shop?gm=98&astep=1012&sid=18399&lang=en,False,https://www.google.com/maps/search/?api=1&query=AMUSE+16+WITCOMBE+STREET%2C+ADELAIDE%2C+SA5000
intl-1012-18755,ARCHIE BROTHERS CCW,Australia,,"285 Springvale Road, Glen Waverley, Victoria, Australia, 3150",-37.8812875,145.1647251,maimai DX International Version,maimai International official / ALL.Net,https://location.am-all.net/alm/location?gm=98&ct=1012&lang=en,https://location.am-all.net/alm/shop?gm=98&astep=1012&sid=18755&lang=en,False,https://www.google.com/maps/search/?api=1&query=ARCHIE+BROTHERS+CCW+285+Springvale+Road%2C+Glen+Waverley%2C+Victoria%2C+Australia%2C+3150
intl-1012-18636,ARCHIE BROTHERS QV,Australia,,"45 Little Londsdale Street, Melbourne, Victoria, 3000",-37.8093821,144.9712286,maimai DX International Version,maimai International official / ALL.Net,https://location.am-all.net/alm/location?gm=98&ct=1012&lang=en,https://location.am-all.net/alm/shop?gm=98&astep=1012&sid=18636&lang=en,False,https://www.google.com/maps/search/?api=1&query=ARCHIE+BROTHERS+QV+45+Little+Londsdale+Street%2C+Melbourne%2C+Victoria%2C+3000
intl-1012-19218,B.LUCKY&SONS MELBOURNE,Australia,,"Level 3, 211 Latrobe St., Melrourne, Vic,3000",-37.8105556,144.9630556,maimai DX International Version,maimai International official / ALL.Net,https://location.am-all.net/alm/location?gm=98&ct=1012&lang=en,https://location.am-all.net/alm/shop?gm=98&astep=1012&sid=19218&lang=en,False,https://www.google.com/maps/search/?api=1&query=B.LUCKY%26SONS+MELBOURNE+Level+3%2C+211+Latrobe+St.%2C+Melrourne%2C+Vic%2C3000
intl-1012-18972,ENTERTAINMENT PARK,Australia,,361 Milperra Rd Bankstown NSW 2200,-33.9294993,150.9905704,maimai DX International Version,maimai International official / ALL.Net,https://location.am-all.net/alm/location?gm=98&ct=1012&lang=en,https://location.am-all.net/alm/shop?gm=98&astep=1012&sid=18972&lang=en,False,https://www.google.com/maps/search/?api=1&query=ENTERTAINMENT+PARK+361+Milperra+Rd+Bankstown+NSW+2200
intl-1012-19214,FORTRESS MELBOURNE,Australia,,"23 CALEDONIAN LANE, MELBOURNE, VICTORIA, AUSTRALIA 3000",-37.8121261,144.9640502,maimai DX International Version,maimai International official / ALL.Net,https://location.am-all.net/alm/location?gm=98&ct=1012&lang=en,https://location.am-all.net/alm/shop?gm=98&astep=1012&sid=19214&lang=en,False,https://www.google.com/maps/search/?api=1&query=FORTRESS+MELBOURNE+23+CALEDONIAN+LANE%2C+MELBOURNE%2C+VICTORIA%2C+AUSTRALIA+3000
intl-1012-18780,FUNHOUSE BRISBANE CITY,Australia,,"Level 3/91 Queen St, Brisbane City QLD 4000",-27.4706058,153.0248758,maimai DX International Version,maimai International official / ALL.Net,https://location.am-all.net/alm/location?gm=98&ct=1012&lang=en,https://location.am-all.net/alm/shop?gm=98&astep=1012&sid=18780&lang=en,False,https://www.google.com/maps/search/?api=1&query=FUNHOUSE+BRISBANE+CITY+Level+3%2F91+Queen+St%2C+Brisbane+City+QLD+4000
intl-1012-18779,FUNHOUSE SUNNYBANK,Australia,,"Corner Mains & McCullough Roads, Sunnybank QLD 4109",,,maimai DX International Version,maimai International official / ALL.Net,https://location.am-all.net/alm/location?gm=98&ct=1012&lang=en,https://location.am-all.net/alm/shop?gm=98&astep=1012&sid=18779&lang=en,True,https://www.google.com/maps/search/?api=1&query=FUNHOUSE+SUNNYBANK+Corner+Mains+%26+McCullough+Roads%2C+Sunnybank+QLD+4109
intl-1012-19217,IPLAY CAROUSEL,Australia,,"SHOP MM223, 1382 ALBANY HWY, CANNINGTON, WA AUSTRALIA 6107",-32.0199279,115.9388969,maimai DX International Version,maimai International official / ALL.Net,https://location.am-all.net/alm/location?gm=98&ct=1012&lang=en,https://location.am-all.net/alm/shop?gm=98&astep=1012&sid=19217&lang=en,False,https://www.google.com/maps/search/?api=1&query=IPLAY+CAROUSEL+SHOP+MM223%2C+1382+ALBANY+HWY%2C+CANNINGTON%2C+WA+AUSTRALIA+6107
intl-1012-18937,IPLAY WETHERILL PARK,Australia,,"561/583 Polding St, Wetherill Park NSW 2164",-33.8593157,150.8978985,maimai DX International Version,maimai International official / ALL.Net,https://location.am-all.net/alm/location?gm=98&ct=1012&lang=en,https://location.am-all.net/alm/shop?gm=98&astep=1012&sid=18937&lang=en,False,https://www.google.com/maps/search/?api=1&query=IPLAY+WETHERILL+PARK+561%2F583+Polding+St%2C+Wetherill+Park+NSW+2164
intl-1012-19453,KINGPIN CANBERRA,Australia,,"Canberra Centre Bunda Street,Canberra City ACT 2608",-35.2802271,149.1332559,maimai DX International Version,maimai International official / ALL.Net,https://location.am-all.net/alm/location?gm=98&ct=1012&lang=en,https://location.am-all.net/alm/shop?gm=98&astep=1012&sid=19453&lang=en,False,https://www.google.com/maps/search/?api=1&query=KINGPIN+CANBERRA+Canberra+Centre+Bunda+Street%2CCanberra+City+ACT+2608
intl-1012-18430,KINGPIN MELBOURNE,Australia,,"260 Collins St, MELBOURNE VIC 3000",-37.8152725,144.9650986,maimai DX International Version,maimai International official / ALL.Net,https://location.am-all.net/alm/location?gm=98&ct=1012&lang=en,https://location.am-all.net/alm/shop?gm=98&astep=1012&sid=18430&lang=en,False,https://www.google.com/maps/search/?api=1&query=KINGPIN+MELBOURNE+260+Collins+St%2C+MELBOURNE+VIC+3000
intl-1012-18926,KINGPIN NORTH STRATHFIELD,Australia,,"Building H3/3-5 George St, North Strathfield NSW 2137",-33.8632365,151.0889051,maimai DX International Version,maimai International official / ALL.Net,https://location.am-all.net/alm/location?gm=98&ct=1012&lang=en,https://location.am-all.net/alm/shop?gm=98&astep=1012&sid=18926&lang=en,False,https://www.google.com/maps/search/?api=1&query=KINGPIN+NORTH+STRATHFIELD+Building+H3%2F3-5+George+St%2C+North+Strathfield+NSW+2137
intl-1012-19803,KINGPIN(CHERMSIDE),Australia,,"Westfield Chermside,Corner Gympie & HamiltonRd,Chermside QLD4032",-27.3826351,153.0325653,maimai DX International Version,maimai International official / ALL.Net,https://location.am-all.net/alm/location?gm=98&ct=1012&lang=en,https://location.am-all.net/alm/shop?gm=98&astep=1012&sid=19803&lang=en,False,https://www.google.com/maps/search/?api=1&query=KINGPIN%28CHERMSIDE%29+Westfield+Chermside%2CCorner+Gympie+%26+HamiltonRd%2CChermside+QLD4032
intl-1012-19809,KINGPIN(CROWN),Australia,,"Malbourne,CrownEntertainmentComplex,WhitemanSt,Southbank,VIC3006",-37.829,144.957,maimai DX International Version,maimai International official / ALL.Net,https://location.am-all.net/alm/location?gm=98&ct=1012&lang=en,https://location.am-all.net/alm/shop?gm=98&astep=1012&sid=19809&lang=en,False,https://www.google.com/maps/search/?api=1&query=KINGPIN%28CROWN%29+Malbourne%2CCrownEntertainmentComplex%2CWhitemanSt%2CSouthbank%2CVIC3006
intl-1012-18973,KOKO AMESEMENT HORNSBY,Australia,,Shop 4000-1/236 Pacific Hwy Horsby NSW 2077,-33.7043415,151.1006823,maimai DX International Version,maimai International official / ALL.Net,https://location.am-all.net/alm/location?gm=98&ct=1012&lang=en,https://location.am-all.net/alm/shop?gm=98&astep=1012&sid=18973&lang=en,False,https://www.google.com/maps/search/?api=1&query=KOKO+AMESEMENT+HORNSBY+Shop+4000-1%2F236+Pacific+Hwy+Horsby+NSW+2077
intl-1012-19464,KOKO AMUSEMENT 614,Australia,,Basement 614 George ST Sydney NSW 2000,-33.8757593,151.2067759,maimai DX International Version,maimai International official / ALL.Net,https://location.am-all.net/alm/location?gm=98&ct=1012&lang=en,https://location.am-all.net/alm/shop?gm=98&astep=1012&sid=19464&lang=en,False,https://www.google.com/maps/search/?api=1&query=KOKO+AMUSEMENT+614+Basement+614+George+ST+Sydney+NSW+2000
intl-1012-19341,KOKO AMUSEMENT BURWOOD,Australia,,"lot29 27-31 belmore St,.Burwood,2134,NSW",-33.8784196,151.102158,maimai DX International Version,maimai International official / ALL.Net,https://location.am-all.net/alm/location?gm=98&ct=1012&lang=en,https://location.am-all.net/alm/shop?gm=98&astep=1012&sid=19341&lang=en,False,https://www.google.com/maps/search/?api=1&query=KOKO+AMUSEMENT+BURWOOD+lot29+27-31+belmore+St%2C.Burwood%2C2134%2CNSW
intl-1012-18527,KOKO AMUSEMENTS DIXON,Australia,,"Level 1 & 2/1 Dixon Street, Haymerket, Sydney",,,maimai DX International Version,maimai International official / ALL.Net,https://location.am-all.net/alm/location?gm=98&ct=1012&lang=en,https://location.am-all.net/alm/shop?gm=98&astep=1012&sid=18527&lang=en,True,https://www.google.com/maps/search/?api=1&query=KOKO+AMUSEMENTS+DIXON+Level+1+%26+2%2F1+Dixon+Street%2C+Haymerket%2C+Sydney
intl-1012-19129,KOKO HURSTVILLE,Australia,,"G03/288 Forest Road, HurstvilleNSW",-33.9669703,151.1032215,maimai DX International Version,maimai International official / ALL.Net,https://location.am-all.net/alm/location?gm=98&ct=1012&lang=en,https://location.am-all.net/alm/shop?gm=98&astep=1012&sid=19129&lang=en,False,https://www.google.com/maps/search/?api=1&query=KOKO+HURSTVILLE+G03%2F288+Forest+Road%2C+HurstvilleNSW
intl-1012-18431,PARADIGM ZONE,Australia,,"58 Gawler Place, Adelaide SA 5000",-34.923429,138.6021461,maimai DX International Version,maimai International official / ALL.Net,https://location.am-all.net/alm/location?gm=98&ct=1012&lang=en,https://location.am-all.net/alm/shop?gm=98&astep=1012&sid=18431&lang=en,False,https://www.google.com/maps/search/?api=1&query=PARADIGM+ZONE+58+Gawler+Place%2C+Adelaide+SA+5000
intl-1012-18686,PLAYit,Australia,,Shop 14-22 Southgate Shopping Centre3 Southgate Ave,,,maimai DX International Version,maimai International official / ALL.Net,https://location.am-all.net/alm/location?gm=98&ct=1012&lang=en,https://location.am-all.net/alm/shop?gm=98&astep=1012&sid=18686&lang=en,True,https://www.google.com/maps/search/?api=1&query=PLAYit+Shop+14-22+Southgate+Shopping+Centre3+Southgate+Ave
intl-1012-18782,ROLLER ONE BURWOOD,Australia,,"172-210 Burwood Hwy, Burwood East VIC 3151",-37.8530342,145.1493983,maimai DX International Version,maimai International official / ALL.Net,https://location.am-all.net/alm/location?gm=98&ct=1012&lang=en,https://location.am-all.net/alm/shop?gm=98&astep=1012&sid=18782&lang=en,False,https://www.google.com/maps/search/?api=1&query=ROLLER+ONE+BURWOOD+172-210+Burwood+Hwy%2C+Burwood+East+VIC+3151
intl-1012-18322,TIMEZONE BANKSTOWN,Australia,,"Bankstown Central Shopping Centre, Shop MM022 North Terrace",,,maimai DX International Version,maimai International official / ALL.Net,https://location.am-all.net/alm/location?gm=98&ct=1012&lang=en,https://location.am-all.net/alm/shop?gm=98&astep=1012&sid=18322&lang=en,True,https://www.google.com/maps/search/?api=1&query=TIMEZONE+BANKSTOWN+Bankstown+Central+Shopping+Centre%2C+Shop+MM022+North+Terrace
intl-1012-19443,TIMEZONE CHATSWOOD,Australia,,"Level6 Westfield Chatswood,1 Anderson Street,Chatswood,NSW 2067",-33.7973628,151.1831083,maimai DX International Version,maimai International official / ALL.Net,https://location.am-all.net/alm/location?gm=98&ct=1012&lang=en,https://location.am-all.net/alm/shop?gm=98&astep=1012&sid=19443&lang=en,False,https://www.google.com/maps/search/?api=1&query=TIMEZONE+CHATSWOOD+Level6+Westfield+Chatswood%2C1+Anderson+Street%2CChatswood%2CNSW+2067
intl-1012-18539,TIMEZONE EASTGARDENS,Australia,,"Westfield Shopping Centre, Bunnerong Rd, Eastgardens, NSW, 2036",-33.9448896,151.2243238,maimai DX International Version,maimai International official / ALL.Net,https://location.am-all.net/alm/location?gm=98&ct=1012&lang=en,https://location.am-all.net/alm/shop?gm=98&astep=1012&sid=18539&lang=en,False,https://www.google.com/maps/search/?api=1&query=TIMEZONE+EASTGARDENS+Westfield+Shopping+Centre%2C+Bunnerong+Rd%2C+Eastgardens%2C+NSW%2C+2036
intl-1012-18501,TIMEZONE EASTLAND,Australia,,"Shop MM12/13 Eastland Shopping Centre,171 -175 Maroondah Hwy",-37.8126592,145.2292803,maimai DX International Version,maimai International official / ALL.Net,https://location.am-all.net/alm/location?gm=98&ct=1012&lang=en,https://location.am-all.net/alm/shop?gm=98&astep=1012&sid=18501&lang=en,False,https://www.google.com/maps/search/?api=1&query=TIMEZONE+EASTLAND+Shop+MM12%2F13+Eastland+Shopping+Centre%2C171+-175+Maroondah+Hwy
intl-1012-18362,TIMEZONE ERINA,Australia,,"SHOP H09, Terrigal Dr, Erina NSW 2250",,,maimai DX International Version,maimai International official / ALL.Net,https://location.am-all.net/alm/location?gm=98&ct=1012&lang=en,https://location.am-all.net/alm/shop?gm=98&astep=1012&sid=18362&lang=en,True,https://www.google.com/maps/search/?api=1&query=TIMEZONE+ERINA+SHOP+H09%2C+Terrigal+Dr%2C+Erina+NSW+2250
intl-1012-18918,TIMEZONE FREMANTLE,Australia,,Shop 32-33 South Terrace PiazzaFremantle WA 6160,-32.0562381,115.7479566,maimai DX International Version,maimai International official / ALL.Net,https://location.am-all.net/alm/location?gm=98&ct=1012&lang=en,https://location.am-all.net/alm/shop?gm=98&astep=1012&sid=18918&lang=en,False,https://www.google.com/maps/search/?api=1&query=TIMEZONE+FREMANTLE+Shop+32-33+South+Terrace+PiazzaFremantle+WA+6160
intl-1012-19190,TIMEZONE INDOOROOPILLY,Australia,,"Indooroopilly Shopping Centre 322 Moggill Rd, QLD 4068",-27.4994475,152.9723122,maimai DX International Version,maimai International official / ALL.Net,https://location.am-all.net/alm/location?gm=98&ct=1012&lang=en,https://location.am-all.net/alm/shop?gm=98&astep=1012&sid=19190&lang=en,False,https://www.google.com/maps/search/?api=1&query=TIMEZONE+INDOOROOPILLY+Indooroopilly+Shopping+Centre+322+Moggill+Rd%2C+QLD+4068
intl-1012-18898,TIMEZONE KNOX,Australia,,"2 Brisbane Ln, Wantirna South Vic 3152",-37.8699923,145.2437459,maimai DX International Version,maimai International official / ALL.Net,https://location.am-all.net/alm/location?gm=98&ct=1012&lang=en,https://location.am-all.net/alm/shop?gm=98&astep=1012&sid=18898&lang=en,False,https://www.google.com/maps/search/?api=1&query=TIMEZONE+KNOX+2+Brisbane+Ln%2C+Wantirna+South+Vic+3152
intl-1012-19191,TIMEZONE PARRAMATTA,Australia,,"Shop 4070, Westfield Parramatta, 175 Church St., NSW 2150",-33.8173782,151.0016557,maimai DX International Version,maimai International official / ALL.Net,https://location.am-all.net/alm/location?gm=98&ct=1012&lang=en,https://location.am-all.net/alm/shop?gm=98&astep=1012&sid=19191&lang=en,False,https://www.google.com/maps/search/?api=1&query=TIMEZONE+PARRAMATTA+Shop+4070%2C+Westfield+Parramatta%2C+175+Church+St.%2C+NSW+2150
intl-1012-18796,TIMEZONE PRESTON,Australia,,"Northland Shopping Centre,2-50 Murray Rd,Preston VIC 3072",-37.7389461,145.0299969,maimai DX International Version,maimai International official / ALL.Net,https://location.am-all.net/alm/location?gm=98&ct=1012&lang=en,https://location.am-all.net/alm/shop?gm=98&astep=1012&sid=18796&lang=en,False,https://www.google.com/maps/search/?api=1&query=TIMEZONE+PRESTON+Northland+Shopping+Centre%2C2-50+Murray+Rd%2CPreston+VIC+3072
intl-1012-18816,TIMEZONE SURFERS PARADISE,Australia,,"Level1 Paradise Centre,Cavilll Mall,Surfers Paradise QLD 4217",-28.001953,153.4298183,maimai DX International Version,maimai International official / ALL.Net,https://location.am-all.net/alm/location?gm=98&ct=1012&lang=en,https://location.am-all.net/alm/shop?gm=98&astep=1012&sid=18816&lang=en,False,https://www.google.com/maps/search/?api=1&query=TIMEZONE+SURFERS+PARADISE+Level1+Paradise+Centre%2CCavilll+Mall%2CSurfers+Paradise+QLD+4217
intl-1012-18877,TIMEZONE TREE TEA PLAZA,Australia,,"Tea Tree Plaza, 976 North East Road, Modbury SA 5092",-34.8307178,138.6901334,maimai DX International Version,maimai International official / ALL.Net,https://location.am-all.net/alm/location?gm=98&ct=1012&lang=en,https://location.am-all.net/alm/shop?gm=98&astep=1012&sid=18877&lang=en,False,https://www.google.com/maps/search/?api=1&query=TIMEZONE+TREE+TEA+PLAZA+Tea+Tree+Plaza%2C+976+North+East+Road%2C+Modbury+SA+5092
intl-1012-18729,TIMEZONE WERRIBEE,Australia,,Pacific Werribee Shopping Centre Heaths VIC 3029,-37.8769343,144.6804581,maimai DX International Version,maimai International official / ALL.Net,https://location.am-all.net/alm/location?gm=98&ct=1012&lang=en,https://location.am-all.net/alm/shop?gm=98&astep=1012&sid=18729&lang=en,False,https://www.google.com/maps/search/?api=1&query=TIMEZONE+WERRIBEE+Pacific+Werribee+Shopping+Centre+Heaths+VIC+3029
intl-1012-18730,TIMEZONE WODEN,Australia,,"Shop A3 Westfield Woden, KeltieSt, Phillip ACT 2606",-35.3462875,149.0860718,maimai DX International Version,maimai International official / ALL.Net,https://location.am-all.net/alm/location?gm=98&ct=1012&lang=en,https://location.am-all.net/alm/shop?gm=98&astep=1012&sid=18730&lang=en,False,https://www.google.com/maps/search/?api=1&query=TIMEZONE+WODEN+Shop+A3+Westfield+Woden%2C+KeltieSt%2C+Phillip+ACT+2606
intl-1012-19806,TIMEZONE(CENTRAL),Australia,,"Level 2, Central Park Mall, 28 Broadway, Chippendale,NSW2008",-33.884581,151.2006823,maimai DX International Version,maimai International official / ALL.Net,https://location.am-all.net/alm/location?gm=98&ct=1012&lang=en,https://location.am-all.net/alm/shop?gm=98&astep=1012&sid=19806&lang=en,False,https://www.google.com/maps/search/?api=1&query=TIMEZONE%28CENTRAL%29+Level+2%2C+Central+Park+Mall%2C+28+Broadway%2C+Chippendale%2CNSW2008
intl-1012-19807,TIMEZONE(HAYMARKET),Australia,,"Level 3 Market City, 9-13 Hay Street, Haymerket, Sydney, NSW2020",-33.8797944,151.2033833,maimai DX International Version,maimai International official / ALL.Net,https://location.am-all.net/alm/location?gm=98&ct=1012&lang=en,https://location.am-all.net/alm/shop?gm=98&astep=1012&sid=19807&lang=en,False,https://www.google.com/maps/search/?api=1&query=TIMEZONE%28HAYMARKET%29+Level+3+Market+City%2C+9-13+Hay+Street%2C+Haymerket%2C+Sydney%2C+NSW2020
intl-1012-19808,TIMEZONE(HIGHPOINT),Australia,,"Level 1 Highpoint SC,120-200Rosamond Rd,Maribyrnong,VIC3032",-37.7695602,144.8820803,maimai DX International Version,maimai International official / ALL.Net,https://location.am-all.net/alm/location?gm=98&ct=1012&lang=en,https://location.am-all.net/alm/shop?gm=98&astep=1012&sid=19808&lang=en,False,https://www.google.com/maps/search/?api=1&query=TIMEZONE%28HIGHPOINT%29+Level+1+Highpoint+SC%2C120-200Rosamond+Rd%2CMaribyrnong%2CVIC3032
intl-1012-19805,TIMEZONE(MACQUARIE),Australia,,"MacquarieCentre,CornerofHerringRd&WaterlooRd,NorthRyde,NSW2113",-33.7763709,151.1200451,maimai DX International Version,maimai International official / ALL.Net,https://location.am-all.net/alm/location?gm=98&ct=1012&lang=en,https://location.am-all.net/alm/shop?gm=98&astep=1012&sid=19805&lang=en,False,https://www.google.com/maps/search/?api=1&query=TIMEZONE%28MACQUARIE%29+MacquarieCentre%2CCornerofHerringRd%26WaterlooRd%2CNorthRyde%2CNSW2113
intl-1012-19802,TIMEZONE(NORTHBRIDGE),Australia,,"31 Lake Street, Northbridge, WA6003",-31.9475043,115.8567513,maimai DX International Version,maimai International official / ALL.Net,https://location.am-all.net/alm/location?gm=98&ct=1012&lang=en,https://location.am-all.net/alm/shop?gm=98&astep=1012&sid=19802&lang=en,False,https://www.google.com/maps/search/?api=1&query=TIMEZONE%28NORTHBRIDGE%29+31+Lake+Street%2C+Northbridge%2C+WA6003
intl-1012-18400,VARSITY WATERFORD,Australia,,"55/230 Manning Road, Karawara Perth, WA",-32.011588,115.886449,maimai DX International Version,maimai International official / ALL.Net,https://location.am-all.net/alm/location?gm=98&ct=1012&lang=en,https://location.am-all.net/alm/shop?gm=98&astep=1012&sid=18400&lang=en,False,https://www.google.com/maps/search/?api=1&query=VARSITY+WATERFORD+55%2F230+Manning+Road%2C+Karawara+Perth%2C+WA
intl-1012-18628,ZONE BOWLING SOUTHLAND,Australia,,"Zone Bowling Southland SHOP 3049B, 1239 Nepean Highway 3192",-37.9584584,145.0510807,maimai DX International Version,maimai International official / ALL.Net,https://location.am-all.net/alm/location?gm=98&ct=1012&lang=en,https://location.am-all.net/alm/shop?gm=98&astep=1012&sid=18628&lang=en,False,https://www.google.com/maps/search/?api=1&query=ZONE+BOWLING+SOUTHLAND+Zone+Bowling+Southland+SHOP+3049B%2C+1239+Nepean+Highway+3192
intl-1012-19399,ZONE BOWLING TOP RYDE,Australia,,"GRD M5,Top Ryde City Shopping Centre,Blaxland Rd.&Devlin St.NSW",-33.8122148,151.1062214,maimai DX International Version,maimai International official / ALL.Net,https://location.am-all.net/alm/location?gm=98&ct=1012&lang=en,https://location.am-all.net/alm/shop?gm=98&astep=1012&sid=19399&lang=en,False,https://www.google.com/maps/search/?api=1&query=ZONE+BOWLING+TOP+RYDE+GRD+M5%2CTop+Ryde+City+Shopping+Centre%2CBlaxland+Rd.%26Devlin+St.NSW
intl-1012-18915,ZONE BOWLING VILLAWOOD,Australia,,"850a Woodvilla Road,Villawood NSW 2163",-33.8792943,150.9786698,maimai DX International Version,maimai International official / ALL.Net,https://location.am-all.net/alm/location?gm=98&ct=1012&lang=en,https://location.am-all.net/alm/shop?gm=98&astep=1012&sid=18915&lang=en,False,https://www.google.com/maps/search/?api=1&query=ZONE+BOWLING+VILLAWOOD+850a+Woodvilla+Road%2CVillawood+NSW+2163
intl-1012-18938,ZONEBOWLING BLACKTOWN,Australia,,"Shop 4011/17 Patrick st, Blacktown NSW 2148",-33.7699265,150.9061011,maimai DX International Version,maimai International official / ALL.Net,https://location.am-all.net/alm/location?gm=98&ct=1012&lang=en,https://location.am-all.net/alm/shop?gm=98&astep=1012&sid=18938&lang=en,False,https://www.google.com/maps/search/?api=1&query=ZONEBOWLING+BLACKTOWN+Shop+4011%2F17+Patrick+st%2C+Blacktown+NSW+2148
intl-1012-19804,ZONEBOWLING(GARDEN CITY),Australia,,"Westfield Garden City, Kessels Rd, Upper Mount Gravatt QLD 4122",-27.5626135,153.0822254,maimai DX International Version,maimai International official / ALL.Net,https://location.am-all.net/alm/location?gm=98&ct=1012&lang=en,https://location.am-all.net/alm/shop?gm=98&astep=1012&sid=19804&lang=en,False,https://www.google.com/maps/search/?api=1&query=ZONEBOWLING%28GARDEN+CITY%29+Westfield+Garden+City%2C+Kessels+Rd%2C+Upper+Mount+Gravatt+QLD+4122
intl-1002-19393,168 GAME CENTRE,Hong Kong,,GIF YUE MAN SHOPPING CENTRE 300-302 NGAU TAU KOK RD. KWUN TONG,22.3143438,114.2226831,maimai DX International Version,maimai International official / ALL.Net,https://location.am-all.net/alm/location?gm=98&ct=1002&lang=en,https://location.am-all.net/alm/shop?gm=98&astep=1002&sid=19393&lang=en,False,https://www.google.com/maps/search/?api=1&query=168+GAME+CENTRE+GIF+YUE+MAN+SHOPPING+CENTRE+300-302+NGAU+TAU+KOK+RD.+KWUN+TONG
intl-1002-24290,ELECTRONIC PLAZA,Hong Kong,,"G/F&COCKLOFT,130 FUK WA ST.,SHAM SHUI PO, KOWLOON",22.331478159747,114.162595156099,maimai DX International Version,maimai International official / ALL.Net,https://location.am-all.net/alm/location?gm=98&ct=1002&lang=en,https://location.am-all.net/alm/shop?gm=98&astep=1002&sid=24290&lang=en,False,https://www.google.com/maps/search/?api=1&query=ELECTRONIC+PLAZA+G%2FF%26COCKLOFT%2C130+FUK+WA+ST.%2CSHAM+SHUI+PO%2C+KOWLOON
intl-1002-24741,GAMEZONE(KWUN TONG PLAZA),Hong Kong,,"1/F,KWUN TONG PLAZA,68HOI YUEN ROAD, KWUNTONG, KOWLOON",22.3111759,114.226019,maimai DX International Version,maimai International official / ALL.Net,https://location.am-all.net/alm/location?gm=98&ct=1002&lang=en,https://location.am-all.net/alm/shop?gm=98&astep=1002&sid=24741&lang=en,False,https://www.google.com/maps/search/?api=1&query=GAMEZONE%28KWUN+TONG+PLAZA%29+1%2FF%2CKWUN+TONG+PLAZA%2C68HOI+YUEN+ROAD%2C+KWUNTONG%2C+KOWLOON
intl-1002-24738,GAMEZONE(MONG KOK),Hong Kong,,"BF., ARGYLE CENTRE PHASE I,65 ARGYLE ST, MONGKOK, KOWLOON",22.3195199991315,114.171476986786,maimai DX International Version,maimai International official / ALL.Net,https://location.am-all.net/alm/location?gm=98&ct=1002&lang=en,https://location.am-all.net/alm/shop?gm=98&astep=1002&sid=24738&lang=en,False,https://www.google.com/maps/search/?api=1&query=GAMEZONE%28MONG+KOK%29+BF.%2C+ARGYLE+CENTRE+PHASE+I%2C65+ARGYLE+ST%2C+MONGKOK%2C+KOWLOON
intl-1002-24092,GOLD STAR(NATHAN ROAD),Hong Kong,,"B,WING WONG BLDG., 557-559NATHAN RD., YAU MA TEI, KOWLOON",22.3141685472114,114.170193171263,maimai DX International Version,maimai International official / ALL.Net,https://location.am-all.net/alm/location?gm=98&ct=1002&lang=en,https://location.am-all.net/alm/shop?gm=98&astep=1002&sid=24092&lang=en,False,https://www.google.com/maps/search/?api=1&query=GOLD+STAR%28NATHAN+ROAD%29+B%2CWING+WONG+BLDG.%2C+557-559NATHAN+RD.%2C+YAU+MA+TEI%2C+KOWLOON
intl-1002-24723,GOLD STAR(TSUEN WAN),Hong Kong,,"3F,E WING, NAN FUNG CENTRE, 264-298CASTLE PEAK RD.,TSUEN WAN N.T",22.3738489535483,114.116348067718,maimai DX International Version,maimai International official / ALL.Net,https://location.am-all.net/alm/location?gm=98&ct=1002&lang=en,https://location.am-all.net/alm/shop?gm=98&astep=1002&sid=24723&lang=en,False,https://www.google.com/maps/search/?api=1&query=GOLD+STAR%28TSUEN+WAN%29+3F%2CE+WING%2C+NAN+FUNG+CENTRE%2C+264-298CASTLE+PEAK+RD.%2CTSUEN+WAN+N.T
intl-1002-24735,GOLDEN ERA GAME CENTRE,Hong Kong,,"2/F, GOLDEN ERA PLAZA, 39SAI YEE STREET, MONGKOK, KOWLOON",22.318361,114.17173,maimai DX International Version,maimai International official / ALL.Net,https://location.am-all.net/alm/location?gm=98&ct=1002&lang=en,https://location.am-all.net/alm/shop?gm=98&astep=1002&sid=24735&lang=en,False,https://www.google.com/maps/search/?api=1&query=GOLDEN+ERA+GAME+CENTRE+2%2FF%2C+GOLDEN+ERA+PLAZA%2C+39SAI+YEE+STREET%2C+MONGKOK%2C+KOWLOON
intl-1002-24742,HOLLYWOOD GAME ZONE,Hong Kong,,"383, LEVEL 3, PLAZA HOLLYWOODDIAMOND HILL, KOWLOON,",22.3407058292102,114.202109561089,maimai DX International Version,maimai International official / ALL.Net,https://location.am-all.net/alm/location?gm=98&ct=1002&lang=en,https://location.am-all.net/alm/shop?gm=98&astep=1002&sid=24742&lang=en,False,https://www.google.com/maps/search/?api=1&query=HOLLYWOOD+GAME+ZONE+383%2C+LEVEL+3%2C+PLAZA+HOLLYWOODDIAMOND+HILL%2C+KOWLOON%2C
intl-1002-18724,HUNG MIN GAME CENTRE,Hong Kong,,"G/F., 11-13 Hung Min Court, Yuen Long, N.T. (YLFL152)",22.442376,114.0296046,maimai DX International Version,maimai International official / ALL.Net,https://location.am-all.net/alm/location?gm=98&ct=1002&lang=en,https://location.am-all.net/alm/shop?gm=98&astep=1002&sid=18724&lang=en,False,https://www.google.com/maps/search/?api=1&query=HUNG+MIN+GAME+CENTRE+G%2FF.%2C+11-13+Hung+Min+Court%2C+Yuen+Long%2C+N.T.+%28YLFL152%29
intl-1002-22378,IGAME(TAI PO),Hong Kong,,"B,TAI PO SPORTS ASSOCIATION 2ON CHEUNG RD.,TAI PO,N.T",22.4537095979308,114.167268772552,maimai DX International Version,maimai International official / ALL.Net,https://location.am-all.net/alm/location?gm=98&ct=1002&lang=en,https://location.am-all.net/alm/shop?gm=98&astep=1002&sid=22378&lang=en,False,https://www.google.com/maps/search/?api=1&query=IGAME%28TAI+PO%29+B%2CTAI+PO+SPORTS+ASSOCIATION+2ON+CHEUNG+RD.%2CTAI+PO%2CN.T
intl-1002-24118,INTERNATIONAL GAMES CENTRE,Hong Kong,,"SHOP A15 39,40&41G/F,TAI ON BLDG57-87SHAU KEI WAN RD,SAI WAN HO",22.2828744370836,114.22202897611,maimai DX International Version,maimai International official / ALL.Net,https://location.am-all.net/alm/location?gm=98&ct=1002&lang=en,https://location.am-all.net/alm/shop?gm=98&astep=1002&sid=24118&lang=en,False,https://www.google.com/maps/search/?api=1&query=INTERNATIONAL+GAMES+CENTRE+SHOP+A15+39%2C40%2641G%2FF%2CTAI+ON+BLDG57-87SHAU+KEI+WAN+RD%2CSAI+WAN+HO
intl-1002-24718,JUMBO GAME,Hong Kong,,"BASEMENT, 82 OLD MAIN STREET,ABERDEEN, HONG KONG,",22.248364058739,114.156244157078,maimai DX International Version,maimai International official / ALL.Net,https://location.am-all.net/alm/location?gm=98&ct=1002&lang=en,https://location.am-all.net/alm/shop?gm=98&astep=1002&sid=24718&lang=en,False,https://www.google.com/maps/search/?api=1&query=JUMBO+GAME+BASEMENT%2C+82+OLD+MAIN+STREET%2CABERDEEN%2C+HONG+KONG%2C
intl-1002-24115,LUCKY GAME CENTRE,Hong Kong,,"G/F HONG SHUN BLDG., 166 WOOSUNG ST.,YAU MA TEI ,KOWLOON.",22.3038496751725,114.170254874788,maimai DX International Version,maimai International official / ALL.Net,https://location.am-all.net/alm/location?gm=98&ct=1002&lang=en,https://location.am-all.net/alm/shop?gm=98&astep=1002&sid=24115&lang=en,False,https://www.google.com/maps/search/?api=1&query=LUCKY+GAME+CENTRE+G%2FF+HONG+SHUN+BLDG.%2C+166+WOOSUNG+ST.%2CYAU+MA+TEI+%2CKOWLOON.
intl-1002-19227,PIK FU GAME CENTRE,Hong Kong,,"SHOP LG1,26-30 WO YI HOP ROAD, KWAI CHUNG,N.T",22.3658113,114.1371543,maimai DX International Version,maimai International official / ALL.Net,https://location.am-all.net/alm/location?gm=98&ct=1002&lang=en,https://location.am-all.net/alm/shop?gm=98&astep=1002&sid=19227&lang=en,False,https://www.google.com/maps/search/?api=1&query=PIK+FU+GAME+CENTRE+SHOP+LG1%2C26-30+WO+YI+HOP+ROAD%2C+KWAI+CHUNG%2CN.T
intl-1002-20490,POWER CITY(TIN SHUI WAI),Hong Kong,,"G68-72 G/F,PHASE 1 KINGSWOOD GINZA, TIN SHUI WAI, N.T.",22.4569941,114.0046892,maimai DX International Version,maimai International official / ALL.Net,https://location.am-all.net/alm/location?gm=98&ct=1002&lang=en,https://location.am-all.net/alm/shop?gm=98&astep=1002&sid=20490&lang=en,False,https://www.google.com/maps/search/?api=1&query=POWER+CITY%28TIN+SHUI+WAI%29+G68-72+G%2FF%2CPHASE+1+KINGSWOOD+GINZA%2C+TIN+SHUI+WAI%2C+N.T.
intl-1002-20897,RETROCITY CONCEPT,Hong Kong,,"UNIT NO.23 LG/F,HOUSTON CENTRE,NO.63 MODY DOAD,KLN. HKG",22.298752766927,114.176992177963,maimai DX International Version,maimai International official / ALL.Net,https://location.am-all.net/alm/location?gm=98&ct=1002&lang=en,https://location.am-all.net/alm/shop?gm=98&astep=1002&sid=20897&lang=en,False,https://www.google.com/maps/search/?api=1&query=RETROCITY+CONCEPT+UNIT+NO.23+LG%2FF%2CHOUSTON+CENTRE%2CNO.63+MODY+DOAD%2CKLN.+HKG
intl-1002-24112,SALEM GAME CENTRE,Hong Kong,,"C2 G/F.,FUN CITY, 7LEK YUEN ST.,SHA TIN ,NT.",22.384135773369,114.192304666228,maimai DX International Version,maimai International official / ALL.Net,https://location.am-all.net/alm/location?gm=98&ct=1002&lang=en,https://location.am-all.net/alm/shop?gm=98&astep=1002&sid=24112&lang=en,False,https://www.google.com/maps/search/?api=1&query=SALEM+GAME+CENTRE+C2+G%2FF.%2CFUN+CITY%2C+7LEK+YUEN+ST.%2CSHA+TIN+%2CNT.
intl-1002-18488,SATURNEY MUSIC HOUSE,Hong Kong,,"503a, 18 Centre St, Sai Ying Pun, Hong Kong",22.2875521,114.1421936,maimai DX International Version,maimai International official / ALL.Net,https://location.am-all.net/alm/location?gm=98&ct=1002&lang=en,https://location.am-all.net/alm/shop?gm=98&astep=1002&sid=18488&lang=en,False,https://www.google.com/maps/search/?api=1&query=SATURNEY+MUSIC+HOUSE+503a%2C+18+Centre+St%2C+Sai+Ying+Pun%2C+Hong+Kong
intl-1002-24701,SILVERCORD AMUSEMENT ＆ GAMES,Hong Kong,,"SHOP B03 BASEMENT, SILVERCORD30CANTON RD, T.S.T, KOWLOON",22.2977762206117,114.1695192752,maimai DX International Version,maimai International official / ALL.Net,https://location.am-all.net/alm/location?gm=98&ct=1002&lang=en,https://location.am-all.net/alm/shop?gm=98&astep=1002&sid=24701&lang=en,False,https://www.google.com/maps/search/?api=1&query=SILVERCORD+AMUSEMENT+%EF%BC%86+GAMES+SHOP+B03+BASEMENT%2C+SILVERCORD30CANTON+RD%2C+T.S.T%2C+KOWLOON
intl-1002-20681,SMART GAME(WAN CHAI),Hong Kong,,"G/F,GREAT SMART TOWER,NO.230 WAN CHAI ROAD,HONG KONG",22.278089,114.178909,maimai DX International Version,maimai International official / ALL.Net,https://location.am-all.net/alm/location?gm=98&ct=1002&lang=en,https://location.am-all.net/alm/shop?gm=98&astep=1002&sid=20681&lang=en,False,https://www.google.com/maps/search/?api=1&query=SMART+GAME%28WAN+CHAI%29+G%2FF%2CGREAT+SMART+TOWER%2CNO.230+WAN+CHAI+ROAD%2CHONG+KONG
intl-1002-24481,SUPER KING GAME CENTRE,Hong Kong,,"B/F,WEST COAST BLDG, 290-296UN CHAU ST.,CHEUNG SHA WAN,KW",22.3356793047242,114.159122095384,maimai DX International Version,maimai International official / ALL.Net,https://location.am-all.net/alm/location?gm=98&ct=1002&lang=en,https://location.am-all.net/alm/shop?gm=98&astep=1002&sid=24481&lang=en,False,https://www.google.com/maps/search/?api=1&query=SUPER+KING+GAME+CENTRE+B%2FF%2CWEST+COAST+BLDG%2C+290-296UN+CHAU+ST.%2CCHEUNG+SHA+WAN%2CKW
intl-1002-19930,TIN TIN GAME CENTRE(TUEN MUN),Hong Kong,,"SHOP B, G/F., SAI BO BUILDING, 5 TSING PAK PATH, TUEN MUN, NT",22.4016026,113.9781571,maimai DX International Version,maimai International official / ALL.Net,https://location.am-all.net/alm/location?gm=98&ct=1002&lang=en,https://location.am-all.net/alm/shop?gm=98&astep=1002&sid=19930&lang=en,False,https://www.google.com/maps/search/?api=1&query=TIN+TIN+GAME+CENTRE%28TUEN+MUN%29+SHOP+B%2C+G%2FF.%2C+SAI+BO+BUILDING%2C+5+TSING+PAK+PATH%2C+TUEN+MUN%2C+NT
intl-1007-19045,COW PLAY COW MOO CARSTENSZ MALL,Indonesia,,Jalan jend sudirman no1. Cihuni. Kec pagedangan,-6.2697615,106.6304198,maimai DX International Version,maimai International official / ALL.Net,https://location.am-all.net/alm/location?gm=98&ct=1007&lang=en,https://location.am-all.net/alm/shop?gm=98&astep=1007&sid=19045&lang=en,False,https://www.google.com/maps/search/?api=1&query=COW+PLAY+COW+MOO+CARSTENSZ+MALL+Jalan+jend+sudirman+no1.+Cihuni.+Kec+pagedangan
intl-1007-18618,CPCM ELYSEE,Indonesia,,"LOT 21, JL. SCBD NO. KAV 52-53,KOTA JAKARTA SELATAN",-6.2243508,106.8094982,maimai DX International Version,maimai International official / ALL.Net,https://location.am-all.net/alm/location?gm=98&ct=1007&lang=en,https://location.am-all.net/alm/shop?gm=98&astep=1007&sid=18618&lang=en,False,https://www.google.com/maps/search/?api=1&query=CPCM+ELYSEE+LOT+21%2C+JL.+SCBD+NO.+KAV+52-53%2CKOTA+JAKARTA+SELATAN
intl-1007-18756,CPCM INDONESIA DESIGN DISTRICT,Indonesia,,"Jalan M.H. Thamrin., SalembaranJaya, Kosambi,15214",-6.0676077,106.6967904,maimai DX International Version,maimai International official / ALL.Net,https://location.am-all.net/alm/location?gm=98&ct=1007&lang=en,https://location.am-all.net/alm/shop?gm=98&astep=1007&sid=18756&lang=en,False,https://www.google.com/maps/search/?api=1&query=CPCM+INDONESIA+DESIGN+DISTRICT+Jalan+M.H.+Thamrin.%2C+SalembaranJaya%2C+Kosambi%2C15214
intl-1007-18613,CPCM LIPPO MALL NUSANTARA,Indonesia,,"Jl. Jend. Sudirman Kav. 50, Karet Semanggi, Setiabudi",-6.2201667,106.8143752,maimai DX International Version,maimai International official / ALL.Net,https://location.am-all.net/alm/location?gm=98&ct=1007&lang=en,https://location.am-all.net/alm/shop?gm=98&astep=1007&sid=18613&lang=en,False,https://www.google.com/maps/search/?api=1&query=CPCM+LIPPO+MALL+NUSANTARA+Jl.+Jend.+Sudirman+Kav.+50%2C+Karet+Semanggi%2C+Setiabudi
intl-1007-18757,CPCM MALL OF INDONESIA,Indonesia,,"Jl.Boulevard Bar.Raya No.12,RT.18/RW.19,Klp.Gading Bar.,Kec.Klp.",-6.153693,106.893036,maimai DX International Version,maimai International official / ALL.Net,https://location.am-all.net/alm/location?gm=98&ct=1007&lang=en,https://location.am-all.net/alm/shop?gm=98&astep=1007&sid=18757&lang=en,False,https://www.google.com/maps/search/?api=1&query=CPCM+MALL+OF+INDONESIA+Jl.Boulevard+Bar.Raya+No.12%2CRT.18%2FRW.19%2CKlp.Gading+Bar.%2CKec.Klp.
intl-1007-18863,CPCM PIK,Indonesia,,"Jl.Pantai Indah Kapuk,Kamal Muara,Kec.Penjaringan,Jakarta Utara",-6.1026441,106.7411622,maimai DX International Version,maimai International official / ALL.Net,https://location.am-all.net/alm/location?gm=98&ct=1007&lang=en,https://location.am-all.net/alm/shop?gm=98&astep=1007&sid=18863&lang=en,False,https://www.google.com/maps/search/?api=1&query=CPCM+PIK+Jl.Pantai+Indah+Kapuk%2CKamal+Muara%2CKec.Penjaringan%2CJakarta+Utara
intl-1007-18354,FESTIVAL CITYLINK BANDUNG,Indonesia,,"Jl.Peta, No.241, Suka Asih, Kec.Bojongloa Kaler, Kota Bandung",,,maimai DX International Version,maimai International official / ALL.Net,https://location.am-all.net/alm/location?gm=98&ct=1007&lang=en,https://location.am-all.net/alm/shop?gm=98&astep=1007&sid=18354&lang=en,True,https://www.google.com/maps/search/?api=1&query=FESTIVAL+CITYLINK+BANDUNG+Jl.Peta%2C+No.241%2C+Suka+Asih%2C+Kec.Bojongloa+Kaler%2C+Kota+Bandung
intl-1007-18546,MOLLY FANTASY LIVING WORLD KOTA WISATA,Indonesia,,"Jl Blvd Kota Wisata Lt 1-43B Ciangsana, Kecamatan Gunung Putri",-6.3713106,106.9570403,maimai DX International Version,maimai International official / ALL.Net,https://location.am-all.net/alm/location?gm=98&ct=1007&lang=en,https://location.am-all.net/alm/shop?gm=98&astep=1007&sid=18546&lang=en,False,https://www.google.com/maps/search/?api=1&query=MOLLY+FANTASY+LIVING+WORLD+KOTA+WISATA+Jl+Blvd+Kota+Wisata+Lt+1-43B+Ciangsana%2C+Kecamatan+Gunung+Putri
intl-1007-18529,PIK 1 KITA,Indonesia,,"Kawasan Pantai Kita, Jl. Ebony 2, Jkt Utara",-6.1519684,106.9188253,maimai DX International Version,maimai International official / ALL.Net,https://location.am-all.net/alm/location?gm=98&ct=1007&lang=en,https://location.am-all.net/alm/shop?gm=98&astep=1007&sid=18529&lang=en,False,https://www.google.com/maps/search/?api=1&query=PIK+1+KITA+Kawasan+Pantai+Kita%2C+Jl.+Ebony+2%2C+Jkt+Utara
intl-1007-18544,PRIZE SPOT PALO BLOK M,Indonesia,,Jl Bulungan No76 Lt.5 Kramat Pela Kec Kebayoran Baru,-6.2428317,106.7964001,maimai DX International Version,maimai International official / ALL.Net,https://location.am-all.net/alm/location?gm=98&ct=1007&lang=en,https://location.am-all.net/alm/shop?gm=98&astep=1007&sid=18544&lang=en,False,https://www.google.com/maps/search/?api=1&query=PRIZE+SPOT+PALO+BLOK+M+Jl+Bulungan+No76+Lt.5+Kramat+Pela+Kec+Kebayoran+Baru
intl-1007-18364,SEMARANG 23 ARKANA,Indonesia,,Jl.Kawasan POJCity (Pearl of Jav,,,maimai DX International Version,maimai International official / ALL.Net,https://location.am-all.net/alm/location?gm=98&ct=1007&lang=en,https://location.am-all.net/alm/shop?gm=98&astep=1007&sid=18364&lang=en,True,https://www.google.com/maps/search/?api=1&query=SEMARANG+23+ARKANA+Jl.Kawasan+POJCity+%28Pearl+of+Jav
intl-1007-18952,TIMEZONE BANDUNG INDAH PLASA,Indonesia,,"Jl. Merdeka No. 56, Bandung 40117",-6.9085663,107.6107996,maimai DX International Version,maimai International official / ALL.Net,https://location.am-all.net/alm/location?gm=98&ct=1007&lang=en,https://location.am-all.net/alm/shop?gm=98&astep=1007&sid=18952&lang=en,False,https://www.google.com/maps/search/?api=1&query=TIMEZONE+BANDUNG+INDAH+PLASA+Jl.+Merdeka+No.+56%2C+Bandung+40117
intl-1007-18851,TIMEZONE BENCOOLEN,Indonesia,,"JL.Pariwisata No.1 Penurunan Kec. Ratu Samban, Bengkulu",-3.8148175,102.270578,maimai DX International Version,maimai International official / ALL.Net,https://location.am-all.net/alm/location?gm=98&ct=1007&lang=en,https://location.am-all.net/alm/shop?gm=98&astep=1007&sid=18851&lang=en,False,https://www.google.com/maps/search/?api=1&query=TIMEZONE+BENCOOLEN+JL.Pariwisata+No.1+Penurunan+Kec.+Ratu+Samban%2C+Bengkulu
intl-1007-18941,TIMEZONE BIG MALL SAMARINDA,Indonesia,,"No.8KarangAsamUlu,SungaiKujang,Samarinda,KalimantanTimur",-0.5050225,117.1099903,maimai DX International Version,maimai International official / ALL.Net,https://location.am-all.net/alm/location?gm=98&ct=1007&lang=en,https://location.am-all.net/alm/shop?gm=98&astep=1007&sid=18941&lang=en,False,https://www.google.com/maps/search/?api=1&query=TIMEZONE+BIG+MALL+SAMARINDA+No.8KarangAsamUlu%2CSungaiKujang%2CSamarinda%2CKalimantanTimur
intl-1007-18847,TIMEZONE BOEMI KEDATON,Indonesia,,"Jl. Teuku Umar, Sultan Agung No. 1, Kedaton, Lampung 35132",-5.3823988,105.2591307,maimai DX International Version,maimai International official / ALL.Net,https://location.am-all.net/alm/location?gm=98&ct=1007&lang=en,https://location.am-all.net/alm/shop?gm=98&astep=1007&sid=18847&lang=en,False,https://www.google.com/maps/search/?api=1&query=TIMEZONE+BOEMI+KEDATON+Jl.+Teuku+Umar%2C+Sultan+Agung+No.+1%2C+Kedaton%2C+Lampung+35132
intl-1007-18895,TIMEZONE CENTRE POINT,Indonesia,,"Centre Point Medan 3rd Floor, Jl.Jawa No.8,Gg. Buntu, Kec. Medan",3.5916749,98.6810665,maimai DX International Version,maimai International official / ALL.Net,https://location.am-all.net/alm/location?gm=98&ct=1007&lang=en,https://location.am-all.net/alm/shop?gm=98&astep=1007&sid=18895&lang=en,False,https://www.google.com/maps/search/?api=1&query=TIMEZONE+CENTRE+POINT+Centre+Point+Medan+3rd+Floor%2C+Jl.Jawa+No.8%2CGg.+Buntu%2C+Kec.+Medan
intl-1007-18842,TIMEZONE DUTA PALANGKARAYA,Indonesia,,"Langkai,Kec.Pahandut,KotaPalangkaRaya,KalimantanTengah",-2.2227384,113.925819,maimai DX International Version,maimai International official / ALL.Net,https://location.am-all.net/alm/location?gm=98&ct=1007&lang=en,https://location.am-all.net/alm/shop?gm=98&astep=1007&sid=18842&lang=en,False,https://www.google.com/maps/search/?api=1&query=TIMEZONE+DUTA+PALANGKARAYA+Langkai%2CKec.Pahandut%2CKotaPalangkaRaya%2CKalimantanTengah
intl-1007-18802,TIMEZONE DUTA PERTIWI,Indonesia,,"Jalan Pemuda No. 150, Semarang 50132",-6.9832693,110.4121797,maimai DX International Version,maimai International official / ALL.Net,https://location.am-all.net/alm/location?gm=98&ct=1007&lang=en,https://location.am-all.net/alm/shop?gm=98&astep=1007&sid=18802&lang=en,False,https://www.google.com/maps/search/?api=1&query=TIMEZONE+DUTA+PERTIWI+Jalan+Pemuda+No.+150%2C+Semarang+50132
intl-1007-18801,TIMEZONE GALAXY 3 NEW,Indonesia,,Jl Dr IR H Soekarno No. 178 Surabaya 60115,-7.2760864,112.7805726,maimai DX International Version,maimai International official / ALL.Net,https://location.am-all.net/alm/location?gm=98&ct=1007&lang=en,https://location.am-all.net/alm/shop?gm=98&astep=1007&sid=18801&lang=en,False,https://www.google.com/maps/search/?api=1&query=TIMEZONE+GALAXY+3+NEW+Jl+Dr+IR+H+Soekarno+No.+178+Surabaya+60115
intl-1007-18942,TIMEZONE GALAXY MAL 1,Indonesia,,"Jl. Dharmahusada Indah Timur No. 37, 3rd Floor, Surabaya",-3.3175996,114.6035484,maimai DX International Version,maimai International official / ALL.Net,https://location.am-all.net/alm/location?gm=98&ct=1007&lang=en,https://location.am-all.net/alm/shop?gm=98&astep=1007&sid=18942&lang=en,False,https://www.google.com/maps/search/?api=1&query=TIMEZONE+GALAXY+MAL+1+Jl.+Dharmahusada+Indah+Timur+No.+37%2C+3rd+Floor%2C+Surabaya
intl-1007-18943,TIMEZONE GALERIA BALI,Indonesia,,"JI.RayaByPassIGustiNgurahRai,SimpangDewa Ruci,Kuta,Denpasar,Bali",-8.6985178,115.1708974,maimai DX International Version,maimai International official / ALL.Net,https://location.am-all.net/alm/location?gm=98&ct=1007&lang=en,https://location.am-all.net/alm/shop?gm=98&astep=1007&sid=18943&lang=en,False,https://www.google.com/maps/search/?api=1&query=TIMEZONE+GALERIA+BALI+JI.RayaByPassIGustiNgurahRai%2CSimpangDewa+Ruci%2CKuta%2CDenpasar%2CBali
intl-1007-18843,TIMEZONE GRAND WISATA,Indonesia,,"Jl.GrandWisata,Lambang Jaya,TambunSelatan,Bekasi,Jawa Barat17510",-6.2934631,107.0577756,maimai DX International Version,maimai International official / ALL.Net,https://location.am-all.net/alm/location?gm=98&ct=1007&lang=en,https://location.am-all.net/alm/shop?gm=98&astep=1007&sid=18843&lang=en,False,https://www.google.com/maps/search/?api=1&query=TIMEZONE+GRAND+WISATA+Jl.GrandWisata%2CLambang+Jaya%2CTambunSelatan%2CBekasi%2CJawa+Barat17510
intl-1007-18944,TIMEZONE JAMBI,Indonesia,,"No.88,Simpang IV Sipin,Kec.Telanaipura,Kota Jambi,Jambi36125",-1.612739,103.5755084,maimai DX International Version,maimai International official / ALL.Net,https://location.am-all.net/alm/location?gm=98&ct=1007&lang=en,https://location.am-all.net/alm/shop?gm=98&astep=1007&sid=18944&lang=en,False,https://www.google.com/maps/search/?api=1&query=TIMEZONE+JAMBI+No.88%2CSimpang+IV+Sipin%2CKec.Telanaipura%2CKota+Jambi%2CJambi36125
intl-1007-18892,TIMEZONE KELAPA GADING 3 LT 3,Indonesia,,"Jl.Boulevard Raya,RT13/18,Klp.Gading Tim,Kota Jakarta Utara,DKI",-6.157455,106.9070746,maimai DX International Version,maimai International official / ALL.Net,https://location.am-all.net/alm/location?gm=98&ct=1007&lang=en,https://location.am-all.net/alm/shop?gm=98&astep=1007&sid=18892&lang=en,False,https://www.google.com/maps/search/?api=1&query=TIMEZONE+KELAPA+GADING+3+LT+3+Jl.Boulevard+Raya%2CRT13%2F18%2CKlp.Gading+Tim%2CKota+Jakarta+Utara%2CDKI
intl-1007-20736,TIMEZONE KELAPA GADING MALL3,Indonesia,,"KELAPAGADINGML3L2No.ENTERTAINMENTJLBULEVAR.BLOK.M,PERMAI-14240",-6.156673,106.909268,maimai DX International Version,maimai International official / ALL.Net,https://location.am-all.net/alm/location?gm=98&ct=1007&lang=en,https://location.am-all.net/alm/shop?gm=98&astep=1007&sid=20736&lang=en,False,https://www.google.com/maps/search/?api=1&query=TIMEZONE+KELAPA+GADING+MALL3+KELAPAGADINGML3L2No.ENTERTAINMENTJLBULEVAR.BLOK.M%2CPERMAI-14240
intl-1007-18844,TIMEZONE KOTA WISATA,Indonesia,,"Jl. Transyogi KM6, Perumahan Kota Wisata Cibubur 16968, K",-6.3804508,106.9540259,maimai DX International Version,maimai International official / ALL.Net,https://location.am-all.net/alm/location?gm=98&ct=1007&lang=en,https://location.am-all.net/alm/shop?gm=98&astep=1007&sid=18844&lang=en,False,https://www.google.com/maps/search/?api=1&query=TIMEZONE+KOTA+WISATA+Jl.+Transyogi+KM6%2C+Perumahan+Kota+Wisata+Cibubur+16968%2C+K
intl-1007-18945,TIMEZONE LA PIAZZA,Indonesia,,"Klp. Gading, Kota Jkt Utara, Daerah Khusus Ibukota Jakarta 14240",-6.1588448,106.8945456,maimai DX International Version,maimai International official / ALL.Net,https://location.am-all.net/alm/location?gm=98&ct=1007&lang=en,https://location.am-all.net/alm/shop?gm=98&astep=1007&sid=18945&lang=en,False,https://www.google.com/maps/search/?api=1&query=TIMEZONE+LA+PIAZZA+Klp.+Gading%2C+Kota+Jkt+Utara%2C+Daerah+Khusus+Ibukota+Jakarta+14240
intl-1007-18893,TIMEZONE LEVEL 21,Indonesia,,"Level 21 Mall Lt. 1, Jl. Teuku Umar No. 1 Denpasar",-8.6696985,115.2150664,maimai DX International Version,maimai International official / ALL.Net,https://location.am-all.net/alm/location?gm=98&ct=1007&lang=en,https://location.am-all.net/alm/shop?gm=98&astep=1007&sid=18893&lang=en,False,https://www.google.com/maps/search/?api=1&query=TIMEZONE+LEVEL+21+Level+21+Mall+Lt.+1%2C+Jl.+Teuku+Umar+No.+1+Denpasar
intl-1007-18848,TIMEZONE LIPPO MALL CIKARANG,Indonesia,,"Jalan M.H.Thamrin, Cibatu, Cikarang Sel., Bekasi, Jawa Barat",-6.3307487,107.1330016,maimai DX International Version,maimai International official / ALL.Net,https://location.am-all.net/alm/location?gm=98&ct=1007&lang=en,https://location.am-all.net/alm/shop?gm=98&astep=1007&sid=18848&lang=en,False,https://www.google.com/maps/search/?api=1&query=TIMEZONE+LIPPO+MALL+CIKARANG+Jalan+M.H.Thamrin%2C+Cibatu%2C+Cikarang+Sel.%2C+Bekasi%2C+Jawa+Barat
intl-1007-18846,TIMEZONE LIPPO MALL KEMANG,Indonesia,,"No.36,RT.12/RW5,Bangka,MampangPrpt.JakartaSelatan12150",-6.2613633,106.8145192,maimai DX International Version,maimai International official / ALL.Net,https://location.am-all.net/alm/location?gm=98&ct=1007&lang=en,https://location.am-all.net/alm/shop?gm=98&astep=1007&sid=18846&lang=en,False,https://www.google.com/maps/search/?api=1&query=TIMEZONE+LIPPO+MALL+KEMANG+No.36%2CRT.12%2FRW5%2CBangka%2CMampangPrpt.JakartaSelatan12150
intl-1007-20734,TIMEZONE LIPPO MALL PURI,Indonesia,,"LIPPO ML PURI,UNIT L1-07KEL KEMBANGAN SELATAN CBD PURI INDAH JKT",-6.190158,106.738733,maimai DX International Version,maimai International official / ALL.Net,https://location.am-all.net/alm/location?gm=98&ct=1007&lang=en,https://location.am-all.net/alm/shop?gm=98&astep=1007&sid=20734&lang=en,False,https://www.google.com/maps/search/?api=1&query=TIMEZONE+LIPPO+MALL+PURI+LIPPO+ML+PURI%2CUNIT+L1-07KEL+KEMBANGAN+SELATAN+CBD+PURI+INDAH+JKT
intl-1007-18800,TIMEZONE MAL CIPUTRA CIBUBUR,Indonesia,,"No.Km4,Jatikarya,Jatisampurna,Kota Bks,Jawa Barat 17435",-6.3829616,106.9181532,maimai DX International Version,maimai International official / ALL.Net,https://location.am-all.net/alm/location?gm=98&ct=1007&lang=en,https://location.am-all.net/alm/shop?gm=98&astep=1007&sid=18800&lang=en,False,https://www.google.com/maps/search/?api=1&query=TIMEZONE+MAL+CIPUTRA+CIBUBUR+No.Km4%2CJatikarya%2CJatisampurna%2CKota+Bks%2CJawa+Barat+17435
intl-1007-18799,TIMEZONE MAL RATU INDAH,Indonesia,,"Mamajang Luar,Mamajang,Kota Makassar,Sulawesi Selatan 90114",-5.146043,119.4164813,maimai DX International Version,maimai International official / ALL.Net,https://location.am-all.net/alm/location?gm=98&ct=1007&lang=en,https://location.am-all.net/alm/shop?gm=98&astep=1007&sid=18799&lang=en,False,https://www.google.com/maps/search/?api=1&query=TIMEZONE+MAL+RATU+INDAH+Mamajang+Luar%2CMamajang%2CKota+Makassar%2CSulawesi+Selatan+90114
intl-1007-18947,TIMEZONE MANADO TOWN SQUARE LT1,Indonesia,,"ManadoTownSquare Lantai 1,JI.Piere Tendean Boulevard Sario Utara",1.4723227,124.8319485,maimai DX International Version,maimai International official / ALL.Net,https://location.am-all.net/alm/location?gm=98&ct=1007&lang=en,https://location.am-all.net/alm/shop?gm=98&astep=1007&sid=18947&lang=en,False,https://www.google.com/maps/search/?api=1&query=TIMEZONE+MANADO+TOWN+SQUARE+LT1+ManadoTownSquare+Lantai+1%2CJI.Piere+Tendean+Boulevard+Sario+Utara
intl-1007-21301,TIMEZONE MARGO CITY MALL,Indonesia,,"MARGO CITY PLASA , JL. MARGONDARAYA NO 358 - DEPOK 16423",-6.3730937,106.8347512,maimai DX International Version,maimai International official / ALL.Net,https://location.am-all.net/alm/location?gm=98&ct=1007&lang=en,https://location.am-all.net/alm/shop?gm=98&astep=1007&sid=21301&lang=en,False,https://www.google.com/maps/search/?api=1&query=TIMEZONE+MARGO+CITY+MALL+MARGO+CITY+PLASA+%2C+JL.+MARGONDARAYA+NO+358+-+DEPOK+16423
intl-1007-20737,TIMEZONE MEDAN FAIR LT.4 NEW,Indonesia,,"Jl. Jend. Gatot Subroto, Medan, Sumatera Utara",3.581662,98.62671,maimai DX International Version,maimai International official / ALL.Net,https://location.am-all.net/alm/location?gm=98&ct=1007&lang=en,https://location.am-all.net/alm/shop?gm=98&astep=1007&sid=20737&lang=en,False,https://www.google.com/maps/search/?api=1&query=TIMEZONE+MEDAN+FAIR+LT.4+NEW+Jl.+Jend.+Gatot+Subroto%2C+Medan%2C+Sumatera+Utara
intl-1007-18798,TIMEZONE MEGA MAL BATAM,Indonesia,,"Jl. Engkau Putri, Batam 29461",1.1236806,104.0383027,maimai DX International Version,maimai International official / ALL.Net,https://location.am-all.net/alm/location?gm=98&ct=1007&lang=en,https://location.am-all.net/alm/shop?gm=98&astep=1007&sid=18798&lang=en,False,https://www.google.com/maps/search/?api=1&query=TIMEZONE+MEGA+MAL+BATAM+Jl.+Engkau+Putri%2C+Batam+29461
intl-1007-18845,TIMEZONE MENARA JAKARTA,Indonesia,,"Jl. Pekan Raya, Kemayoran, Jakarta, Indonesia",-6.1507108,106.8437329,maimai DX International Version,maimai International official / ALL.Net,https://location.am-all.net/alm/location?gm=98&ct=1007&lang=en,https://location.am-all.net/alm/shop?gm=98&astep=1007&sid=18845&lang=en,False,https://www.google.com/maps/search/?api=1&query=TIMEZONE+MENARA+JAKARTA+Jl.+Pekan+Raya%2C+Kemayoran%2C+Jakarta%2C+Indonesia
intl-1007-18822,TIMEZONE NIPAH,Indonesia,,"Jalan Urip Sumoharjo Km 5 Makassar, Sulawesi Selatan 90144",-5.1366701,119.4468493,maimai DX International Version,maimai International official / ALL.Net,https://location.am-all.net/alm/location?gm=98&ct=1007&lang=en,https://location.am-all.net/alm/shop?gm=98&astep=1007&sid=18822&lang=en,False,https://www.google.com/maps/search/?api=1&query=TIMEZONE+NIPAH+Jalan+Urip+Sumoharjo+Km+5+Makassar%2C+Sulawesi+Selatan+90144
intl-1007-18821,TIMEZONE PACIFIC PLACE,Indonesia,,"Jl.Jend.sudirman kav 52-53,Senayan,Kec.Kebayoran Baru,Jakarta",-6.2247181,106.8106879,maimai DX International Version,maimai International official / ALL.Net,https://location.am-all.net/alm/location?gm=98&ct=1007&lang=en,https://location.am-all.net/alm/shop?gm=98&astep=1007&sid=18821&lang=en,False,https://www.google.com/maps/search/?api=1&query=TIMEZONE+PACIFIC+PLACE+Jl.Jend.sudirman+kav+52-53%2CSenayan%2CKec.Kebayoran+Baru%2CJakarta
intl-1007-18797,TIMEZONE PAKUWON,Indonesia,,"Jl. Raya Lontar Timur, Pakuwon Indah, Surabaya, Jawa Timur 60227",-7.2838224,112.6679759,maimai DX International Version,maimai International official / ALL.Net,https://location.am-all.net/alm/location?gm=98&ct=1007&lang=en,https://location.am-all.net/alm/shop?gm=98&astep=1007&sid=18797&lang=en,False,https://www.google.com/maps/search/?api=1&query=TIMEZONE+PAKUWON+Jl.+Raya+Lontar+Timur%2C+Pakuwon+Indah%2C+Surabaya%2C+Jawa+Timur+60227
intl-1007-18948,TIMEZONE PARIS VAN JAVA,Indonesia,,"No131-139 Cipedes,Kec.Sukajadi Kota Bandung,JawaBarat 40162",-6.8844395,107.5908826,maimai DX International Version,maimai International official / ALL.Net,https://location.am-all.net/alm/location?gm=98&ct=1007&lang=en,https://location.am-all.net/alm/shop?gm=98&astep=1007&sid=18948&lang=en,False,https://www.google.com/maps/search/?api=1&query=TIMEZONE+PARIS+VAN+JAVA+No131-139+Cipedes%2CKec.Sukajadi+Kota+Bandung%2CJawaBarat+40162
intl-1007-18820,TIMEZONE PLAZA AMBARUKMO,Indonesia,,"Ambarukmo Plaza 3rd Floor,Jl.Laksda Adi Sucipto Jogjakarta 55281",-7.7823147,110.4013199,maimai DX International Version,maimai International official / ALL.Net,https://location.am-all.net/alm/location?gm=98&ct=1007&lang=en,https://location.am-all.net/alm/shop?gm=98&astep=1007&sid=18820&lang=en,False,https://www.google.com/maps/search/?api=1&query=TIMEZONE+PLAZA+AMBARUKMO+Ambarukmo+Plaza+3rd+Floor%2CJl.Laksda+Adi+Sucipto+Jogjakarta+55281
intl-1007-21073,TIMEZONE PLUIT EMPORIUM,Indonesia,,"EMPORIUM PLUIT MAL(KAWASAN CBD)LEMPORIUM PLUIT MAL(KAWASAN CBD)LT.4,PLUIT S.RAYA,JAKARTA UTARA",-6.12758088433719,106.790760820654,maimai DX International Version,maimai International official / ALL.Net,https://location.am-all.net/alm/location?gm=98&ct=1007&lang=en,https://location.am-all.net/alm/shop?gm=98&astep=1007&sid=21073&lang=en,False,https://www.google.com/maps/search/?api=1&query=TIMEZONE+PLUIT+EMPORIUM+EMPORIUM+PLUIT+MAL%28KAWASAN+CBD%29LEMPORIUM+PLUIT+MAL%28KAWASAN+CBD%29LT.4%2CPLUIT+S.RAYA%2CJAKARTA+UTARA
intl-1007-18949,TIMEZONE Q-MALL,Indonesia,,"Jl. Ahmad Yani KM 38, Banjarbaru 70714",-3.4300034,114.8490017,maimai DX International Version,maimai International official / ALL.Net,https://location.am-all.net/alm/location?gm=98&ct=1007&lang=en,https://location.am-all.net/alm/shop?gm=98&astep=1007&sid=18949&lang=en,False,https://www.google.com/maps/search/?api=1&query=TIMEZONE+Q-MALL+Jl.+Ahmad+Yani+KM+38%2C+Banjarbaru+70714
intl-1007-18894,TIMEZONE SUMMARECON BANDUNG,Indonesia,,"Summarecon Bandung,Kec. Gedebage, Kota Bandung, Jawa Barat 40295",-6.9594492,107.6946987,maimai DX International Version,maimai International official / ALL.Net,https://location.am-all.net/alm/location?gm=98&ct=1007&lang=en,https://location.am-all.net/alm/shop?gm=98&astep=1007&sid=18894&lang=en,False,https://www.google.com/maps/search/?api=1&query=TIMEZONE+SUMMARECON+BANDUNG+Summarecon+Bandung%2CKec.+Gedebage%2C+Kota+Bandung%2C+Jawa+Barat+40295
intl-1007-21072,TIMEZONE SUMMARECON BEKASI,Indonesia,,SUMARECONMAL BEKASI.JL.BOULEVARDAHMAD YANI BLOKM-BEKASI-17142,-6.22620008448644,107.000936535999,maimai DX International Version,maimai International official / ALL.Net,https://location.am-all.net/alm/location?gm=98&ct=1007&lang=en,https://location.am-all.net/alm/shop?gm=98&astep=1007&sid=21072&lang=en,False,https://www.google.com/maps/search/?api=1&query=TIMEZONE+SUMMARECON+BEKASI+SUMARECONMAL+BEKASI.JL.BOULEVARDAHMAD+YANI+BLOKM-BEKASI-17142
intl-1007-20735,TIMEZONE SUMMARECON SERPONG,Indonesia,,SUMARECON MAL SERPONG LT 2.JL.BOULEVARD CENTRA GADING SERPONG,-6.241002,106.628151,maimai DX International Version,maimai International official / ALL.Net,https://location.am-all.net/alm/location?gm=98&ct=1007&lang=en,https://location.am-all.net/alm/shop?gm=98&astep=1007&sid=20735&lang=en,False,https://www.google.com/maps/search/?api=1&query=TIMEZONE+SUMMARECON+SERPONG+SUMARECON+MAL+SERPONG+LT+2.JL.BOULEVARD+CENTRA+GADING+SERPONG
intl-1007-18850,TIMEZONE SUN PLAZA LT.4,Indonesia,,"Jl. KH. Zainul Arifin No. 7, Medan, Sumatera Utara 20152",3.583259,98.6717075,maimai DX International Version,maimai International official / ALL.Net,https://location.am-all.net/alm/location?gm=98&ct=1007&lang=en,https://location.am-all.net/alm/shop?gm=98&astep=1007&sid=18850&lang=en,False,https://www.google.com/maps/search/?api=1&query=TIMEZONE+SUN+PLAZA+LT.4+Jl.+KH.+Zainul+Arifin+No.+7%2C+Medan%2C+Sumatera+Utara+20152
intl-1007-21074,TIMEZONE SUPERMALL KARAWACI,Indonesia,,"L.S.KARAWACI LT.DASAR,105BULEVAR00-00LIPPO KARAWACI1200TANGERANG",-6.22707494088065,106.607045025934,maimai DX International Version,maimai International official / ALL.Net,https://location.am-all.net/alm/location?gm=98&ct=1007&lang=en,https://location.am-all.net/alm/shop?gm=98&astep=1007&sid=21074&lang=en,False,https://www.google.com/maps/search/?api=1&query=TIMEZONE+SUPERMALL+KARAWACI+L.S.KARAWACI+LT.DASAR%2C105BULEVAR00-00LIPPO+KARAWACI1200TANGERANG
intl-1007-18849,TIMEZONE TAMAN ANGGREK,Indonesia,,"Jl. Letjen S. Parman Grogol petamburan, Kota Jakarta Barat 11470",-6.1744961,106.7908646,maimai DX International Version,maimai International official / ALL.Net,https://location.am-all.net/alm/location?gm=98&ct=1007&lang=en,https://location.am-all.net/alm/shop?gm=98&astep=1007&sid=18849&lang=en,False,https://www.google.com/maps/search/?api=1&query=TIMEZONE+TAMAN+ANGGREK+Jl.+Letjen+S.+Parman+Grogol+petamburan%2C+Kota+Jakarta+Barat+11470
intl-1007-18940,TIMEZONE TRANS STUDIO BANDUNG,Indonesia,,"Jl. Gatot Subroto No.289A, Cibangkong, Kota Bandung,40273",-6.9249233,107.6367009,maimai DX International Version,maimai International official / ALL.Net,https://location.am-all.net/alm/location?gm=98&ct=1007&lang=en,https://location.am-all.net/alm/shop?gm=98&astep=1007&sid=18940&lang=en,False,https://www.google.com/maps/search/?api=1&query=TIMEZONE+TRANS+STUDIO+BANDUNG+Jl.+Gatot+Subroto+No.289A%2C+Cibangkong%2C+Kota+Bandung%2C40273
intl-1007-18950,TIMEZONE TRANS STUDIO MAL BALI,Indonesia,,JL. IMAM BONJOL NO.440 80361 DENPASAR BALI,-8.7018086,115.1828021,maimai DX International Version,maimai International official / ALL.Net,https://location.am-all.net/alm/location?gm=98&ct=1007&lang=en,https://location.am-all.net/alm/shop?gm=98&astep=1007&sid=18950&lang=en,False,https://www.google.com/maps/search/?api=1&query=TIMEZONE+TRANS+STUDIO+MAL+BALI+JL.+IMAM+BONJOL+NO.440+80361+DENPASAR+BALI
intl-1007-18566,TRANS STUDIO MALL MAKASSAR,Indonesia,,"Jl Metro, Tanjung Bunga No.28, Daerah Maccini Sombala, Tamalate",-5.1594883,119.3963915,maimai DX International Version,maimai International official / ALL.Net,https://location.am-all.net/alm/location?gm=98&ct=1007&lang=en,https://location.am-all.net/alm/shop?gm=98&astep=1007&sid=18566&lang=en,False,https://www.google.com/maps/search/?api=1&query=TRANS+STUDIO+MALL+MAKASSAR+Jl+Metro%2C+Tanjung+Bunga+No.28%2C+Daerah+Maccini+Sombala%2C+Tamalate
intl-1005-19869,BBOGGIBBOGGI GAMELAND,Korea,,"462-1, Buil-ro, Bucheon-si, Gyeonggi-do",37.4858705,126.7815104,maimai DX International Version,maimai International official / ALL.Net,https://location.am-all.net/alm/location?gm=98&ct=1005&lang=en,https://location.am-all.net/alm/shop?gm=98&astep=1005&sid=19869&lang=en,False,https://www.google.com/maps/search/?api=1&query=BBOGGIBBOGGI+GAMELAND+462-1%2C+Buil-ro%2C+Bucheon-si%2C+Gyeonggi-do
intl-1005-19597,BEATLAB T,Korea,,1029，Dongil-ro，Nowon-gu，Seoul,37.6219281,127.0738431,maimai DX International Version,maimai International official / ALL.Net,https://location.am-all.net/alm/location?gm=98&ct=1005&lang=en,https://location.am-all.net/alm/shop?gm=98&astep=1005&sid=19597&lang=en,False,https://www.google.com/maps/search/?api=1&query=BEATLAB+T+1029%EF%BC%8CDongil-ro%EF%BC%8CNowon-gu%EF%BC%8CSeoul
intl-1005-20457,BEOMGYE GAME HEAVEN,Korea,,"55,Pyeongchon-daero223beon-gil,Dongan-gu, Anyang-si,Gyeonggi-do",37.3926298,126.9768046,maimai DX International Version,maimai International official / ALL.Net,https://location.am-all.net/alm/location?gm=98&ct=1005&lang=en,https://location.am-all.net/alm/shop?gm=98&astep=1005&sid=20457&lang=en,False,https://www.google.com/maps/search/?api=1&query=BEOMGYE+GAME+HEAVEN+55%2CPyeongchon-daero223beon-gil%2CDongan-gu%2C+Anyang-si%2CGyeonggi-do
intl-1005-19848,BIG GAME LAND,Korea,,"120-1, Gumijungang-ro, Gumi-si,Gyeongsangbuk-do",36.1269696,128.335257,maimai DX International Version,maimai International official / ALL.Net,https://location.am-all.net/alm/location?gm=98&ct=1005&lang=en,https://location.am-all.net/alm/shop?gm=98&astep=1005&sid=19848&lang=en,False,https://www.google.com/maps/search/?api=1&query=BIG+GAME+LAND+120-1%2C+Gumijungang-ro%2C+Gumi-si%2CGyeongsangbuk-do
intl-1005-20461,BUCHEON ATTACK,Korea,,"28, Buil-ro 469beon-gil, Bucheon-si, Gyeonggi-do",37.4870906,126.7828212,maimai DX International Version,maimai International official / ALL.Net,https://location.am-all.net/alm/location?gm=98&ct=1005&lang=en,https://location.am-all.net/alm/shop?gm=98&astep=1005&sid=20461&lang=en,False,https://www.google.com/maps/search/?api=1&query=BUCHEON+ATTACK+28%2C+Buil-ro+469beon-gil%2C+Bucheon-si%2C+Gyeonggi-do
intl-1005-20240,BUSAN BOW GAME,Korea,,"48-2, Geumjeong-ro 60beon-gil, Geumjeong-gu, Busan",35.2292051,129.0889504,maimai DX International Version,maimai International official / ALL.Net,https://location.am-all.net/alm/location?gm=98&ct=1005&lang=en,https://location.am-all.net/alm/shop?gm=98&astep=1005&sid=20240&lang=en,False,https://www.google.com/maps/search/?api=1&query=BUSAN+BOW+GAME+48-2%2C+Geumjeong-ro+60beon-gil%2C+Geumjeong-gu%2C+Busan
intl-1005-19580,CYMUSIC GAMEWORLD,Korea,,62，Gungdong-ro 18beon-gil，Yuseong-gu，Daejeon,36.3626742,127.3507811,maimai DX International Version,maimai International official / ALL.Net,https://location.am-all.net/alm/location?gm=98&ct=1005&lang=en,https://location.am-all.net/alm/shop?gm=98&astep=1005&sid=19580&lang=en,False,https://www.google.com/maps/search/?api=1&query=CYMUSIC+GAMEWORLD+62%EF%BC%8CGungdong-ro+18beon-gil%EF%BC%8CYuseong-gu%EF%BC%8CDaejeon
intl-1005-19871,FUNNYLAND,Korea,,"46-1, Eoulmadang-ro, Mapo-gu, Seoul",37.5491266,126.921008,maimai DX International Version,maimai International official / ALL.Net,https://location.am-all.net/alm/location?gm=98&ct=1005&lang=en,https://location.am-all.net/alm/shop?gm=98&astep=1005&sid=19871&lang=en,False,https://www.google.com/maps/search/?api=1&query=FUNNYLAND+46-1%2C+Eoulmadang-ro%2C+Mapo-gu%2C+Seoul
intl-1005-19479,G2ZONE YEONGDEUNGPO,Korea,,"16, Yeongjung-ro 4-gil, Yeongdeungpo-gu, Seoul, Korea",37.5172567,126.9080386,maimai DX International Version,maimai International official / ALL.Net,https://location.am-all.net/alm/location?gm=98&ct=1005&lang=en,https://location.am-all.net/alm/shop?gm=98&astep=1005&sid=19479&lang=en,False,https://www.google.com/maps/search/?api=1&query=G2ZONE+YEONGDEUNGPO+16%2C+Yeongjung-ro+4-gil%2C+Yeongdeungpo-gu%2C+Seoul%2C+Korea
intl-1005-20265,GAME LAND,Korea,,"B1,38,Hwasin-ro272beon-gil,Deogyang-gu,Goyang-si,Gyeonggi-do",37.6874014,126.864964,maimai DX International Version,maimai International official / ALL.Net,https://location.am-all.net/alm/location?gm=98&ct=1005&lang=en,https://location.am-all.net/alm/shop?gm=98&astep=1005&sid=20265&lang=en,False,https://www.google.com/maps/search/?api=1&query=GAME+LAND+B1%2C38%2CHwasin-ro272beon-gil%2CDeogyang-gu%2CGoyang-si%2CGyeonggi-do
intl-1005-19855,GAME PLUS,Korea,,"11, Pyeonghwa-ro 542beon-gil, Uijeongbu-si, Gyeonggi-do",37.74054,127.0481124,maimai DX International Version,maimai International official / ALL.Net,https://location.am-all.net/alm/location?gm=98&ct=1005&lang=en,https://location.am-all.net/alm/shop?gm=98&astep=1005&sid=19855&lang=en,False,https://www.google.com/maps/search/?api=1&query=GAME+PLUS+11%2C+Pyeonghwa-ro+542beon-gil%2C+Uijeongbu-si%2C+Gyeonggi-do
intl-1005-20241,GAME-D,Korea,,"10,Suyeong-ro 298beon-gil,Nam-gu,Busan",35.1362742,129.0989805,maimai DX International Version,maimai International official / ALL.Net,https://location.am-all.net/alm/location?gm=98&ct=1005&lang=en,https://location.am-all.net/alm/shop?gm=98&astep=1005&sid=20241&lang=en,False,https://www.google.com/maps/search/?api=1&query=GAME-D+10%2CSuyeong-ro+298beon-gil%2CNam-gu%2CBusan
intl-1005-18363,GLITCH,Korea,,"37, Unsu-ro, Imsil-eup, Imsil-gun, Jeonbuk-do",,,maimai DX International Version,maimai International official / ALL.Net,https://location.am-all.net/alm/location?gm=98&ct=1005&lang=en,https://location.am-all.net/alm/shop?gm=98&astep=1005&sid=18363&lang=en,True,https://www.google.com/maps/search/?api=1&query=GLITCH+37%2C+Unsu-ro%2C+Imsil-eup%2C+Imsil-gun%2C+Jeonbuk-do
intl-1005-20251,GUNSAN JOYPLAZA,Korea,,"527, Daehak-ro, Gunsan-si, Jeollabuk-do",35.9481983,126.6854737,maimai DX International Version,maimai International official / ALL.Net,https://location.am-all.net/alm/location?gm=98&ct=1005&lang=en,https://location.am-all.net/alm/shop?gm=98&astep=1005&sid=20251&lang=en,False,https://www.google.com/maps/search/?api=1&query=GUNSAN+JOYPLAZA+527%2C+Daehak-ro%2C+Gunsan-si%2C+Jeollabuk-do
intl-1005-20319,GWANGJU GAMEPLAZA,Korea,,"5, Chungjangnoan-gil, Dong-gu, Gwangju",35.1461042,126.9231228,maimai DX International Version,maimai International official / ALL.Net,https://location.am-all.net/alm/location?gm=98&ct=1005&lang=en,https://location.am-all.net/alm/shop?gm=98&astep=1005&sid=20319&lang=en,False,https://www.google.com/maps/search/?api=1&query=GWANGJU+GAMEPLAZA+5%2C+Chungjangnoan-gil%2C+Dong-gu%2C+Gwangju
intl-1005-20454,JINJU GAME LAND,Korea,,"42-7, Angol-ro 63beon-gil, Guri-si, Gyeonggi-do",37.5995494,127.1386631,maimai DX International Version,maimai International official / ALL.Net,https://location.am-all.net/alm/location?gm=98&ct=1005&lang=en,https://location.am-all.net/alm/shop?gm=98&astep=1005&sid=20454&lang=en,False,https://www.google.com/maps/search/?api=1&query=JINJU+GAME+LAND+42-7%2C+Angol-ro+63beon-gil%2C+Guri-si%2C+Gyeonggi-do
intl-1005-18723,JINJU JOYPLAZA,Korea,,"34, Dongjin-ro, Jinju-si, Gyeongsangnam-do, Republic of Korea",35.1787595,128.0946751,maimai DX International Version,maimai International official / ALL.Net,https://location.am-all.net/alm/location?gm=98&ct=1005&lang=en,https://location.am-all.net/alm/shop?gm=98&astep=1005&sid=18723&lang=en,False,https://www.google.com/maps/search/?api=1&query=JINJU+JOYPLAZA+34%2C+Dongjin-ro%2C+Jinju-si%2C+Gyeongsangnam-do%2C+Republic+of+Korea
intl-1005-18623,JJANGGU GAMES,Korea,,"2F, 623, Gilju-ro, Bupyeong-gu,Incheon",37.507883,126.7320463,maimai DX International Version,maimai International official / ALL.Net,https://location.am-all.net/alm/location?gm=98&ct=1005&lang=en,https://location.am-all.net/alm/shop?gm=98&astep=1005&sid=18623&lang=en,False,https://www.google.com/maps/search/?api=1&query=JJANGGU+GAMES+2F%2C+623%2C+Gilju-ro%2C+Bupyeong-gu%2CIncheon
intl-1005-19762,JUAN CPU,Korea,,"31, Michuhol-daero 734beon-gil,Michuhol-gu, Incheon",37.4630241,126.6821976,maimai DX International Version,maimai International official / ALL.Net,https://location.am-all.net/alm/location?gm=98&ct=1005&lang=en,https://location.am-all.net/alm/shop?gm=98&astep=1005&sid=19762&lang=en,False,https://www.google.com/maps/search/?api=1&query=JUAN+CPU+31%2C+Michuhol-daero+734beon-gil%2CMichuhol-gu%2C+Incheon
intl-1005-20482,KONKUK FUN CITY,Korea,,"81, Dongil-ro 22-gil, Gwangjin-gu, Seoul",37.5414065,127.068776,maimai DX International Version,maimai International official / ALL.Net,https://location.am-all.net/alm/location?gm=98&ct=1005&lang=en,https://location.am-all.net/alm/shop?gm=98&astep=1005&sid=20482&lang=en,False,https://www.google.com/maps/search/?api=1&query=KONKUK+FUN+CITY+81%2C+Dongil-ro+22-gil%2C+Gwangjin-gu%2C+Seoul
intl-1005-20437,MASAN NEW WORLD GAME,Korea,,"6,Hapseongseo4-gil,Masanhoewon-gu,Changwon-si,Gyeongsangnam-do",35.2206349,128.5795296,maimai DX International Version,maimai International official / ALL.Net,https://location.am-all.net/alm/location?gm=98&ct=1005&lang=en,https://location.am-all.net/alm/shop?gm=98&astep=1005&sid=20437&lang=en,False,https://www.google.com/maps/search/?api=1&query=MASAN+NEW+WORLD+GAME+6%2CHapseongseo4-gil%2CMasanhoewon-gu%2CChangwon-si%2CGyeongsangnam-do
intl-1005-19890,NOLJA GAME,Korea,,"2F, 18, Jungang-daero 81-gil, Jung-gu, Daegu",35.8698745,128.5926402,maimai DX International Version,maimai International official / ALL.Net,https://location.am-all.net/alm/location?gm=98&ct=1005&lang=en,https://location.am-all.net/alm/shop?gm=98&astep=1005&sid=19890&lang=en,False,https://www.google.com/maps/search/?api=1&query=NOLJA+GAME+2F%2C+18%2C+Jungang-daero+81-gil%2C+Jung-gu%2C+Daegu
intl-1005-20468,NORYANGJIN AMUSETOWN,Korea,,"26, Manyang-ro 14ga-gil, Dongjak-gu, Seoul",37.5127094,126.9449436,maimai DX International Version,maimai International official / ALL.Net,https://location.am-all.net/alm/location?gm=98&ct=1005&lang=en,https://location.am-all.net/alm/shop?gm=98&astep=1005&sid=20468&lang=en,False,https://www.google.com/maps/search/?api=1&query=NORYANGJIN+AMUSETOWN+26%2C+Manyang-ro+14ga-gil%2C+Dongjak-gu%2C+Seoul
intl-1005-18834,PAPER STUDIO,Korea,,"85, Bongujae-ro 33-gil, Jungnang-gu, Seoul, Republic of Korea",37.5959378,127.0895616,maimai DX International Version,maimai International official / ALL.Net,https://location.am-all.net/alm/location?gm=98&ct=1005&lang=en,https://location.am-all.net/alm/shop?gm=98&astep=1005&sid=18834&lang=en,False,https://www.google.com/maps/search/?api=1&query=PAPER+STUDIO+85%2C+Bongujae-ro+33-gil%2C+Jungnang-gu%2C+Seoul%2C+Republic+of+Korea
intl-1005-20443,ROYAL GAME,Korea,,"454-1, Jungang-daero, Jung-gu, Daegu",35.8735075,128.5948787,maimai DX International Version,maimai International official / ALL.Net,https://location.am-all.net/alm/location?gm=98&ct=1005&lang=en,https://location.am-all.net/alm/shop?gm=98&astep=1005&sid=20443&lang=en,False,https://www.google.com/maps/search/?api=1&query=ROYAL+GAME+454-1%2C+Jungang-daero%2C+Jung-gu%2C+Daegu
intl-1005-20439,SAMBO R GAME,Korea,,"69, Seojeon-ro 10beon-gil, Busanjin-gu, Busan",35.1552641,129.0606925,maimai DX International Version,maimai International official / ALL.Net,https://location.am-all.net/alm/location?gm=98&ct=1005&lang=en,https://location.am-all.net/alm/shop?gm=98&astep=1005&sid=20439&lang=en,False,https://www.google.com/maps/search/?api=1&query=SAMBO+R+GAME+69%2C+Seojeon-ro+10beon-gil%2C+Busanjin-gu%2C+Busan
intl-1005-20478,SAMSEONGYO WOORI 2,Korea,,"14, Samseongyo-ro 10-gil, Seongbuk-gu, Seoul",37.5873226,127.0090045,maimai DX International Version,maimai International official / ALL.Net,https://location.am-all.net/alm/location?gm=98&ct=1005&lang=en,https://location.am-all.net/alm/shop?gm=98&astep=1005&sid=20478&lang=en,False,https://www.google.com/maps/search/?api=1&query=SAMSEONGYO+WOORI+2+14%2C+Samseongyo-ro+10-gil%2C+Seongbuk-gu%2C+Seoul
intl-1005-20476,SINCHEON PPYONGPPYONG GAME LAND,Korea,,"46, Baekjegobun-ro 7-gil, Songpa-gu, Seoul",37.510478,127.0838773,maimai DX International Version,maimai International official / ALL.Net,https://location.am-all.net/alm/location?gm=98&ct=1005&lang=en,https://location.am-all.net/alm/shop?gm=98&astep=1005&sid=20476&lang=en,False,https://www.google.com/maps/search/?api=1&query=SINCHEON+PPYONGPPYONG+GAME+LAND+46%2C+Baekjegobun-ro+7-gil%2C+Songpa-gu%2C+Seoul
intl-1005-18835,SMILE GAMECENTER,Korea,,"2,Beodeul-ro,Dongnam-gu,Cheonan-si,Chungcheongnam-do,Korea",36.8095802,127.1485068,maimai DX International Version,maimai International official / ALL.Net,https://location.am-all.net/alm/location?gm=98&ct=1005&lang=en,https://location.am-all.net/alm/shop?gm=98&astep=1005&sid=18835&lang=en,False,https://www.google.com/maps/search/?api=1&query=SMILE+GAMECENTER+2%2CBeodeul-ro%2CDongnam-gu%2CCheonan-si%2CChungcheongnam-do%2CKorea
intl-1005-20444,SUNCHEON GREENPIA,Korea,,"110, Yeonhyangbeonyeong-gil, Suncheon-si, Jeollanam-do",34.9516625,127.5185423,maimai DX International Version,maimai International official / ALL.Net,https://location.am-all.net/alm/location?gm=98&ct=1005&lang=en,https://location.am-all.net/alm/shop?gm=98&astep=1005&sid=20444&lang=en,False,https://www.google.com/maps/search/?api=1&query=SUNCHEON+GREENPIA+110%2C+Yeonhyangbeonyeong-gil%2C+Suncheon-si%2C+Jeollanam-do
intl-1005-20417,THE BUNKER GAMEZONE,Korea,,"34, Daehak-ro, Yuseong-gu, Daejeon",36.3564331,127.3430268,maimai DX International Version,maimai International official / ALL.Net,https://location.am-all.net/alm/location?gm=98&ct=1005&lang=en,https://location.am-all.net/alm/shop?gm=98&astep=1005&sid=20417&lang=en,False,https://www.google.com/maps/search/?api=1&query=THE+BUNKER+GAMEZONE+34%2C+Daehak-ro%2C+Yuseong-gu%2C+Daejeon
intl-1005-18433,VISION,Korea,,"B1, 11, Nohae-ro, Gangbuk-gu, Seoul, Republic of Korea",37.6366182,127.022733,maimai DX International Version,maimai International official / ALL.Net,https://location.am-all.net/alm/location?gm=98&ct=1005&lang=en,https://location.am-all.net/alm/shop?gm=98&astep=1005&sid=18433&lang=en,False,https://www.google.com/maps/search/?api=1&query=VISION+B1%2C+11%2C+Nohae-ro%2C+Gangbuk-gu%2C+Seoul%2C+Republic+of+Korea
intl-1005-20475,YEONGDEUNGPO ACTION,Korea,,"15,YEONGJUNG-RO,YEONGDEUNGPO-GU,SEOUL",37.517007,126.9041419,maimai DX International Version,maimai International official / ALL.Net,https://location.am-all.net/alm/location?gm=98&ct=1005&lang=en,https://location.am-all.net/alm/shop?gm=98&astep=1005&sid=20475&lang=en,False,https://www.google.com/maps/search/?api=1&query=YEONGDEUNGPO+ACTION+15%2CYEONGJUNG-RO%2CYEONGDEUNGPO-GU%2CSEOUL
intl-1005-20156,YEONGTONG JJANG,Korea,,"111, 30, BANDAL-RO 7BEON-GIL, YEONGTONG-GU, SUWON-SI,GYEONGGI-DO",37.2531471,127.0748957,maimai DX International Version,maimai International official / ALL.Net,https://location.am-all.net/alm/location?gm=98&ct=1005&lang=en,https://location.am-all.net/alm/shop?gm=98&astep=1005&sid=20156&lang=en,False,https://www.google.com/maps/search/?api=1&query=YEONGTONG+JJANG+111%2C+30%2C+BANDAL-RO+7BEON-GIL%2C+YEONGTONG-GU%2C+SUWON-SI%2CGYEONGGI-DO
intl-1005-20469,YEONSINNAE JJANGGU GAME,Korea,,"8-8, Yeonseo-ro 29-gil, Eunpyeong-gu, Seoul",37.6189525,126.9196972,maimai DX International Version,maimai International official / ALL.Net,https://location.am-all.net/alm/location?gm=98&ct=1005&lang=en,https://location.am-all.net/alm/shop?gm=98&astep=1005&sid=20469&lang=en,False,https://www.google.com/maps/search/?api=1&query=YEONSINNAE+JJANGGU+GAME+8-8%2C+Yeonseo-ro+29-gil%2C+Eunpyeong-gu%2C+Seoul
intl-1005-20205,ZZANG GAME DAEGU DONGSUNG-RO,Korea,,"35-1, Dongseong-ro, Jung-gu, Daegu",35.8700487,128.5955018,maimai DX International Version,maimai International official / ALL.Net,https://location.am-all.net/alm/location?gm=98&ct=1005&lang=en,https://location.am-all.net/alm/shop?gm=98&astep=1005&sid=20205&lang=en,False,https://www.google.com/maps/search/?api=1&query=ZZANG+GAME+DAEGU+DONGSUNG-RO+35-1%2C+Dongseong-ro%2C+Jung-gu%2C+Daegu
intl-1005-19668,ZZANG GAME DONGSUNG-RO 2ND,Korea,,1F 36，Dongseong-ro 6-gil，Jung-gu，Daegu，Korea,35.8685735,128.5972614,maimai DX International Version,maimai International official / ALL.Net,https://location.am-all.net/alm/location?gm=98&ct=1005&lang=en,https://location.am-all.net/alm/shop?gm=98&astep=1005&sid=19668&lang=en,False,https://www.google.com/maps/search/?api=1&query=ZZANG+GAME+DONGSUNG-RO+2ND+1F+36%EF%BC%8CDongseong-ro+6-gil%EF%BC%8CJung-gu%EF%BC%8CDaegu%EF%BC%8CKorea
intl-1005-18599,ZZANG GAME YONGSAN I-PARK MALL,Korea,,"7F, 55, Hangang-daero 23-gil, Yongsan-gu",37.529557,126.9641567,maimai DX International Version,maimai International official / ALL.Net,https://location.am-all.net/alm/location?gm=98&ct=1005&lang=en,https://location.am-all.net/alm/shop?gm=98&astep=1005&sid=18599&lang=en,False,https://www.google.com/maps/search/?api=1&query=ZZANG+GAME+YONGSAN+I-PARK+MALL+7F%2C+55%2C+Hangang-daero+23-gil%2C+Yongsan-gu
intl-1005-20471,ZZANG ORAKSIL HONGDAE,Korea,,"69, Eoulmadang-ro, Mapo-gu, Seoul",37.5512385,126.9210941,maimai DX International Version,maimai International official / ALL.Net,https://location.am-all.net/alm/location?gm=98&ct=1005&lang=en,https://location.am-all.net/alm/shop?gm=98&astep=1005&sid=20471&lang=en,False,https://www.google.com/maps/search/?api=1&query=ZZANG+ORAKSIL+HONGDAE+69%2C+Eoulmadang-ro%2C+Mapo-gu%2C+Seoul
intl-1008-19096,BEEBEE LAND,Macau,,"R92A, 2F, H853 Fun Factory, Lisboeta, Macau",22.1415633,113.5729178,maimai DX International Version,maimai International official / ALL.Net,https://location.am-all.net/alm/location?gm=98&ct=1008&lang=en,https://location.am-all.net/alm/shop?gm=98&astep=1008&sid=19096&lang=en,False,https://www.google.com/maps/search/?api=1&query=BEEBEE+LAND+R92A%2C+2F%2C+H853+Fun+Factory%2C+Lisboeta%2C+Macau
intl-1008-24124,GAME WORLD(CHIAO KUONG),Macau,,"R.GRACIOSA 57 R/C+SL, FLAT H,ED. IND. CHIAO KUONG, MACAU",22.210261445944,113.552542111048,maimai DX International Version,maimai International official / ALL.Net,https://location.am-all.net/alm/location?gm=98&ct=1008&lang=en,https://location.am-all.net/alm/shop?gm=98&astep=1008&sid=24124&lang=en,False,https://www.google.com/maps/search/?api=1&query=GAME+WORLD%28CHIAO+KUONG%29+R.GRACIOSA+57+R%2FC%2BSL%2C+FLAT+H%2CED.+IND.+CHIAO+KUONG%2C+MACAU
intl-1008-19358,YURAKUCHO,Macau,,"N 5-7A,Rua de Sacadura Cabral N14-18B,R/C E,EDF.POU SENG",22.1991168,113.5469361,maimai DX International Version,maimai International official / ALL.Net,https://location.am-all.net/alm/location?gm=98&ct=1008&lang=en,https://location.am-all.net/alm/shop?gm=98&astep=1008&sid=19358&lang=en,False,https://www.google.com/maps/search/?api=1&query=YURAKUCHO+N+5-7A%2CRua+de+Sacadura+Cabral+N14-18B%2CR%2FC+E%2CEDF.POU+SENG
intl-1004-18684,AEON IPOH STATION 18,Malaysia,,"S32, AEON Ipoh 18 Shopping Centre, No2, Jalan Susuran Stesen 18",4.5472687,101.0687007,maimai DX International Version,maimai International official / ALL.Net,https://location.am-all.net/alm/location?gm=98&ct=1004&lang=en,https://location.am-all.net/alm/shop?gm=98&astep=1004&sid=18684&lang=en,False,https://www.google.com/maps/search/?api=1&query=AEON+IPOH+STATION+18+S32%2C+AEON+Ipoh+18+Shopping+Centre%2C+No2%2C+Jalan+Susuran+Stesen+18
intl-1004-18569,AEON MALL NILAI,Malaysia,,"LotS01, 2nd Floor, Persiaran Pusat Bandar Putra Point, 71800",2.8182299,101.7883967,maimai DX International Version,maimai International official / ALL.Net,https://location.am-all.net/alm/location?gm=98&ct=1004&lang=en,https://location.am-all.net/alm/shop?gm=98&astep=1004&sid=18569&lang=en,False,https://www.google.com/maps/search/?api=1&query=AEON+MALL+NILAI+LotS01%2C+2nd+Floor%2C+Persiaran+Pusat+Bandar+Putra+Point%2C+71800
intl-1004-18570,AMAN CENTRAL,Malaysia,,"Lot 3-25, Level 3, No.1 Aman Central, Lebuhraya Darulaman, 05100",6.1248637,100.3667935,maimai DX International Version,maimai International official / ALL.Net,https://location.am-all.net/alm/location?gm=98&ct=1004&lang=en,https://location.am-all.net/alm/shop?gm=98&astep=1004&sid=18570&lang=en,False,https://www.google.com/maps/search/?api=1&query=AMAN+CENTRAL+Lot+3-25%2C+Level+3%2C+No.1+Aman+Central%2C+Lebuhraya+Darulaman%2C+05100
intl-1004-19076,CAPCOM STATION SABAH,Malaysia,,"Lot P4-P7, 4th Floor, Palm Square, Centre Point Sabah, 88000,",5.97819,116.07188,maimai DX International Version,maimai International official / ALL.Net,https://location.am-all.net/alm/location?gm=98&ct=1004&lang=en,https://location.am-all.net/alm/shop?gm=98&astep=1004&sid=19076&lang=en,False,https://www.google.com/maps/search/?api=1&query=CAPCOM+STATION+SABAH+Lot+P4-P7%2C+4th+Floor%2C+Palm+Square%2C+Centre+Point+Sabah%2C+88000%2C
intl-1004-24199,COBAY 1U CROSS FIRE,Malaysia,,"5F,1U SC.,1LEBUH BDR UTAMA,BDR UTAMA,PETALING JAYA,SELANGOR",3.15035380251033,101.615866057672,maimai DX International Version,maimai International official / ALL.Net,https://location.am-all.net/alm/location?gm=98&ct=1004&lang=en,https://location.am-all.net/alm/shop?gm=98&astep=1004&sid=24199&lang=en,False,https://www.google.com/maps/search/?api=1&query=COBAY+1U+CROSS+FIRE+5F%2C1U+SC.%2C1LEBUH+BDR+UTAMA%2CBDR+UTAMA%2CPETALING+JAYA%2CSELANGOR
intl-1004-19798,COBAY DPULSE CYBERJAYA,Malaysia,,"LOT SF08 DPULSE SC,CYBER12,63000 CYBERJAYA,SELANGOR",2.9221743,101.6510948,maimai DX International Version,maimai International official / ALL.Net,https://location.am-all.net/alm/location?gm=98&ct=1004&lang=en,https://location.am-all.net/alm/shop?gm=98&astep=1004&sid=19798&lang=en,False,https://www.google.com/maps/search/?api=1&query=COBAY+DPULSE+CYBERJAYA+LOT+SF08+DPULSE+SC%2CCYBER12%2C63000+CYBERJAYA%2CSELANGOR
intl-1004-23862,COBAY WANGSA WALK,Malaysia,,"TINGKAT2,WANGSA WALK1,JL.WANGSADELIMA12,WANGSA MAJU,KL.",3.19755264267931,101.7416211,maimai DX International Version,maimai International official / ALL.Net,https://location.am-all.net/alm/location?gm=98&ct=1004&lang=en,https://location.am-all.net/alm/shop?gm=98&astep=1004&sid=23862&lang=en,False,https://www.google.com/maps/search/?api=1&query=COBAY+WANGSA+WALK+TINGKAT2%2CWANGSA+WALK1%2CJL.WANGSADELIMA12%2CWANGSA+MAJU%2CKL.
intl-1004-18634,COW PLAY COW MOO BUKIT BINTANG,Malaysia,,"T5-T8 3rd Floor Lot 10, Shopping Centre, 50, Jalan Sultan Ismail",3.1466072,101.7116219,maimai DX International Version,maimai International official / ALL.Net,https://location.am-all.net/alm/location?gm=98&ct=1004&lang=en,https://location.am-all.net/alm/shop?gm=98&astep=1004&sid=18634&lang=en,False,https://www.google.com/maps/search/?api=1&query=COW+PLAY+COW+MOO+BUKIT+BINTANG+T5-T8+3rd+Floor+Lot+10%2C+Shopping+Centre%2C+50%2C+Jalan+Sultan+Ismail
intl-1004-18635,COW PLAY COW MOO SUTERA MALL,Malaysia,,LG001-003 Sutera Mall 1 Jalan Sutera Tanjung 8/4,1.517129,103.6714742,maimai DX International Version,maimai International official / ALL.Net,https://location.am-all.net/alm/location?gm=98&ct=1004&lang=en,https://location.am-all.net/alm/shop?gm=98&astep=1004&sid=18635&lang=en,False,https://www.google.com/maps/search/?api=1&query=COW+PLAY+COW+MOO+SUTERA+MALL+LG001-003+Sutera+Mall+1+Jalan+Sutera+Tanjung+8%2F4
intl-1004-18588,CPCM BANDAR PUCHONG,Malaysia,,"ET3-2 3rdFlr IOIMall Puchong, Puchong Jaya 47170",3.0463256,101.6183585,maimai DX International Version,maimai International official / ALL.Net,https://location.am-all.net/alm/location?gm=98&ct=1004&lang=en,https://location.am-all.net/alm/shop?gm=98&astep=1004&sid=18588&lang=en,False,https://www.google.com/maps/search/?api=1&query=CPCM+BANDAR+PUCHONG+ET3-2+3rdFlr+IOIMall+Puchong%2C+Puchong+Jaya+47170
intl-1004-18629,DISTRICT 21,Malaysia,,"Level, AT 6, City IOI City Mall, IOI Resort, 62502 Putrajya",2.970663,101.7136681,maimai DX International Version,maimai International official / ALL.Net,https://location.am-all.net/alm/location?gm=98&ct=1004&lang=en,https://location.am-all.net/alm/shop?gm=98&astep=1004&sid=18629&lang=en,False,https://www.google.com/maps/search/?api=1&query=DISTRICT+21+Level%2C+AT+6%2C+City+IOI+City+Mall%2C+IOI+Resort%2C+62502+Putrajya
intl-1004-19041,FANTAZIA Vivacity Megamall,Malaysia,,"L3-031,Lorong Wan Alwi 5,Jalan Wan Alwi,93350 Kuching,Sarawak",1.527776,110.3678552,maimai DX International Version,maimai International official / ALL.Net,https://location.am-all.net/alm/location?gm=98&ct=1004&lang=en,https://location.am-all.net/alm/shop?gm=98&astep=1004&sid=19041&lang=en,False,https://www.google.com/maps/search/?api=1&query=FANTAZIA+Vivacity+Megamall+L3-031%2CLorong+Wan+Alwi+5%2CJalan+Wan+Alwi%2C93350+Kuching%2CSarawak
intl-1004-18319,FUN SCAPE PUBLIKA,Malaysia,,"Lot 72, UG, Publika Shopping Gallery, Solaris Dutamas, 50480",,,maimai DX International Version,maimai International official / ALL.Net,https://location.am-all.net/alm/location?gm=98&ct=1004&lang=en,https://location.am-all.net/alm/shop?gm=98&astep=1004&sid=18319&lang=en,True,https://www.google.com/maps/search/?api=1&query=FUN+SCAPE+PUBLIKA+Lot+72%2C+UG%2C+Publika+Shopping+Gallery%2C+Solaris+Dutamas%2C+50480
intl-1004-19146,FUN SCAPE SEREMBAN,Malaysia,,"Lot F01 & F02,AEON Seremban 2,70300 Seremban, Negeri Sembian.",2.2811342,102.2161119,maimai DX International Version,maimai International official / ALL.Net,https://location.am-all.net/alm/location?gm=98&ct=1004&lang=en,https://location.am-all.net/alm/shop?gm=98&astep=1004&sid=19146&lang=en,False,https://www.google.com/maps/search/?api=1&query=FUN+SCAPE+SEREMBAN+Lot+F01+%26+F02%2CAEON+Seremban+2%2C70300+Seremban%2C+Negeri+Sembian.
intl-1004-20190,FUN SCAPE@EKO CHERAS,Malaysia,,"S17&S18,2F,EkoCherasMall,TamanMutiaraBarat,56000Cheras9Miles,KL.",3.09343,101.73851,maimai DX International Version,maimai International official / ALL.Net,https://location.am-all.net/alm/location?gm=98&ct=1004&lang=en,https://location.am-all.net/alm/shop?gm=98&astep=1004&sid=20190&lang=en,False,https://www.google.com/maps/search/?api=1&query=FUN+SCAPE%40EKO+CHERAS+S17%26S18%2C2F%2CEkoCherasMall%2CTamanMutiaraBarat%2C56000Cheras9Miles%2CKL.
intl-1004-19800,FUN SCAPE@LOW YAT,Malaysia,,"7, Jalan Bintang, Off Jalan Bukit Bintang,55100 Kuala Lumpur",3.8182407,103.3262695,maimai DX International Version,maimai International official / ALL.Net,https://location.am-all.net/alm/location?gm=98&ct=1004&lang=en,https://location.am-all.net/alm/shop?gm=98&astep=1004&sid=19800&lang=en,False,https://www.google.com/maps/search/?api=1&query=FUN+SCAPE%40LOW+YAT+7%2C+Jalan+Bintang%2C+Off+Jalan+Bukit+Bintang%2C55100+Kuala+Lumpur
intl-1004-24761,FUN SCAPE@MINES,Malaysia,,"L1-07/08,THE MINES SHOPPING FAIR,MINES RESORTCITY,SERI KEMBANGAN",3.02792341151712,101.718540842974,maimai DX International Version,maimai International official / ALL.Net,https://location.am-all.net/alm/location?gm=98&ct=1004&lang=en,https://location.am-all.net/alm/shop?gm=98&astep=1004&sid=24761&lang=en,False,https://www.google.com/maps/search/?api=1&query=FUN+SCAPE%40MINES+L1-07%2F08%2CTHE+MINES+SHOPPING+FAIR%2CMINES+RESORTCITY%2CSERI+KEMBANGAN
intl-1004-19791,FUN SCAPE@SUNWAY CARNIVAL MALL,Malaysia,,"3068 JalanTodak,Seberang Jaya 13700 Perai Pulau Pinang",5.3985132,100.3980465,maimai DX International Version,maimai International official / ALL.Net,https://location.am-all.net/alm/location?gm=98&ct=1004&lang=en,https://location.am-all.net/alm/shop?gm=98&astep=1004&sid=19791&lang=en,False,https://www.google.com/maps/search/?api=1&query=FUN+SCAPE%40SUNWAY+CARNIVAL+MALL+3068+JalanTodak%2CSeberang+Jaya+13700+Perai+Pulau+Pinang
intl-1004-19795,FUN SCAPE@SUNWAY PUTRA,Malaysia,,"4-6-4-12,4F,SunwayPutraMall,No.100,JalanPutra,50350Kuala Lumpur,",3.139003,101.686855,maimai DX International Version,maimai International official / ALL.Net,https://location.am-all.net/alm/location?gm=98&ct=1004&lang=en,https://location.am-all.net/alm/shop?gm=98&astep=1004&sid=19795&lang=en,False,https://www.google.com/maps/search/?api=1&query=FUN+SCAPE%40SUNWAY+PUTRA+4-6-4-12%2C4F%2CSunwayPutraMall%2CNo.100%2CJalanPutra%2C50350Kuala+Lumpur%2C
intl-1004-20587,FUN SCAPE@SUNWAY PYRAMID,Malaysia,,"SUNWAY,PYRAMID LG3IR03,BANDARSUNWAY,SELANGOR",3.072657,101.607496,maimai DX International Version,maimai International official / ALL.Net,https://location.am-all.net/alm/location?gm=98&ct=1004&lang=en,https://location.am-all.net/alm/shop?gm=98&astep=1004&sid=20587&lang=en,False,https://www.google.com/maps/search/?api=1&query=FUN+SCAPE%40SUNWAY+PYRAMID+SUNWAY%2CPYRAMID+LG3IR03%2CBANDARSUNWAY%2CSELANGOR
intl-1004-19801,FUN SCAPE@TESCO BAGAN AJAM,Malaysia,,"G3,TESCO BAGAN AJAM ,LOT 2816,12300 BUTTERWORTH PULAU PINANG",5.4396,100.381625,maimai DX International Version,maimai International official / ALL.Net,https://location.am-all.net/alm/location?gm=98&ct=1004&lang=en,https://location.am-all.net/alm/shop?gm=98&astep=1004&sid=19801&lang=en,False,https://www.google.com/maps/search/?api=1&query=FUN+SCAPE%40TESCO+BAGAN+AJAM+G3%2CTESCO+BAGAN+AJAM+%2CLOT+2816%2C12300+BUTTERWORTH+PULAU+PINANG
intl-1004-19788,FUN SCAPE@TESCO IPOH KINTA CITY,Malaysia,,2 Jalan Lambu Taman Teh Teng Seng 31400 Ipoh Perak,4.6167149,101.1187446,maimai DX International Version,maimai International official / ALL.Net,https://location.am-all.net/alm/location?gm=98&ct=1004&lang=en,https://location.am-all.net/alm/shop?gm=98&astep=1004&sid=19788&lang=en,False,https://www.google.com/maps/search/?api=1&query=FUN+SCAPE%40TESCO+IPOH+KINTA+CITY+2+Jalan+Lambu+Taman+Teh+Teng+Seng+31400+Ipoh+Perak
intl-1004-19797,FUN SCAPE@TESCO KEPONG,Malaysia,,"TESCO KEPONG F1 PLAYLAND JALAN 7A 62A,,52200KEPONG KUALA LUMPUR",3.192891,101.6331696,maimai DX International Version,maimai International official / ALL.Net,https://location.am-all.net/alm/location?gm=98&ct=1004&lang=en,https://location.am-all.net/alm/shop?gm=98&astep=1004&sid=19797&lang=en,False,https://www.google.com/maps/search/?api=1&query=FUN+SCAPE%40TESCO+KEPONG+TESCO+KEPONG+F1+PLAYLAND+JALAN+7A+62A%2C%2C52200KEPONG+KUALA+LUMPUR
intl-1004-19789,FUN SCAPE@TESCO MERGONG,Malaysia,,Tesco Mergong jalan Lencong Barat 05050Alorstetar Kedah,6.1287788,100.3425191,maimai DX International Version,maimai International official / ALL.Net,https://location.am-all.net/alm/location?gm=98&ct=1004&lang=en,https://location.am-all.net/alm/shop?gm=98&astep=1004&sid=19789&lang=en,False,https://www.google.com/maps/search/?api=1&query=FUN+SCAPE%40TESCO+MERGONG+Tesco+Mergong+jalan+Lencong+Barat+05050Alorstetar+Kedah
intl-1004-19632,FUN SCAPE@VELOCITY MALL,Malaysia,,"3-89 3rd SUNWAY VELOCITY MALL LINGKARAN SV,MALURI KUALA LUMPUR",3.1271212,101.7235836,maimai DX International Version,maimai International official / ALL.Net,https://location.am-all.net/alm/location?gm=98&ct=1004&lang=en,https://location.am-all.net/alm/shop?gm=98&astep=1004&sid=19632&lang=en,False,https://www.google.com/maps/search/?api=1&query=FUN+SCAPE%40VELOCITY+MALL+3-89+3rd+SUNWAY+VELOCITY+MALL+LINGKARAN+SV%2CMALURI+KUALA+LUMPUR
intl-1004-18586,INDAH FAMILY CENTRE,Malaysia,,"L1-13A-13B, JALAN MANIS 6 TAMANBUKIT SEGAR 56100",3.0889627,101.7424445,maimai DX International Version,maimai International official / ALL.Net,https://location.am-all.net/alm/location?gm=98&ct=1004&lang=en,https://location.am-all.net/alm/shop?gm=98&astep=1004&sid=18586&lang=en,False,https://www.google.com/maps/search/?api=1&query=INDAH+FAMILY+CENTRE+L1-13A-13B%2C+JALAN+MANIS+6+TAMANBUKIT+SEGAR+56100
intl-1004-18571,KANGAR JAYA MALL,Malaysia,,"Lot 20683, Jalan Kangar Jaya 21, Kangar Jaya, 01000",6.4056062,100.1798182,maimai DX International Version,maimai International official / ALL.Net,https://location.am-all.net/alm/location?gm=98&ct=1004&lang=en,https://location.am-all.net/alm/shop?gm=98&astep=1004&sid=18571&lang=en,False,https://www.google.com/maps/search/?api=1&query=KANGAR+JAYA+MALL+Lot+20683%2C+Jalan+Kangar+Jaya+21%2C+Kangar+Jaya%2C+01000
intl-1004-18665,MIRI CENTER POINT,Malaysia,,"Lv3, Boulevard Shopping Mall,Lot 2528, Blvd Commercial Centre",3.2007132,113.0479617,maimai DX International Version,maimai International official / ALL.Net,https://location.am-all.net/alm/location?gm=98&ct=1004&lang=en,https://location.am-all.net/alm/shop?gm=98&astep=1004&sid=18665&lang=en,False,https://www.google.com/maps/search/?api=1&query=MIRI+CENTER+POINT+Lv3%2C+Boulevard+Shopping+Mall%2CLot+2528%2C+Blvd+Commercial+Centre
intl-1004-18616,MOCITY COSMIC PARK,Malaysia,,"PT434, PEKAN KLEBANG SEK II, 75200 MELAKA",2.2103401,102.2165301,maimai DX International Version,maimai International official / ALL.Net,https://location.am-all.net/alm/location?gm=98&ct=1004&lang=en,https://location.am-all.net/alm/shop?gm=98&astep=1004&sid=18616&lang=en,False,https://www.google.com/maps/search/?api=1&query=MOCITY+COSMIC+PARK+PT434%2C+PEKAN+KLEBANG+SEK+II%2C+75200+MELAKA
intl-1004-18971,MOLLY FANTASY AEON BANDARAYA MELAKA,Malaysia,,"No.2,Jalan Lagenda,Taman 1-Lagenda,75400 Melaka",2.2149072,102.2458511,maimai DX International Version,maimai International official / ALL.Net,https://location.am-all.net/alm/location?gm=98&ct=1004&lang=en,https://location.am-all.net/alm/shop?gm=98&astep=1004&sid=18971&lang=en,False,https://www.google.com/maps/search/?api=1&query=MOLLY+FANTASY+AEON+BANDARAYA+MELAKA+No.2%2CJalan+Lagenda%2CTaman+1-Lagenda%2C75400+Melaka
intl-1004-18970,MOLLY FANTASY AEON BUKIT INDAH,Malaysia,,"N0.8,Jalan Indah,15/2,81200 Johor Bahru",1.481769,103.6558436,maimai DX International Version,maimai International official / ALL.Net,https://location.am-all.net/alm/location?gm=98&ct=1004&lang=en,https://location.am-all.net/alm/shop?gm=98&astep=1004&sid=18970&lang=en,False,https://www.google.com/maps/search/?api=1&query=MOLLY+FANTASY+AEON+BUKIT+INDAH+N0.8%2CJalan+Indah%2C15%2F2%2C81200+Johor+Bahru
intl-1004-18969,MOLLY FANTASY AEON BUKIT TINGGI,Malaysia,,"N0.1,PersiaranBatuNilam,1/KS6,BandarBukitTinggi2,41200 Klang",2.967008,101.490712,maimai DX International Version,maimai International official / ALL.Net,https://location.am-all.net/alm/location?gm=98&ct=1004&lang=en,https://location.am-all.net/alm/shop?gm=98&astep=1004&sid=18969&lang=en,False,https://www.google.com/maps/search/?api=1&query=MOLLY+FANTASY+AEON+BUKIT+TINGGI+N0.1%2CPersiaranBatuNilam%2C1%2FKS6%2CBandarBukitTinggi2%2C41200+Klang
intl-1004-18968,MOLLY FANTASY AEON CHERAS SELATAN,Malaysia,,"Aras Satu,Lebuh Tun Hussien Onn,43200 Belakong,Selangor",3.0495442,101.7663284,maimai DX International Version,maimai International official / ALL.Net,https://location.am-all.net/alm/location?gm=98&ct=1004&lang=en,https://location.am-all.net/alm/shop?gm=98&astep=1004&sid=18968&lang=en,False,https://www.google.com/maps/search/?api=1&query=MOLLY+FANTASY+AEON+CHERAS+SELATAN+Aras+Satu%2CLebuh+Tun+Hussien+Onn%2C43200+Belakong%2CSelangor
intl-1004-18967,MOLLY FANTASY BATU PAHAT MALL,Malaysia,,"Batu Pahat Mall,Jalan Kluang,83000 Batu Pahat,Johor",1.8638484,102.9620825,maimai DX International Version,maimai International official / ALL.Net,https://location.am-all.net/alm/location?gm=98&ct=1004&lang=en,https://location.am-all.net/alm/shop?gm=98&astep=1004&sid=18967&lang=en,False,https://www.google.com/maps/search/?api=1&query=MOLLY+FANTASY+BATU+PAHAT+MALL+Batu+Pahat+Mall%2CJalan+Kluang%2C83000+Batu+Pahat%2CJohor
intl-1004-18959,MOLLY FANTASY IOI MALL PUTRAJAYA,Malaysia,,"IOI City Mall,Lebuh IRC,IOI Resort City,62502 Putrajaya Selangor",2.970663,101.7136681,maimai DX International Version,maimai International official / ALL.Net,https://location.am-all.net/alm/location?gm=98&ct=1004&lang=en,https://location.am-all.net/alm/shop?gm=98&astep=1004&sid=18959&lang=en,False,https://www.google.com/maps/search/?api=1&query=MOLLY+FANTASY+IOI+MALL+PUTRAJAYA+IOI+City+Mall%2CLebuh+IRC%2CIOI+Resort+City%2C62502+Putrajaya+Selangor
intl-1004-18966,MOLLY FANTASY IPOH PARADE,Malaysia,,"105,Jalan Sultan Abdul Jalil,Greentown,30450 Ipoh,Perak",4.5975025,101.0911448,maimai DX International Version,maimai International official / ALL.Net,https://location.am-all.net/alm/location?gm=98&ct=1004&lang=en,https://location.am-all.net/alm/shop?gm=98&astep=1004&sid=18966&lang=en,False,https://www.google.com/maps/search/?api=1&query=MOLLY+FANTASY+IPOH+PARADE+105%2CJalan+Sultan+Abdul+Jalil%2CGreentown%2C30450+Ipoh%2CPerak
intl-1004-18964,MOLLY FANTASY JOHOR BAHRU CITYSQUARE,Malaysia,,"Jalan Wong Ah Fook,Bandar JohorBahru,80000 Johor Bahru,Johor",1.4612219,103.7637332,maimai DX International Version,maimai International official / ALL.Net,https://location.am-all.net/alm/location?gm=98&ct=1004&lang=en,https://location.am-all.net/alm/shop?gm=98&astep=1004&sid=18964&lang=en,False,https://www.google.com/maps/search/?api=1&query=MOLLY+FANTASY+JOHOR+BAHRU+CITYSQUARE+Jalan+Wong+Ah+Fook%2CBandar+JohorBahru%2C80000+Johor+Bahru%2CJohor
intl-1004-18963,MOLLY FANTASY METRO PRIMA,Malaysia,,"No.1,Jalan Metro Prima,Kepong,52100 Kuala Lumpur",3.2138818,101.6372065,maimai DX International Version,maimai International official / ALL.Net,https://location.am-all.net/alm/location?gm=98&ct=1004&lang=en,https://location.am-all.net/alm/shop?gm=98&astep=1004&sid=18963&lang=en,False,https://www.google.com/maps/search/?api=1&query=MOLLY+FANTASY+METRO+PRIMA+No.1%2CJalan+Metro+Prima%2CKepong%2C52100+Kuala+Lumpur
intl-1004-18962,MOLLY FANTASY MID VALLEY,Malaysia,,"AT3,Mid Valley Megamall,Mid Valley City,58000 Kuala Lumpur",3.1176991,101.6774777,maimai DX International Version,maimai International official / ALL.Net,https://location.am-all.net/alm/location?gm=98&ct=1004&lang=en,https://location.am-all.net/alm/shop?gm=98&astep=1004&sid=18962&lang=en,False,https://www.google.com/maps/search/?api=1&query=MOLLY+FANTASY+MID+VALLEY+AT3%2CMid+Valley+Megamall%2CMid+Valley+City%2C58000+Kuala+Lumpur
intl-1004-18953,MOLLY FANTASY MY TOWN CHERAS,Malaysia,,"N0.6 Jalan Cochrane,Seksyen 90,55100 Kuala Lumpur",3.1348713,101.722742,maimai DX International Version,maimai International official / ALL.Net,https://location.am-all.net/alm/location?gm=98&ct=1004&lang=en,https://location.am-all.net/alm/shop?gm=98&astep=1004&sid=18953&lang=en,False,https://www.google.com/maps/search/?api=1&query=MOLLY+FANTASY+MY+TOWN+CHERAS+N0.6+Jalan+Cochrane%2CSeksyen+90%2C55100+Kuala+Lumpur
intl-1004-18958,MOLLY FANTASY QUEENS BAY,Malaysia,,"Sungai Nimbong,11900 Bayan Lepas,Pulau Pinang",5.3130725,100.2768388,maimai DX International Version,maimai International official / ALL.Net,https://location.am-all.net/alm/location?gm=98&ct=1004&lang=en,https://location.am-all.net/alm/shop?gm=98&astep=1004&sid=18958&lang=en,False,https://www.google.com/maps/search/?api=1&query=MOLLY+FANTASY+QUEENS+BAY+Sungai+Nimbong%2C11900+Bayan+Lepas%2CPulau+Pinang
intl-1004-18960,MOLLY FANTASY SEREMBAN2,Malaysia,,"Aeon Seremban 2 Shopping Centre,112,Persiaran S2B1",2.7013839,101.9119475,maimai DX International Version,maimai International official / ALL.Net,https://location.am-all.net/alm/location?gm=98&ct=1004&lang=en,https://location.am-all.net/alm/shop?gm=98&astep=1004&sid=18960&lang=en,False,https://www.google.com/maps/search/?api=1&query=MOLLY+FANTASY+SEREMBAN2+Aeon+Seremban+2+Shopping+Centre%2C112%2CPersiaran+S2B1
intl-1004-18957,MOLLY FANTASY SETIA CITY MALL,Malaysia,,"Bandar Setia Alam,Seksyen U13,40170 Shah Alam",3.0946288,101.4455208,maimai DX International Version,maimai International official / ALL.Net,https://location.am-all.net/alm/location?gm=98&ct=1004&lang=en,https://location.am-all.net/alm/shop?gm=98&astep=1004&sid=18957&lang=en,False,https://www.google.com/maps/search/?api=1&query=MOLLY+FANTASY+SETIA+CITY+MALL+Bandar+Setia+Alam%2CSeksyen+U13%2C40170+Shah+Alam
intl-1004-18956,MOLLY FANTASY SHAH ALAM,Malaysia,,"13/64,Persiaran Akuatik,Seksyen13,40100 Shah Alam,Selangor",3.0725063,101.5391023,maimai DX International Version,maimai International official / ALL.Net,https://location.am-all.net/alm/location?gm=98&ct=1004&lang=en,https://location.am-all.net/alm/shop?gm=98&astep=1004&sid=18956&lang=en,False,https://www.google.com/maps/search/?api=1&query=MOLLY+FANTASY+SHAH+ALAM+13%2F64%2CPersiaran+Akuatik%2CSeksyen13%2C40100+Shah+Alam%2CSelangor
intl-1004-18621,MOLLYFANTASY LALAPORT,Malaysia,,"2, Jln Hang Tuah, Bukit Bintang, 55100 Kuala Lumpur",3.1402822,101.7067294,maimai DX International Version,maimai International official / ALL.Net,https://location.am-all.net/alm/location?gm=98&ct=1004&lang=en,https://location.am-all.net/alm/shop?gm=98&astep=1004&sid=18621&lang=en,False,https://www.google.com/maps/search/?api=1&query=MOLLYFANTASY+LALAPORT+2%2C+Jln+Hang+Tuah%2C+Bukit+Bintang%2C+55100+Kuala+Lumpur
intl-1004-18574,MOLLYFANTASY MAYANG MALL,Malaysia,,"Lot L3-09, L3-10 Level 3, Mayang Mall, Persiaran Mayang, 20000",,,maimai DX International Version,maimai International official / ALL.Net,https://location.am-all.net/alm/location?gm=98&ct=1004&lang=en,https://location.am-all.net/alm/shop?gm=98&astep=1004&sid=18574&lang=en,True,https://www.google.com/maps/search/?api=1&query=MOLLYFANTASY+MAYANG+MALL+Lot+L3-09%2C+L3-10+Level+3%2C+Mayang+Mall%2C+Persiaran+Mayang%2C+20000
intl-1004-19002,NEXTGEN,Malaysia,,"1 Utama Shopping Centre,CentralPark Avenue,Bandar Utama,47800",3.1489857,101.6161328,maimai DX International Version,maimai International official / ALL.Net,https://location.am-all.net/alm/location?gm=98&ct=1004&lang=en,https://location.am-all.net/alm/shop?gm=98&astep=1004&sid=19002&lang=en,False,https://www.google.com/maps/search/?api=1&query=NEXTGEN+1+Utama+Shopping+Centre%2CCentralPark+Avenue%2CBandar+Utama%2C47800
intl-1004-20405,PALO AEON Mall Tebrau City,Malaysia,,"S106,No1,Jalan Desa Tebrau,Taman Desa Tebrau,81100,Johor Bahru",1.5492476,103.7959769,maimai DX International Version,maimai International official / ALL.Net,https://location.am-all.net/alm/location?gm=98&ct=1004&lang=en,https://location.am-all.net/alm/shop?gm=98&astep=1004&sid=20405&lang=en,False,https://www.google.com/maps/search/?api=1&query=PALO+AEON+Mall+Tebrau+City+S106%2CNo1%2CJalan+Desa+Tebrau%2CTaman+Desa+Tebrau%2C81100%2CJohor+Bahru
intl-1004-18955,PALO BANDAR PUCHONG,Malaysia,,"BATU 9,JALAN PUCHONG,BANDAR PUCHONG JAYA,47170 PUCHONG,SELANGOR",3.0631571,101.6480663,maimai DX International Version,maimai International official / ALL.Net,https://location.am-all.net/alm/location?gm=98&ct=1004&lang=en,https://location.am-all.net/alm/shop?gm=98&astep=1004&sid=18955&lang=en,False,https://www.google.com/maps/search/?api=1&query=PALO+BANDAR+PUCHONG+BATU+9%2CJALAN+PUCHONG%2CBANDAR+PUCHONG+JAYA%2C47170+PUCHONG%2CSELANGOR
intl-1004-19040,PALO Central i-City,Malaysia,,"L4-18,Persiaran Multimedia,Seksyen 7,40000 Shah Alam,Selangor",3.0642848,101.4832435,maimai DX International Version,maimai International official / ALL.Net,https://location.am-all.net/alm/location?gm=98&ct=1004&lang=en,https://location.am-all.net/alm/shop?gm=98&astep=1004&sid=19040&lang=en,False,https://www.google.com/maps/search/?api=1&query=PALO+Central+i-City+L4-18%2CPersiaran+Multimedia%2CSeksyen+7%2C40000+Shah+Alam%2CSelangor
intl-1004-19039,PALO Imago,Malaysia,,"Lot 2-49 & 2-50, Off Coastal Highway, 88100 Kota Kinabalu, Sabah",,,maimai DX International Version,maimai International official / ALL.Net,https://location.am-all.net/alm/location?gm=98&ct=1004&lang=en,https://location.am-all.net/alm/shop?gm=98&astep=1004&sid=19039&lang=en,True,https://www.google.com/maps/search/?api=1&query=PALO+Imago+Lot+2-49+%26+2-50%2C+Off+Coastal+Highway%2C+88100+Kota+Kinabalu%2C+Sabah
intl-1004-19038,PALO MidValley Southkey,Malaysia,,"Lot S-012, Jalan Bakar Batu, Southkey, 81100 Johor Bahru, Johor.",1.4960442,103.7795205,maimai DX International Version,maimai International official / ALL.Net,https://location.am-all.net/alm/location?gm=98&ct=1004&lang=en,https://location.am-all.net/alm/shop?gm=98&astep=1004&sid=19038&lang=en,False,https://www.google.com/maps/search/?api=1&query=PALO+MidValley+Southkey+Lot+S-012%2C+Jalan+Bakar+Batu%2C+Southkey%2C+81100+Johor+Bahru%2C+Johor.
intl-1004-18683,PALO QUAYSIDE MALL,Malaysia,,"1F12, Lv1, QuaysideMall, GamudaKemuning, 25.7 Persiaran Freesia",2.9568618,101.5536023,maimai DX International Version,maimai International official / ALL.Net,https://location.am-all.net/alm/location?gm=98&ct=1004&lang=en,https://location.am-all.net/alm/shop?gm=98&astep=1004&sid=18683&lang=en,False,https://www.google.com/maps/search/?api=1&query=PALO+QUAYSIDE+MALL+1F12%2C+Lv1%2C+QuaysideMall%2C+GamudaKemuning%2C+25.7+Persiaran+Freesia
intl-1004-19037,PALO Sunway Velocity Mall,Malaysia,,"Lot 4-32 & 33,Lingkaran SV, Sunway Velocity, 55100 Kuala Lumpur",,,maimai DX International Version,maimai International official / ALL.Net,https://location.am-all.net/alm/location?gm=98&ct=1004&lang=en,https://location.am-all.net/alm/shop?gm=98&astep=1004&sid=19037&lang=en,True,https://www.google.com/maps/search/?api=1&query=PALO+Sunway+Velocity+Mall+Lot+4-32+%26+33%2CLingkaran+SV%2C+Sunway+Velocity%2C+55100+Kuala+Lumpur
intl-1004-18568,PALO TAMAN MALURI,Malaysia,,"Lot T-03, Jalan Jejaka, Maluri,55100 Cheras",3.1275076,101.7322692,maimai DX International Version,maimai International official / ALL.Net,https://location.am-all.net/alm/location?gm=98&ct=1004&lang=en,https://location.am-all.net/alm/shop?gm=98&astep=1004&sid=18568&lang=en,False,https://www.google.com/maps/search/?api=1&query=PALO+TAMAN+MALURI+Lot+T-03%2C+Jalan+Jejaka%2C+Maluri%2C55100+Cheras
intl-1004-18313,PAVILION BUKIT JALIL (GAME ON),Malaysia,,"4.82.00,LEVEL 4,PAVILION BUKIT JALIL,2,PERSIARAN JALIL 8",,,maimai DX International Version,maimai International official / ALL.Net,https://location.am-all.net/alm/location?gm=98&ct=1004&lang=en,https://location.am-all.net/alm/shop?gm=98&astep=1004&sid=18313&lang=en,True,https://www.google.com/maps/search/?api=1&query=PAVILION+BUKIT+JALIL+%28GAME+ON%29+4.82.00%2CLEVEL+4%2CPAVILION+BUKIT+JALIL%2C2%2CPERSIARAN+JALIL+8
intl-1004-18630,PEARL POINT FUN CAR STREET,Malaysia,,"PEARL POINT SHOPPING MALL1,JLN KLANG LAMA PJS6 58000 KUALALUMPUR",3.0855848,101.6736371,maimai DX International Version,maimai International official / ALL.Net,https://location.am-all.net/alm/location?gm=98&ct=1004&lang=en,https://location.am-all.net/alm/shop?gm=98&astep=1004&sid=18630&lang=en,False,https://www.google.com/maps/search/?api=1&query=PEARL+POINT+FUN+CAR+STREET+PEARL+POINT+SHOPPING+MALL1%2CJLN+KLANG+LAMA+PJS6+58000+KUALALUMPUR
intl-1004-18961,THE SPRING BINTULU(SARAWAK),Malaysia,,"Lot F53,1st Floor,The Spring Bintulu,97000 Bintulu,Sarawak",3.1811596,113.034922,maimai DX International Version,maimai International official / ALL.Net,https://location.am-all.net/alm/location?gm=98&ct=1004&lang=en,https://location.am-all.net/alm/shop?gm=98&astep=1004&sid=18961&lang=en,False,https://www.google.com/maps/search/?api=1&query=THE+SPRING+BINTULU%28SARAWAK%29+Lot+F53%2C1st+Floor%2CThe+Spring+Bintulu%2C97000+Bintulu%2CSarawak
intl-1004-18572,TINY MOLLY AMANJAYA MALL,Malaysia,,"2F-01, Amanjaya, 1, Jalan Badlishah, Bandar Amanjaya,08000",5.6617112,100.5039513,maimai DX International Version,maimai International official / ALL.Net,https://location.am-all.net/alm/location?gm=98&ct=1004&lang=en,https://location.am-all.net/alm/shop?gm=98&astep=1004&sid=18572&lang=en,False,https://www.google.com/maps/search/?api=1&query=TINY+MOLLY+AMANJAYA+MALL+2F-01%2C+Amanjaya%2C+1%2C+Jalan+Badlishah%2C+Bandar+Amanjaya%2C08000
intl-1004-18573,TINY MOLLY KLUANG MALL,Malaysia,,"Level 2 Kluang Mall,Jalan Rambutan,Taman Suria 86000 Kluang",2.0400737,103.3205798,maimai DX International Version,maimai International official / ALL.Net,https://location.am-all.net/alm/location?gm=98&ct=1004&lang=en,https://location.am-all.net/alm/shop?gm=98&astep=1004&sid=18573&lang=en,False,https://www.google.com/maps/search/?api=1&query=TINY+MOLLY+KLUANG+MALL+Level+2+Kluang+Mall%2CJalan+Rambutan%2CTaman+Suria+86000+Kluang
intl-1004-19787,VISION CITY VIDEO GAMES PARK,Malaysia,,"VisonCityVideoGamesPark,ResortsWorldGenting,69000,Pahang Darul M",3.423871,101.792679,maimai DX International Version,maimai International official / ALL.Net,https://location.am-all.net/alm/location?gm=98&ct=1004&lang=en,https://location.am-all.net/alm/shop?gm=98&astep=1004&sid=19787&lang=en,False,https://www.google.com/maps/search/?api=1&query=VISION+CITY+VIDEO+GAMES+PARK+VisonCityVideoGamesPark%2CResortsWorldGenting%2C69000%2CPahang+Darul+M
intl-1013-19697,ALIBABA 3,Myanmar,,"E 206, 2ND, MYANMAR CENTER, KABAAYE PAGODA ROAD, BAHAN,YANGON",16.8152865,96.1559192,maimai DX International Version,maimai International official / ALL.Net,https://location.am-all.net/alm/location?gm=98&ct=1013&lang=en,https://location.am-all.net/alm/shop?gm=98&astep=1013&sid=19697&lang=en,False,https://www.google.com/maps/search/?api=1&query=ALIBABA+3+E+206%2C+2ND%2C+MYANMAR+CENTER%2C+KABAAYE+PAGODA+ROAD%2C+BAHAN%2CYANGON
intl-1013-19696,ALIBABA 4,Myanmar,,"3RD FLOOR, JUNCTION SQUARE, KAMARYUT, YANGON",16.8171212,96.130712,maimai DX International Version,maimai International official / ALL.Net,https://location.am-all.net/alm/location?gm=98&ct=1013&lang=en,https://location.am-all.net/alm/shop?gm=98&astep=1013&sid=19696&lang=en,False,https://www.google.com/maps/search/?api=1&query=ALIBABA+4+3RD+FLOOR%2C+JUNCTION+SQUARE%2C+KAMARYUT%2C+YANGON
intl-1013-19695,ALIBABA 5,Myanmar,,"3RD FLOOR, GAMONE PWINT CENTER,, YANGON",16.840939,96.173526,maimai DX International Version,maimai International official / ALL.Net,https://location.am-all.net/alm/location?gm=98&ct=1013&lang=en,https://location.am-all.net/alm/shop?gm=98&astep=1013&sid=19695&lang=en,False,https://www.google.com/maps/search/?api=1&query=ALIBABA+5+3RD+FLOOR%2C+GAMONE+PWINT+CENTER%2C%2C+YANGON
intl-1013-19694,ALIBABA 7,Myanmar,,"4TH FLOOR, JUNCTION CITY, PABEDAN TOWNSHIP,YANGON",16.7790825,96.1543205,maimai DX International Version,maimai International official / ALL.Net,https://location.am-all.net/alm/location?gm=98&ct=1013&lang=en,https://location.am-all.net/alm/shop?gm=98&astep=1013&sid=19694&lang=en,False,https://www.google.com/maps/search/?api=1&query=ALIBABA+7+4TH+FLOOR%2C+JUNCTION+CITY%2C+PABEDAN+TOWNSHIP%2CYANGON
intl-1013-18515,ALIBABA 8 (KANTHARYAR),Myanmar,,"Kan Yeik Thar Rd, & U Aung MyatRd",16.7934568,96.1643433,maimai DX International Version,maimai International official / ALL.Net,https://location.am-all.net/alm/location?gm=98&ct=1013&lang=en,https://location.am-all.net/alm/shop?gm=98&astep=1013&sid=18515&lang=en,False,https://www.google.com/maps/search/?api=1&query=ALIBABA+8+%28KANTHARYAR%29+Kan+Yeik+Thar+Rd%2C+%26+U+Aung+MyatRd
intl-1013-18321,ALIBABA AMUSEMENT,Myanmar,,"No.401-403, 4F, Food Planet, Time City, Kamaryut Township",,,maimai DX International Version,maimai International official / ALL.Net,https://location.am-all.net/alm/location?gm=98&ct=1013&lang=en,https://location.am-all.net/alm/shop?gm=98&astep=1013&sid=18321&lang=en,True,https://www.google.com/maps/search/?api=1&query=ALIBABA+AMUSEMENT+No.401-403%2C+4F%2C+Food+Planet%2C+Time+City%2C+Kamaryut+Township
intl-1013-18434,ARCADE HERO 2,Myanmar,,"Kyaik Waing Pagoda Rd, Yangon",16.8666242,96.1322044,maimai DX International Version,maimai International official / ALL.Net,https://location.am-all.net/alm/location?gm=98&ct=1013&lang=en,https://location.am-all.net/alm/shop?gm=98&astep=1013&sid=18434&lang=en,False,https://www.google.com/maps/search/?api=1&query=ARCADE+HERO+2+Kyaik+Waing+Pagoda+Rd%2C+Yangon
intl-1013-19659,GAZE AMUSEMENT,Myanmar,,"4th Floor, City Square Center, TaungGyi, Shan State",20.7832527,97.036497,maimai DX International Version,maimai International official / ALL.Net,https://location.am-all.net/alm/location?gm=98&ct=1013&lang=en,https://location.am-all.net/alm/shop?gm=98&astep=1013&sid=19659&lang=en,False,https://www.google.com/maps/search/?api=1&query=GAZE+AMUSEMENT+4th+Floor%2C+City+Square+Center%2C+TaungGyi%2C+Shan+State
intl-1013-19187,THE MOVE(ALIBABA),Myanmar,,"73 Street, Between 105 x 107, Chan Mya Thar Si Township",21.9427482,96.0935648,maimai DX International Version,maimai International official / ALL.Net,https://location.am-all.net/alm/location?gm=98&ct=1013&lang=en,https://location.am-all.net/alm/shop?gm=98&astep=1013&sid=19187&lang=en,False,https://www.google.com/maps/search/?api=1&query=THE+MOVE%28ALIBABA%29+73+Street%2C+Between+105+x+107%2C+Chan+Mya+Thar+Si+Township
intl-1014-18670,GAME ON,New Zealand,,"SKY WORLD 291 QUEEN ST, AUCKLANDNEW ZEALAND",-36.8522849,174.7630544,maimai DX International Version,maimai International official / ALL.Net,https://location.am-all.net/alm/location?gm=98&ct=1014&lang=en,https://location.am-all.net/alm/shop?gm=98&astep=1014&sid=18670&lang=en,False,https://www.google.com/maps/search/?api=1&query=GAME+ON+SKY+WORLD+291+QUEEN+ST%2C+AUCKLANDNEW+ZEALAND
intl-1014-18600,TIMEZONE AUCKLAND CBD,New Zealand,,"280 Queen Street, Auckland CBD 1010",-36.8504527,174.7651334,maimai DX International Version,maimai International official / ALL.Net,https://location.am-all.net/alm/location?gm=98&ct=1014&lang=en,https://location.am-all.net/alm/shop?gm=98&astep=1014&sid=18600&lang=en,False,https://www.google.com/maps/search/?api=1&query=TIMEZONE+AUCKLAND+CBD+280+Queen+Street%2C+Auckland+CBD+1010
intl-1014-18744,TIMEZONE BASE,New Zealand,,"Cnr Te Rapa and Wairere Drive, Hamilton, 3200",-37.7500441,175.2370975,maimai DX International Version,maimai International official / ALL.Net,https://location.am-all.net/alm/location?gm=98&ct=1014&lang=en,https://location.am-all.net/alm/shop?gm=98&astep=1014&sid=18744&lang=en,False,https://www.google.com/maps/search/?api=1&query=TIMEZONE+BASE+Cnr+Te+Rapa+and+Wairere+Drive%2C+Hamilton%2C+3200
intl-1014-18668,TIMEZONE COURTENAY PLACE,New Zealand,,60 Courtenay Place Wellington 6011 New Zealand,-41.2932178,174.7810472,maimai DX International Version,maimai International official / ALL.Net,https://location.am-all.net/alm/location?gm=98&ct=1014&lang=en,https://location.am-all.net/alm/shop?gm=98&astep=1014&sid=18668&lang=en,False,https://www.google.com/maps/search/?api=1&query=TIMEZONE+COURTENAY+PLACE+60+Courtenay+Place+Wellington+6011+New+Zealand
intl-1014-18930,TIMEZONE NEW MARKET,New Zealand,,"135-141 Broadway, Newmarket, Auckland 1023",-36.8682537,174.7778716,maimai DX International Version,maimai International official / ALL.Net,https://location.am-all.net/alm/location?gm=98&ct=1014&lang=en,https://location.am-all.net/alm/shop?gm=98&astep=1014&sid=18930&lang=en,False,https://www.google.com/maps/search/?api=1&query=TIMEZONE+NEW+MARKET+135-141+Broadway%2C+Newmarket%2C+Auckland+1023
intl-1014-18641,TIMEZONE PALMERSTON SQUARE,New Zealand,,"113-116 The Square, Palmerston North Central,",-40.3551336,175.6120897,maimai DX International Version,maimai International official / ALL.Net,https://location.am-all.net/alm/location?gm=98&ct=1014&lang=en,https://location.am-all.net/alm/shop?gm=98&astep=1014&sid=18641&lang=en,False,https://www.google.com/maps/search/?api=1&query=TIMEZONE+PALMERSTON+SQUARE+113-116+The+Square%2C+Palmerston+North+Central%2C
intl-1014-19482,TIMEZONE RICCARTON,New Zealand,,"Westfield Riccarton, Rotherham Street, 8041,NZ",-43.5314421,172.600566,maimai DX International Version,maimai International official / ALL.Net,https://location.am-all.net/alm/location?gm=98&ct=1014&lang=en,https://location.am-all.net/alm/shop?gm=98&astep=1014&sid=19482&lang=en,False,https://www.google.com/maps/search/?api=1&query=TIMEZONE+RICCARTON+Westfield+Riccarton%2C+Rotherham+Street%2C+8041%2CNZ
intl-1014-18401,TIMEZONE ROTORUA CENTRAL,New Zealand,,"Timezone Rotorua Central, R1/21Victoria Street, Victoria,",-38.1445987,176.2377669,maimai DX International Version,maimai International official / ALL.Net,https://location.am-all.net/alm/location?gm=98&ct=1014&lang=en,https://location.am-all.net/alm/shop?gm=98&astep=1014&sid=18401&lang=en,False,https://www.google.com/maps/search/?api=1&query=TIMEZONE+ROTORUA+CENTRAL+Timezone+Rotorua+Central%2C+R1%2F21Victoria+Street%2C+Victoria%2C
intl-1014-18931,ZONE BOWLING BOTANY,New Zealand,,"500A Ti Rakau Drive, Botany Downs, Auckland 2013",-36.9280682,174.9135593,maimai DX International Version,maimai International official / ALL.Net,https://location.am-all.net/alm/location?gm=98&ct=1014&lang=en,https://location.am-all.net/alm/shop?gm=98&astep=1014&sid=18931&lang=en,False,https://www.google.com/maps/search/?api=1&query=ZONE+BOWLING+BOTANY+500A+Ti+Rakau+Drive%2C+Botany+Downs%2C+Auckland+2013
intl-1014-18932,ZONE BOWLING MANUKAU,New Zealand,,"2/55 Lambie Drive, Manukau CityCentre, Auckland 2104",-36.9928442,174.8714181,maimai DX International Version,maimai International official / ALL.Net,https://location.am-all.net/alm/location?gm=98&ct=1014&lang=en,https://location.am-all.net/alm/shop?gm=98&astep=1014&sid=18932&lang=en,False,https://www.google.com/maps/search/?api=1&query=ZONE+BOWLING+MANUKAU+2%2F55+Lambie+Drive%2C+Manukau+CityCentre%2C+Auckland+2104
intl-1009-18497,2ND LOOP ARCADE,North America,,18529 s western gardena ca 90248,33.8626797,-118.3098189,maimai DX International Version,maimai International official / ALL.Net,https://location.am-all.net/alm/location?gm=98&ct=1009&lang=en,https://location.am-all.net/alm/shop?gm=98&astep=1009&sid=18497&lang=en,False,https://www.google.com/maps/search/?api=1&query=2ND+LOOP+ARCADE+18529+s+western+gardena+ca+90248
intl-1009-18390,ARCADE MONSTERS,North America,,6362 INTERNATIONAL DR ORLANDO FL 32819,28.4596379,-81.4683551,maimai DX International Version,maimai International official / ALL.Net,https://location.am-all.net/alm/location?gm=98&ct=1009&lang=en,https://location.am-all.net/alm/shop?gm=98&astep=1009&sid=18390&lang=en,False,https://www.google.com/maps/search/?api=1&query=ARCADE+MONSTERS+6362+INTERNATIONAL+DR+ORLANDO+FL+32819
intl-1009-18396,ARCADE TIME ENTERTAINMENT ORLANDO,North America,,6464 International Drive Orlando FL 32819,28.4583305,-81.4688681,maimai DX International Version,maimai International official / ALL.Net,https://location.am-all.net/alm/location?gm=98&ct=1009&lang=en,https://location.am-all.net/alm/shop?gm=98&astep=1009&sid=18396&lang=en,False,https://www.google.com/maps/search/?api=1&query=ARCADE+TIME+ENTERTAINMENT+ORLANDO+6464+International+Drive+Orlando+FL+32819
intl-1009-18348,ARCADE TIME ENTERTAINMENT WELLINGTON,North America,,"10300 Forest hill Blvd #122 Wellington , Fl 33414",,,maimai DX International Version,maimai International official / ALL.Net,https://location.am-all.net/alm/location?gm=98&ct=1009&lang=en,https://location.am-all.net/alm/shop?gm=98&astep=1009&sid=18348&lang=en,True,https://www.google.com/maps/search/?api=1&query=ARCADE+TIME+ENTERTAINMENT+WELLINGTON+10300+Forest+hill+Blvd+%23122+Wellington+%2C+Fl+33414
intl-1009-18438,AUSTINS PARK & PIZZA,North America,,16234 N Interstate 35 Pflugerville tx 78660,30.4610411,-97.6677476,maimai DX International Version,maimai International official / ALL.Net,https://location.am-all.net/alm/location?gm=98&ct=1009&lang=en,https://location.am-all.net/alm/shop?gm=98&astep=1009&sid=18438&lang=en,False,https://www.google.com/maps/search/?api=1&query=AUSTINS+PARK+%26+PIZZA+16234+N+Interstate+35+Pflugerville+tx+78660
intl-1009-18417,CAMELOT GOLFLAND,North America,,"3200 Carpenter Ave. Anaheim, CA",33.8503993,-117.8513949,maimai DX International Version,maimai International official / ALL.Net,https://location.am-all.net/alm/location?gm=98&ct=1009&lang=en,https://location.am-all.net/alm/shop?gm=98&astep=1009&sid=18417&lang=en,False,https://www.google.com/maps/search/?api=1&query=CAMELOT+GOLFLAND+3200+Carpenter+Ave.+Anaheim%2C+CA
intl-1009-18496,CHINATOWN FAIR,North America,,"8 Mott St, New York, NY 10038",40.7140173,-73.998571,maimai DX International Version,maimai International official / ALL.Net,https://location.am-all.net/alm/location?gm=98&ct=1009&lang=en,https://location.am-all.net/alm/shop?gm=98&astep=1009&sid=18496&lang=en,False,https://www.google.com/maps/search/?api=1&query=CHINATOWN+FAIR+8+Mott+St%2C+New+York%2C+NY+10038
intl-1009-18421,CIDERCADE AUSTIN,North America,,600 e riverside Dr Austin tx 78704,30.2524716,-97.7410337,maimai DX International Version,maimai International official / ALL.Net,https://location.am-all.net/alm/location?gm=98&ct=1009&lang=en,https://location.am-all.net/alm/shop?gm=98&astep=1009&sid=18421&lang=en,False,https://www.google.com/maps/search/?api=1&query=CIDERCADE+AUSTIN+600+e+riverside+Dr+Austin+tx+78704
intl-1009-18420,CIDERCADE HOUSTON,North America,,2320 canal st #100 Houston TX 77003,29.7575862,-95.346493,maimai DX International Version,maimai International official / ALL.Net,https://location.am-all.net/alm/location?gm=98&ct=1009&lang=en,https://location.am-all.net/alm/shop?gm=98&astep=1009&sid=18420&lang=en,False,https://www.google.com/maps/search/?api=1&query=CIDERCADE+HOUSTON+2320+canal+st+%23100+Houston+TX+77003
intl-1009-18495,CLAW CADE,North America,,630 OLD COUNTRY RD GARDEN CITY NY11530,40.7378609,-73.6138821,maimai DX International Version,maimai International official / ALL.Net,https://location.am-all.net/alm/location?gm=98&ct=1009&lang=en,https://location.am-all.net/alm/shop?gm=98&astep=1009&sid=18495&lang=en,False,https://www.google.com/maps/search/?api=1&query=CLAW+CADE+630+OLD+COUNTRY+RD+GARDEN+CITY+NY11530
intl-1009-18355,CLAW PLANET,North America,,"563 boul des laurentides , laval quebec h7g2v3 canada",,,maimai DX International Version,maimai International official / ALL.Net,https://location.am-all.net/alm/location?gm=98&ct=1009&lang=en,https://location.am-all.net/alm/shop?gm=98&astep=1009&sid=18355&lang=en,True,https://www.google.com/maps/search/?api=1&query=CLAW+PLANET+563+boul+des+laurentides+%2C+laval+quebec+h7g2v3+canada
intl-1009-18378,DAVE & BUSTER'S 175,North America,,"310 GODDAR BLVD, SUITE 200 KINGOF PRUSSIA, PA 19406",,,maimai DX International Version,maimai International official / ALL.Net,https://location.am-all.net/alm/location?gm=98&ct=1009&lang=en,https://location.am-all.net/alm/shop?gm=98&astep=1009&sid=18378&lang=en,True,https://www.google.com/maps/search/?api=1&query=DAVE+%26+BUSTER%27S+175+310+GODDAR+BLVD%2C+SUITE+200+KINGOF+PRUSSIA%2C+PA+19406
intl-1009-18391,DAVE & BUSTER'S ALA MOANA,North America,,"1450 Ala Moana Blvd, Honolulu, HI 96814",,,maimai DX International Version,maimai International official / ALL.Net,https://location.am-all.net/alm/location?gm=98&ct=1009&lang=en,https://location.am-all.net/alm/shop?gm=98&astep=1009&sid=18391&lang=en,True,https://www.google.com/maps/search/?api=1&query=DAVE+%26+BUSTER%27S+ALA+MOANA+1450+Ala+Moana+Blvd%2C+Honolulu%2C+HI+96814
intl-1009-18504,DAVE & BUSTER'S DALLAS,North America,,9450 n central expressway dallas tx 75231,32.8773588,-96.7692242,maimai DX International Version,maimai International official / ALL.Net,https://location.am-all.net/alm/location?gm=98&ct=1009&lang=en,https://location.am-all.net/alm/shop?gm=98&astep=1009&sid=18504&lang=en,False,https://www.google.com/maps/search/?api=1&query=DAVE+%26+BUSTER%27S+DALLAS+9450+n+central+expressway+dallas+tx+75231
intl-1009-18506,"DAVE & BUSTER'S DAVENPORT, IA",North America,,5248 elmore ave davenport ia 52807,41.5722357,-90.5307591,maimai DX International Version,maimai International official / ALL.Net,https://location.am-all.net/alm/location?gm=98&ct=1009&lang=en,https://location.am-all.net/alm/shop?gm=98&astep=1009&sid=18506&lang=en,False,https://www.google.com/maps/search/?api=1&query=DAVE+%26+BUSTER%27S+DAVENPORT%2C+IA+5248+elmore+ave+davenport+ia+52807
intl-1009-18344,DAVE & BUSTER'S MCKINNEY,North America,,"4064 WEST UNIVERSITY DRIVE , Mckinney TX 75071",,,maimai DX International Version,maimai International official / ALL.Net,https://location.am-all.net/alm/location?gm=98&ct=1009&lang=en,https://location.am-all.net/alm/shop?gm=98&astep=1009&sid=18344&lang=en,True,https://www.google.com/maps/search/?api=1&query=DAVE+%26+BUSTER%27S+MCKINNEY+4064+WEST+UNIVERSITY+DRIVE+%2C+Mckinney+TX+75071
intl-1009-18505,DAVE & BUSTER'S SANTA ROSA CA,North America,,600 santa rose plaza santa roseCa 95401,38.4393252,-122.7171669,maimai DX International Version,maimai International official / ALL.Net,https://location.am-all.net/alm/location?gm=98&ct=1009&lang=en,https://location.am-all.net/alm/shop?gm=98&astep=1009&sid=18505&lang=en,False,https://www.google.com/maps/search/?api=1&query=DAVE+%26+BUSTER%27S+SANTA+ROSA+CA+600+santa+rose+plaza+santa+roseCa+95401
intl-1009-18371,DAVE & BUSTER'S SUGARLAND,North America,,19892 southwest freeway Sugarland Tx 77479,,,maimai DX International Version,maimai International official / ALL.Net,https://location.am-all.net/alm/location?gm=98&ct=1009&lang=en,https://location.am-all.net/alm/shop?gm=98&astep=1009&sid=18371&lang=en,True,https://www.google.com/maps/search/?api=1&query=DAVE+%26+BUSTER%27S+SUGARLAND+19892+southwest+freeway+Sugarland+Tx+77479
intl-1009-18500,DUCK!,North America,,"342 Central Parkway, Mall of America, Bloomington, MN 55425",44.8380806,-93.1702764,maimai DX International Version,maimai International official / ALL.Net,https://location.am-all.net/alm/location?gm=98&ct=1009&lang=en,https://location.am-all.net/alm/shop?gm=98&astep=1009&sid=18500&lang=en,False,https://www.google.com/maps/search/?api=1&query=DUCK%21+342+Central+Parkway%2C+Mall+of+America%2C+Bloomington%2C+MN+55425
intl-1009-18528,ENTERRIUM,North America,,2 WOODFIELD MALL SCHAUMBURG IL 60173,42.0453408,-88.0340351,maimai DX International Version,maimai International official / ALL.Net,https://location.am-all.net/alm/location?gm=98&ct=1009&lang=en,https://location.am-all.net/alm/shop?gm=98&astep=1009&sid=18528&lang=en,False,https://www.google.com/maps/search/?api=1&query=ENTERRIUM+2+WOODFIELD+MALL+SCHAUMBURG+IL+60173
intl-1009-18415,FAIRFIELD GOLFLAND,North America,,"4300 Central Place Fairfield, CA 94534",38.2248985,-122.1238603,maimai DX International Version,maimai International official / ALL.Net,https://location.am-all.net/alm/location?gm=98&ct=1009&lang=en,https://location.am-all.net/alm/shop?gm=98&astep=1009&sid=18415&lang=en,False,https://www.google.com/maps/search/?api=1&query=FAIRFIELD+GOLFLAND+4300+Central+Place+Fairfield%2C+CA+94534
intl-1009-18385,FUN FACTORY - MAUI MALL,North America,,"70 EAST KAAHUMANU AVE, UNIT A-13 KAHULUI, HI 96732",,,maimai DX International Version,maimai International official / ALL.Net,https://location.am-all.net/alm/location?gm=98&ct=1009&lang=en,https://location.am-all.net/alm/shop?gm=98&astep=1009&sid=18385&lang=en,True,https://www.google.com/maps/search/?api=1&query=FUN+FACTORY+-+MAUI+MALL+70+EAST+KAAHUMANU+AVE%2C+UNIT+A-13+KAHULUI%2C+HI+96732
intl-1009-18383,FUN FACTORY - MILILANI,North America,,"95-1249 MEHEULA PKWY SUITE D-8 MILILANI, HI 96789",,,maimai DX International Version,maimai International official / ALL.Net,https://location.am-all.net/alm/location?gm=98&ct=1009&lang=en,https://location.am-all.net/alm/shop?gm=98&astep=1009&sid=18383&lang=en,True,https://www.google.com/maps/search/?api=1&query=FUN+FACTORY+-+MILILANI+95-1249+MEHEULA+PKWY+SUITE+D-8+MILILANI%2C+HI+96789
intl-1009-18384,FUN FACTORY - PEARL CITY GATEWAY,North America,,"1140 KUALA STREET, UNIT #100 PEARL CITY, HI 96782",,,maimai DX International Version,maimai International official / ALL.Net,https://location.am-all.net/alm/location?gm=98&ct=1009&lang=en,https://location.am-all.net/alm/shop?gm=98&astep=1009&sid=18384&lang=en,True,https://www.google.com/maps/search/?api=1&query=FUN+FACTORY+-+PEARL+CITY+GATEWAY+1140+KUALA+STREET%2C+UNIT+%23100+PEARL+CITY%2C+HI+96782
intl-1009-18372,FUN FACTORY FF80,North America,,8001 s orange blossem trail orlando fl 32809,,,maimai DX International Version,maimai International official / ALL.Net,https://location.am-all.net/alm/location?gm=98&ct=1009&lang=en,https://location.am-all.net/alm/shop?gm=98&astep=1009&sid=18372&lang=en,True,https://www.google.com/maps/search/?api=1&query=FUN+FACTORY+FF80+8001+s+orange+blossem+trail+orlando+fl+32809
intl-1009-18345,GAMESCAPE BY CINEMARK,North America,,"3800 Ablowich drive, Greenville, TX 75402",,,maimai DX International Version,maimai International official / ALL.Net,https://location.am-all.net/alm/location?gm=98&ct=1009&lang=en,https://location.am-all.net/alm/shop?gm=98&astep=1009&sid=18345&lang=en,True,https://www.google.com/maps/search/?api=1&query=GAMESCAPE+BY+CINEMARK+3800+Ablowich+drive%2C+Greenville%2C+TX+75402
intl-1009-18511,GAMEWORKS,North America,,1511 7TH AVE SEATTLE WA 98101,47.6118622,-122.3338196,maimai DX International Version,maimai International official / ALL.Net,https://location.am-all.net/alm/location?gm=98&ct=1009&lang=en,https://location.am-all.net/alm/shop?gm=98&astep=1009&sid=18511&lang=en,False,https://www.google.com/maps/search/?api=1&query=GAMEWORKS+1511+7TH+AVE+SEATTLE+WA+98101
intl-1009-18324,GATCHA KTOWN,North America,,"313 5TH AVE MANHATTAN , NY 10016",,,maimai DX International Version,maimai International official / ALL.Net,https://location.am-all.net/alm/location?gm=98&ct=1009&lang=en,https://location.am-all.net/alm/shop?gm=98&astep=1009&sid=18324&lang=en,True,https://www.google.com/maps/search/?api=1&query=GATCHA+KTOWN+313+5TH+AVE+MANHATTAN+%2C+NY+10016
intl-1009-18402,GATCHA TANGRAM,North America,,133-33 37TH AVE #F1/F2 FLUSHINGNY 11354,40.7605824,-73.8337836,maimai DX International Version,maimai International official / ALL.Net,https://location.am-all.net/alm/location?gm=98&ct=1009&lang=en,https://location.am-all.net/alm/shop?gm=98&astep=1009&sid=18402&lang=en,False,https://www.google.com/maps/search/?api=1&query=GATCHA+TANGRAM+133-33+37TH+AVE+%23F1%2FF2+FLUSHINGNY+11354
intl-1009-18513,GOLDEN ARCADE INC. (ARCADIA),North America,,"2885 D North Military Trail West Palm Beach, FL 33409",26.7201052,-80.1122579,maimai DX International Version,maimai International official / ALL.Net,https://location.am-all.net/alm/location?gm=98&ct=1009&lang=en,https://location.am-all.net/alm/shop?gm=98&astep=1009&sid=18513&lang=en,False,https://www.google.com/maps/search/?api=1&query=GOLDEN+ARCADE+INC.+%28ARCADIA%29+2885+D+North+Military+Trail+West+Palm+Beach%2C+FL+33409
intl-1009-18521,H MART ORLANDO,North America,,"7501 W Colonial Dr, Orlando, FL32818",28.5533009,-81.4852217,maimai DX International Version,maimai International official / ALL.Net,https://location.am-all.net/alm/location?gm=98&ct=1009&lang=en,https://location.am-all.net/alm/shop?gm=98&astep=1009&sid=18521&lang=en,False,https://www.google.com/maps/search/?api=1&query=H+MART+ORLANDO+7501+W+Colonial+Dr%2C+Orlando%2C+FL32818
intl-1009-18493,IKIGAI ARCADE,North America,,"5738 BAUM BLVD PITTSBURGH, PA 15206",40.4586541,-79.9324136,maimai DX International Version,maimai International official / ALL.Net,https://location.am-all.net/alm/location?gm=98&ct=1009&lang=en,https://location.am-all.net/alm/shop?gm=98&astep=1009&sid=18493&lang=en,False,https://www.google.com/maps/search/?api=1&query=IKIGAI+ARCADE+5738+BAUM+BLVD+PITTSBURGH%2C+PA+15206
intl-1009-18525,JAPAN VILLAGE,North America,,"934 3rd Avenue Brooklyn, NY 11232",40.6560483,-74.0066468,maimai DX International Version,maimai International official / ALL.Net,https://location.am-all.net/alm/location?gm=98&ct=1009&lang=en,https://location.am-all.net/alm/shop?gm=98&astep=1009&sid=18525&lang=en,False,https://www.google.com/maps/search/?api=1&query=JAPAN+VILLAGE+934+3rd+Avenue+Brooklyn%2C+NY+11232
intl-1009-18386,JUNGLE FUN ISLAND,North America,,"1450 ALA Moana Blvd, #1218 Honolulu HI 96814",,,maimai DX International Version,maimai International official / ALL.Net,https://location.am-all.net/alm/location?gm=98&ct=1009&lang=en,https://location.am-all.net/alm/shop?gm=98&astep=1009&sid=18386&lang=en,True,https://www.google.com/maps/search/?api=1&query=JUNGLE+FUN+ISLAND+1450+ALA+Moana+Blvd%2C+%231218+Honolulu+HI+96814
intl-1009-18523,KIDDLETON,North America,,14006 riverside dr sheman oaks Ca 91423,34.1568918,-118.43639,maimai DX International Version,maimai International official / ALL.Net,https://location.am-all.net/alm/location?gm=98&ct=1009&lang=en,https://location.am-all.net/alm/shop?gm=98&astep=1009&sid=18523&lang=en,False,https://www.google.com/maps/search/?api=1&query=KIDDLETON+14006+riverside+dr+sheman+oaks+Ca+91423
intl-1009-18494,LASER BOUNCE,North America,,80-28 COOPER AVE #6-004 GLENDALE NY11385,40.7094481,-73.8687832,maimai DX International Version,maimai International official / ALL.Net,https://location.am-all.net/alm/location?gm=98&ct=1009&lang=en,https://location.am-all.net/alm/shop?gm=98&astep=1009&sid=18494&lang=en,False,https://www.google.com/maps/search/?api=1&query=LASER+BOUNCE+80-28+COOPER+AVE+%236-004+GLENDALE+NY11385
intl-1009-18526,LITTLE TOKYO,North America,,"319 E 2nd St, Los Angeles, CA 90012",34.0491876,-118.2405746,maimai DX International Version,maimai International official / ALL.Net,https://location.am-all.net/alm/location?gm=98&ct=1009&lang=en,https://location.am-all.net/alm/shop?gm=98&astep=1009&sid=18526&lang=en,False,https://www.google.com/maps/search/?api=1&query=LITTLE+TOKYO+319+E+2nd+St%2C+Los+Angeles%2C+CA+90012
intl-1009-18502,LUCKY STRIKE ALISO VIEJO,North America,,26501 Aliso Creek rd Aliso Viejo ca 92656,33.578837,-117.7248752,maimai DX International Version,maimai International official / ALL.Net,https://location.am-all.net/alm/location?gm=98&ct=1009&lang=en,https://location.am-all.net/alm/shop?gm=98&astep=1009&sid=18502&lang=en,False,https://www.google.com/maps/search/?api=1&query=LUCKY+STRIKE+ALISO+VIEJO+26501+Aliso+Creek+rd+Aliso+Viejo+ca+92656
intl-1009-18325,ONE MORE EXTRA STAGE,North America,,"1313 w El Camino Real , suite A, Mountain View , Ca 94040",,,maimai DX International Version,maimai International official / ALL.Net,https://location.am-all.net/alm/location?gm=98&ct=1009&lang=en,https://location.am-all.net/alm/shop?gm=98&astep=1009&sid=18325&lang=en,True,https://www.google.com/maps/search/?api=1&query=ONE+MORE+EXTRA+STAGE+1313+w+El+Camino+Real+%2C+suite+A%2C+Mountain+View+%2C+Ca+94040
intl-1009-18353,PLAYDIUM VAUGHAN,North America,,"1 BASS PRO MILLS DR, CONCORD, ON L4K5W4",,,maimai DX International Version,maimai International official / ALL.Net,https://location.am-all.net/alm/location?gm=98&ct=1009&lang=en,https://location.am-all.net/alm/shop?gm=98&astep=1009&sid=18353&lang=en,True,https://www.google.com/maps/search/?api=1&query=PLAYDIUM+VAUGHAN+1+BASS+PRO+MILLS+DR%2C+CONCORD%2C+ON+L4K5W4
intl-1009-18416,ROSEVILLE GOLFLAND,North America,,"1893 Taylor Road Roseville, CA 95661",38.761245,-121.2576292,maimai DX International Version,maimai International official / ALL.Net,https://location.am-all.net/alm/location?gm=98&ct=1009&lang=en,https://location.am-all.net/alm/shop?gm=98&astep=1009&sid=18416&lang=en,False,https://www.google.com/maps/search/?api=1&query=ROSEVILLE+GOLFLAND+1893+Taylor+Road+Roseville%2C+CA+95661
intl-1009-21467,ROUND1 ARLINGTON PARKS,North America,,"3811 S. Cooper St., Suite 6004,Arlington TX 76015",32.6796797,-97.1295441,maimai DX International Version,maimai International official / ALL.Net,https://location.am-all.net/alm/location?gm=98&ct=1009&lang=en,https://location.am-all.net/alm/shop?gm=98&astep=1009&sid=21467&lang=en,False,https://www.google.com/maps/search/?api=1&query=ROUND1+ARLINGTON+PARKS+3811+S.+Cooper+St.%2C+Suite+6004%2CArlington+TX+76015
intl-1009-18978,ROUND1 ARROWHEAD TOWN CENTER,North America,,"7650 Arrowhead Town Center, Glendale, AZ 85308",33.6413806,-112.2240577,maimai DX International Version,maimai International official / ALL.Net,https://location.am-all.net/alm/location?gm=98&ct=1009&lang=en,https://location.am-all.net/alm/shop?gm=98&astep=1009&sid=18978&lang=en,False,https://www.google.com/maps/search/?api=1&query=ROUND1+ARROWHEAD+TOWN+CENTER+7650+Arrowhead+Town+Center%2C+Glendale%2C+AZ+85308
intl-1009-20641,ROUND1 BROADWAY MALL,North America,,"358 North Broadway, Suite 1950,Hicksville, NY 11801",40.7732181,-73.5295087,maimai DX International Version,maimai International official / ALL.Net,https://location.am-all.net/alm/location?gm=98&ct=1009&lang=en,https://location.am-all.net/alm/shop?gm=98&astep=1009&sid=20641&lang=en,False,https://www.google.com/maps/search/?api=1&query=ROUND1+BROADWAY+MALL+358+North+Broadway%2C+Suite+1950%2CHicksville%2C+NY+11801
intl-1009-19785,ROUND1 BURBANK TOWN CENTER,North America,,"201 E Magnolia Blvd, Suite 145,Burbank, CA 91502",34.1833774,-118.3124048,maimai DX International Version,maimai International official / ALL.Net,https://location.am-all.net/alm/location?gm=98&ct=1009&lang=en,https://location.am-all.net/alm/shop?gm=98&astep=1009&sid=19785&lang=en,False,https://www.google.com/maps/search/?api=1&query=ROUND1+BURBANK+TOWN+CENTER+201+E+Magnolia+Blvd%2C+Suite+145%2CBurbank%2C+CA+91502
intl-1009-18719,ROUND1 CHANDLER FASHION CENTER,North America,,"3111 W Chandler Blvd, Chandler,AZ 85226",33.3014704,-111.8984059,maimai DX International Version,maimai International official / ALL.Net,https://location.am-all.net/alm/location?gm=98&ct=1009&lang=en,https://location.am-all.net/alm/shop?gm=98&astep=1009&sid=18719&lang=en,False,https://www.google.com/maps/search/?api=1&query=ROUND1+CHANDLER+FASHION+CENTER+3111+W+Chandler+Blvd%2C+Chandler%2CAZ+85226
intl-1009-20334,ROUND1 CORONADO CENTER MALL,North America,,"6600 Menaul NE, Suite 2000-2, Albuquerque, NM 87110",35.1071051,-106.5702173,maimai DX International Version,maimai International official / ALL.Net,https://location.am-all.net/alm/location?gm=98&ct=1009&lang=en,https://location.am-all.net/alm/shop?gm=98&astep=1009&sid=20334&lang=en,False,https://www.google.com/maps/search/?api=1&query=ROUND1+CORONADO+CENTER+MALL+6600+Menaul+NE%2C+Suite+2000-2%2C+Albuquerque%2C+NM+87110
intl-1009-20570,ROUND1 CRYSTAL RUN GALLERIA,North America,,"1 Galleria Dr., Suite 01, Middletown, NY 10941",41.452837,-74.3683538,maimai DX International Version,maimai International official / ALL.Net,https://location.am-all.net/alm/location?gm=98&ct=1009&lang=en,https://location.am-all.net/alm/shop?gm=98&astep=1009&sid=20570&lang=en,False,https://www.google.com/maps/search/?api=1&query=ROUND1+CRYSTAL+RUN+GALLERIA+1+Galleria+Dr.%2C+Suite+01%2C+Middletown%2C+NY+10941
intl-1009-19562,ROUND1 CUMBERLAND MALL,North America,,"2860 Cumberland Mall, Suite 1500, Atlanta, GA 30339",33.8799947,-84.4680649,maimai DX International Version,maimai International official / ALL.Net,https://location.am-all.net/alm/location?gm=98&ct=1009&lang=en,https://location.am-all.net/alm/shop?gm=98&astep=1009&sid=19562&lang=en,False,https://www.google.com/maps/search/?api=1&query=ROUND1+CUMBERLAND+MALL+2860+Cumberland+Mall%2C+Suite+1500%2C+Atlanta%2C+GA+30339
intl-1009-18977,ROUND1 DANBURY FAIR,North America,,"7 Backus Avenue, #M100, Danbury, CT, 06810",41.3804789,-73.4784187,maimai DX International Version,maimai International official / ALL.Net,https://location.am-all.net/alm/location?gm=98&ct=1009&lang=en,https://location.am-all.net/alm/shop?gm=98&astep=1009&sid=18977&lang=en,False,https://www.google.com/maps/search/?api=1&query=ROUND1+DANBURY+FAIR+7+Backus+Avenue%2C+%23M100%2C+Danbury%2C+CT%2C+06810
intl-1009-18718,ROUND1 DEERBROOK MALL,North America,,"20131 US-59, Humble, TX 77338",30.0089636,-95.2697497,maimai DX International Version,maimai International official / ALL.Net,https://location.am-all.net/alm/location?gm=98&ct=1009&lang=en,https://location.am-all.net/alm/shop?gm=98&astep=1009&sid=18718&lang=en,False,https://www.google.com/maps/search/?api=1&query=ROUND1+DEERBROOK+MALL+20131+US-59%2C+Humble%2C+TX+77338
intl-1009-19645,ROUND1 DEPTFORD MALL,North America,,"1750 Deptford Center Road,Space#2350,Deptford Township,NJ 08096",39.8314319,-75.0978249,maimai DX International Version,maimai International official / ALL.Net,https://location.am-all.net/alm/location?gm=98&ct=1009&lang=en,https://location.am-all.net/alm/shop?gm=98&astep=1009&sid=19645&lang=en,False,https://www.google.com/maps/search/?api=1&query=ROUND1+DEPTFORD+MALL+1750+Deptford+Center+Road%2CSpace%232350%2CDeptford+Township%2CNJ+08096
intl-1009-21247,ROUND1 EASTRIDGE SHOPPING CENTER,North America,,"2200 Eastridge Loop Suite 2094,San Jose, CA 95122",37.3255349,-121.8133811,maimai DX International Version,maimai International official / ALL.Net,https://location.am-all.net/alm/location?gm=98&ct=1009&lang=en,https://location.am-all.net/alm/shop?gm=98&astep=1009&sid=21247&lang=en,False,https://www.google.com/maps/search/?api=1&query=ROUND1+EASTRIDGE+SHOPPING+CENTER+2200+Eastridge+Loop+Suite+2094%2CSan+Jose%2C+CA+95122
intl-1009-20784,ROUND1 EXTON SQUARE MALL,North America,,"172 Exton Square Parkway D100, Exton, PA 19341",40.0329129,-75.6267116,maimai DX International Version,maimai International official / ALL.Net,https://location.am-all.net/alm/location?gm=98&ct=1009&lang=en,https://location.am-all.net/alm/shop?gm=98&astep=1009&sid=20784&lang=en,False,https://www.google.com/maps/search/?api=1&query=ROUND1+EXTON+SQUARE+MALL+172+Exton+Square+Parkway+D100%2C+Exton%2C+PA+19341
intl-1009-19989,ROUND1 FAIRFIELD COMMONS,North America,,"2727 Fairfield Commons, Suite ANC1A, Beavercreek, OH 45431",39.7672589,-84.0566336,maimai DX International Version,maimai International official / ALL.Net,https://location.am-all.net/alm/location?gm=98&ct=1009&lang=en,https://location.am-all.net/alm/shop?gm=98&astep=1009&sid=19989&lang=en,False,https://www.google.com/maps/search/?api=1&query=ROUND1+FAIRFIELD+COMMONS+2727+Fairfield+Commons%2C+Suite+ANC1A%2C+Beavercreek%2C+OH+45431
intl-1009-19972,ROUND1 FASHION DISTRICT PHILADELPHIA,North America,,"1001 Market Street, #3010, Philadelphia, PA 19107",39.9519835,-75.1571648,maimai DX International Version,maimai International official / ALL.Net,https://location.am-all.net/alm/location?gm=98&ct=1009&lang=en,https://location.am-all.net/alm/shop?gm=98&astep=1009&sid=19972&lang=en,False,https://www.google.com/maps/search/?api=1&query=ROUND1+FASHION+DISTRICT+PHILADELPHIA+1001+Market+Street%2C+%233010%2C+Philadelphia%2C+PA+19107
intl-1009-20487,ROUND1 FOUR SEASONS TOWN CENTRE,North America,,"125 Four Seasons Town Centre Greensboro, NC 27407",36.0392769,-79.8384279,maimai DX International Version,maimai International official / ALL.Net,https://location.am-all.net/alm/location?gm=98&ct=1009&lang=en,https://location.am-all.net/alm/shop?gm=98&astep=1009&sid=20487&lang=en,False,https://www.google.com/maps/search/?api=1&query=ROUND1+FOUR+SEASONS+TOWN+CENTRE+125+Four+Seasons+Town+Centre+Greensboro%2C+NC+27407
intl-1009-20724,ROUND1 FOX VALLEY MALL,North America,,"2480 Fox Valley Center, B13 Aurora, IL 60504",41.7588775,-88.2126401,maimai DX International Version,maimai International official / ALL.Net,https://location.am-all.net/alm/location?gm=98&ct=1009&lang=en,https://location.am-all.net/alm/shop?gm=98&astep=1009&sid=20724&lang=en,False,https://www.google.com/maps/search/?api=1&query=ROUND1+FOX+VALLEY+MALL+2480+Fox+Valley+Center%2C+B13+Aurora%2C+IL+60504
intl-1009-20165,ROUND1 GATEWAY MALL,North America,,"6100 O St., Space 190A, Lincoln, NE 68505",40.8156596,-96.6350068,maimai DX International Version,maimai International official / ALL.Net,https://location.am-all.net/alm/location?gm=98&ct=1009&lang=en,https://location.am-all.net/alm/shop?gm=98&astep=1009&sid=20165&lang=en,False,https://www.google.com/maps/search/?api=1&query=ROUND1+GATEWAY+MALL+6100+O+St.%2C+Space+190A%2C+Lincoln%2C+NE+68505
intl-1009-20972,ROUND1 GRAPEVINE MILLS,North America,,"3000 Grapevine Mills Pkwy Suite613, Grapevine, TX 76051",32.9661607,-97.0425031,maimai DX International Version,maimai International official / ALL.Net,https://location.am-all.net/alm/location?gm=98&ct=1009&lang=en,https://location.am-all.net/alm/shop?gm=98&astep=1009&sid=20972&lang=en,False,https://www.google.com/maps/search/?api=1&query=ROUND1+GRAPEVINE+MILLS+3000+Grapevine+Mills+Pkwy+Suite613%2C+Grapevine%2C+TX+76051
intl-1009-20569,ROUND1 GREAT LAKES CROSSING,North America,,"4220 Baldwin Rd. Suite A502, Auburn Hills, MI. 48326",42.702464,-83.305411,maimai DX International Version,maimai International official / ALL.Net,https://location.am-all.net/alm/location?gm=98&ct=1009&lang=en,https://location.am-all.net/alm/shop?gm=98&astep=1009&sid=20569&lang=en,False,https://www.google.com/maps/search/?api=1&query=ROUND1+GREAT+LAKES+CROSSING+4220+Baldwin+Rd.+Suite+A502%2C+Auburn+Hills%2C+MI.+48326
intl-1009-20402,ROUND1 GREAT LAKES MALL,North America,,"7850 Mentor Ave. Suite 200A, Mentor, OH 44060",41.6570654,-81.3604541,maimai DX International Version,maimai International official / ALL.Net,https://location.am-all.net/alm/location?gm=98&ct=1009&lang=en,https://location.am-all.net/alm/shop?gm=98&astep=1009&sid=20402&lang=en,False,https://www.google.com/maps/search/?api=1&query=ROUND1+GREAT+LAKES+MALL+7850+Mentor+Ave.+Suite+200A%2C+Mentor%2C+OH+44060
intl-1009-18878,ROUND1 GURNEE MILLS,North America,,"6136 West Grand Avenue, Space 500, Gurnee, IL, 60031",42.3899294,-87.9593224,maimai DX International Version,maimai International official / ALL.Net,https://location.am-all.net/alm/location?gm=98&ct=1009&lang=en,https://location.am-all.net/alm/shop?gm=98&astep=1009&sid=18878&lang=en,False,https://www.google.com/maps/search/?api=1&query=ROUND1+GURNEE+MILLS+6136+West+Grand+Avenue%2C+Space+500%2C+Gurnee%2C+IL%2C+60031
intl-1009-20120,ROUND1 HOLYOKE MALL,North America,,"50 Holyoke Street, Space J210, Holyoke, MA 01040",42.1676302,-72.6413569,maimai DX International Version,maimai International official / ALL.Net,https://location.am-all.net/alm/location?gm=98&ct=1009&lang=en,https://location.am-all.net/alm/shop?gm=98&astep=1009&sid=20120&lang=en,False,https://www.google.com/maps/search/?api=1&query=ROUND1+HOLYOKE+MALL+50+Holyoke+Street%2C+Space+J210%2C+Holyoke%2C+MA+01040
intl-1009-18717,ROUND1 JERSEY GARDEN,North America,,"651 Kapkowski Rd, Elizabeth, NJ07201",40.6590029,-74.1695025,maimai DX International Version,maimai International official / ALL.Net,https://location.am-all.net/alm/location?gm=98&ct=1009&lang=en,https://location.am-all.net/alm/shop?gm=98&astep=1009&sid=18717&lang=en,False,https://www.google.com/maps/search/?api=1&query=ROUND1+JERSEY+GARDEN+651+Kapkowski+Rd%2C+Elizabeth%2C+NJ07201
intl-1009-22693,ROUND1 LAKEWOOD MALL,North America,,"401 Lakewood Ctr. Mall, Lakewood, CA 90712",33.8503968829157,-118.138580712164,maimai DX International Version,maimai International official / ALL.Net,https://location.am-all.net/alm/location?gm=98&ct=1009&lang=en,https://location.am-all.net/alm/shop?gm=98&astep=1009&sid=22693&lang=en,False,https://www.google.com/maps/search/?api=1&query=ROUND1+LAKEWOOD+MALL+401+Lakewood+Ctr.+Mall%2C+Lakewood%2C+CA+90712
intl-1009-18976,ROUND1 LAS VEGAS SOUTH PREMIUM OUTLETS,North America,,"7400 S. Las Vegas Blvd, Ste 0213, Las Vegas, NV, 89123",36.0510062,-115.1688657,maimai DX International Version,maimai International official / ALL.Net,https://location.am-all.net/alm/location?gm=98&ct=1009&lang=en,https://location.am-all.net/alm/shop?gm=98&astep=1009&sid=18976&lang=en,False,https://www.google.com/maps/search/?api=1&query=ROUND1+LAS+VEGAS+SOUTH+PREMIUM+OUTLETS+7400+S.+Las+Vegas+Blvd%2C+Ste+0213%2C+Las+Vegas%2C+NV%2C+89123
intl-1009-21347,ROUND1 MAIN PLACE MALL,North America,,"2800 N. Main St. Suite 1100, Santa Ana, CA 92705",33.7757392875232,-117.870006191818,maimai DX International Version,maimai International official / ALL.Net,https://location.am-all.net/alm/location?gm=98&ct=1009&lang=en,https://location.am-all.net/alm/shop?gm=98&astep=1009&sid=21347&lang=en,False,https://www.google.com/maps/search/?api=1&query=ROUND1+MAIN+PLACE+MALL+2800+N.+Main+St.+Suite+1100%2C+Santa+Ana%2C+CA+92705
intl-1009-20344,ROUND1 MAINE MALL,North America,,"364 Maine Mall Road, Space XH, South Portland, ME 04106",43.6342134,-70.3367879,maimai DX International Version,maimai International official / ALL.Net,https://location.am-all.net/alm/location?gm=98&ct=1009&lang=en,https://location.am-all.net/alm/shop?gm=98&astep=1009&sid=20344&lang=en,False,https://www.google.com/maps/search/?api=1&query=ROUND1+MAINE+MALL+364+Maine+Mall+Road%2C+Space+XH%2C+South+Portland%2C+ME+04106
intl-1009-20041,ROUND1 MEADOWOOD MALL,North America,,"5400 Meadowood Mall Circle,Reno,NV 89502",39.4745831,-119.7804218,maimai DX International Version,maimai International official / ALL.Net,https://location.am-all.net/alm/location?gm=98&ct=1009&lang=en,https://location.am-all.net/alm/shop?gm=98&astep=1009&sid=20041&lang=en,False,https://www.google.com/maps/search/?api=1&query=ROUND1+MEADOWOOD+MALL+5400+Meadowood+Mall+Circle%2CReno%2CNV+89502
intl-1009-20009,ROUND1 MEADOWS MALL,North America,,"4000 Meadows Ln Suite 100, Las Vegas, NV 89107",36.172672,-115.194732,maimai DX International Version,maimai International official / ALL.Net,https://location.am-all.net/alm/location?gm=98&ct=1009&lang=en,https://location.am-all.net/alm/shop?gm=98&astep=1009&sid=20009&lang=en,False,https://www.google.com/maps/search/?api=1&query=ROUND1+MEADOWS+MALL+4000+Meadows+Ln+Suite+100%2C+Las+Vegas%2C+NV+89107
intl-1009-18534,ROUND1 MENLO PARK MALL,North America,,"55 PARSONAGE ROAD, SPACE 1850A,EDISON, NJ 08837",,,maimai DX International Version,maimai International official / ALL.Net,https://location.am-all.net/alm/location?gm=98&ct=1009&lang=en,https://location.am-all.net/alm/shop?gm=98&astep=1009&sid=18534&lang=en,True,https://www.google.com/maps/search/?api=1&query=ROUND1+MENLO+PARK+MALL+55+PARSONAGE+ROAD%2C+SPACE+1850A%2CEDISON%2C+NJ+08837
intl-1009-20228,ROUND1 MILLCREEK MALL,North America,,"5800 Peach St., Unit #825, Erie, PA 16509",42.0669047,-80.0988507,maimai DX International Version,maimai International official / ALL.Net,https://location.am-all.net/alm/location?gm=98&ct=1009&lang=en,https://location.am-all.net/alm/shop?gm=98&astep=1009&sid=20228&lang=en,False,https://www.google.com/maps/search/?api=1&query=ROUND1+MILLCREEK+MALL+5800+Peach+St.%2C+Unit+%23825%2C+Erie%2C+PA+16509
intl-1009-22694,ROUND1 MORENO VALLEY MALL,North America,,"22500 Town Circle Suite 2030, Moreno Valley, CA 92553",33.9387359,-117.2713013,maimai DX International Version,maimai International official / ALL.Net,https://location.am-all.net/alm/location?gm=98&ct=1009&lang=en,https://location.am-all.net/alm/shop?gm=98&astep=1009&sid=22694&lang=en,False,https://www.google.com/maps/search/?api=1&query=ROUND1+MORENO+VALLEY+MALL+22500+Town+Circle+Suite+2030%2C+Moreno+Valley%2C+CA+92553
intl-1009-20164,ROUND1 NORTH RIVERSIDE MALL,North America,,"7503 W Cermak Rd., Suite B, North Riverside, IL 60546",41.8501667,-87.8123863,maimai DX International Version,maimai International official / ALL.Net,https://location.am-all.net/alm/location?gm=98&ct=1009&lang=en,https://location.am-all.net/alm/shop?gm=98&astep=1009&sid=20164&lang=en,False,https://www.google.com/maps/search/?api=1&query=ROUND1+NORTH+RIVERSIDE+MALL+7503+W+Cermak+Rd.%2C+Suite+B%2C+North+Riverside%2C+IL+60546
intl-1009-19132,ROUND1 NORTH STAR MALL,North America,,"7400 San Pedro Ave, Suite 2600,San Antonio, TX 78216",29.518505,-98.498178,maimai DX International Version,maimai International official / ALL.Net,https://location.am-all.net/alm/location?gm=98&ct=1009&lang=en,https://location.am-all.net/alm/shop?gm=98&astep=1009&sid=19132&lang=en,False,https://www.google.com/maps/search/?api=1&query=ROUND1+NORTH+STAR+MALL+7400+San+Pedro+Ave%2C+Suite+2600%2CSan+Antonio%2C+TX+78216
intl-1009-20227,ROUND1 NORTHRIDGE MALL,North America,,"1600 Northridge Mall, #200, Salinas, CA 93906",36.7169,-121.658187,maimai DX International Version,maimai International official / ALL.Net,https://location.am-all.net/alm/location?gm=98&ct=1009&lang=en,https://location.am-all.net/alm/shop?gm=98&astep=1009&sid=20227&lang=en,False,https://www.google.com/maps/search/?api=1&query=ROUND1+NORTHRIDGE+MALL+1600+Northridge+Mall%2C+%23200%2C+Salinas%2C+CA+93906
intl-1009-19508,ROUND1 PARK CITY CENTER,North America,,"200 Park City Center, Lancaster, PA 17601",40.0688229,-76.3388131,maimai DX International Version,maimai International official / ALL.Net,https://location.am-all.net/alm/location?gm=98&ct=1009&lang=en,https://location.am-all.net/alm/shop?gm=98&astep=1009&sid=19508&lang=en,False,https://www.google.com/maps/search/?api=1&query=ROUND1+PARK+CITY+CENTER+200+Park+City+Center%2C+Lancaster%2C+PA+17601
intl-1009-20010,ROUND1 PARK PLACE MALL,North America,,"5950 E Broadway Blvd Suite 110,Tucson, AZ 85711",32.2204809,-110.8637691,maimai DX International Version,maimai International official / ALL.Net,https://location.am-all.net/alm/location?gm=98&ct=1009&lang=en,https://location.am-all.net/alm/shop?gm=98&astep=1009&sid=20010&lang=en,False,https://www.google.com/maps/search/?api=1&query=ROUND1+PARK+PLACE+MALL+5950+E+Broadway+Blvd+Suite+110%2CTucson%2C+AZ+85711
intl-1009-19226,ROUND1 PEMBROKE LAKES MALL,North America,,"12055 Pines BLVD, Pembroke Pines, FL 33026",26.010591,-80.307858,maimai DX International Version,maimai International official / ALL.Net,https://location.am-all.net/alm/location?gm=98&ct=1009&lang=en,https://location.am-all.net/alm/shop?gm=98&astep=1009&sid=19226&lang=en,False,https://www.google.com/maps/search/?api=1&query=ROUND1+PEMBROKE+LAKES+MALL+12055+Pines+BLVD%2C+Pembroke+Pines%2C+FL+33026
intl-1009-18879,ROUND1 PLAZA BONITA,North America,,"3030 Plaza Bonita Road, Suite 1025, National City, CA, 91950",32.6540046,-117.0653642,maimai DX International Version,maimai International official / ALL.Net,https://location.am-all.net/alm/location?gm=98&ct=1009&lang=en,https://location.am-all.net/alm/shop?gm=98&astep=1009&sid=18879&lang=en,False,https://www.google.com/maps/search/?api=1&query=ROUND1+PLAZA+BONITA+3030+Plaza+Bonita+Road%2C+Suite+1025%2C+National+City%2C+CA%2C+91950
intl-1009-19683,ROUND1 POTOMAC MILLS MALL,North America,,"2700 Potomac Mills Circle, Suite 882, Woodbridge, VA 22192",38.6433621,-77.2961829,maimai DX International Version,maimai International official / ALL.Net,https://location.am-all.net/alm/location?gm=98&ct=1009&lang=en,https://location.am-all.net/alm/shop?gm=98&astep=1009&sid=19683&lang=en,False,https://www.google.com/maps/search/?api=1&query=ROUND1+POTOMAC+MILLS+MALL+2700+Potomac+Mills+Circle%2C+Suite+882%2C+Woodbridge%2C+VA+22192
intl-1009-20119,ROUND1 PROMENADE TEMECULA,North America,,"40710 Winchester Road, Suite 100, Temecula, CA 92591",33.5275009,-117.1529917,maimai DX International Version,maimai International official / ALL.Net,https://location.am-all.net/alm/location?gm=98&ct=1009&lang=en,https://location.am-all.net/alm/shop?gm=98&astep=1009&sid=20119&lang=en,False,https://www.google.com/maps/search/?api=1&query=ROUND1+PROMENADE+TEMECULA+40710+Winchester+Road%2C+Suite+100%2C+Temecula%2C+CA+92591
intl-1009-22695,ROUND1 PUENTE HILLS MALL,North America,,"1600 S Azusa Ave. Suite 285, City of Industry, CA 91748",33.9935867,-117.9274765,maimai DX International Version,maimai International official / ALL.Net,https://location.am-all.net/alm/location?gm=98&ct=1009&lang=en,https://location.am-all.net/alm/shop?gm=98&astep=1009&sid=22695&lang=en,False,https://www.google.com/maps/search/?api=1&query=ROUND1+PUENTE+HILLS+MALL+1600+S+Azusa+Ave.+Suite+285%2C+City+of+Industry%2C+CA+91748
intl-1009-19461,ROUND1 QUAIL SPRINGS MALL,North America,,"2501 W. Memorial Rd, Suite 110,Oklahoma City, OK 73134",35.6103281,-97.5588739,maimai DX International Version,maimai International official / ALL.Net,https://location.am-all.net/alm/location?gm=98&ct=1009&lang=en,https://location.am-all.net/alm/shop?gm=98&astep=1009&sid=19461&lang=en,False,https://www.google.com/maps/search/?api=1&query=ROUND1+QUAIL+SPRINGS+MALL+2501+W.+Memorial+Rd%2C+Suite+110%2COklahoma+City%2C+OK+73134
intl-1009-19225,ROUND1 ROSEVILLE MALL,North America,,"1191 Galleria BL Suit 150, Roseville, CA 95678",38.7747318,-121.2700189,maimai DX International Version,maimai International official / ALL.Net,https://location.am-all.net/alm/location?gm=98&ct=1009&lang=en,https://location.am-all.net/alm/shop?gm=98&astep=1009&sid=19225&lang=en,False,https://www.google.com/maps/search/?api=1&query=ROUND1+ROSEVILLE+MALL+1191+Galleria+BL+Suit+150%2C+Roseville%2C+CA+95678
intl-1009-18927,ROUND1 SHOPS AT MISSION VIEJO,North America,,"60C The Shops at Mission Viejo,Mission Viejo, CA 92691",33.5576683,-117.6695391,maimai DX International Version,maimai International official / ALL.Net,https://location.am-all.net/alm/location?gm=98&ct=1009&lang=en,https://location.am-all.net/alm/shop?gm=98&astep=1009&sid=18927&lang=en,False,https://www.google.com/maps/search/?api=1&query=ROUND1+SHOPS+AT+MISSION+VIEJO+60C+The+Shops+at+Mission+Viejo%2CMission+Viejo%2C+CA+92691
intl-1009-19224,ROUND1 SOUTH HILL MALL,North America,,"3500 S Meridian, Suite 900, Puyallup, WA 98373",47.1573499,-122.3005397,maimai DX International Version,maimai International official / ALL.Net,https://location.am-all.net/alm/location?gm=98&ct=1009&lang=en,https://location.am-all.net/alm/shop?gm=98&astep=1009&sid=19224&lang=en,False,https://www.google.com/maps/search/?api=1&query=ROUND1+SOUTH+HILL+MALL+3500+S+Meridian%2C+Suite+900%2C+Puyallup%2C+WA+98373
intl-1009-20229,ROUND1 SOUTH TOWN CENTER,North America,,"10450 S. State Street, Suite 2405-1, Sandy, UT 84070",40.5614329,-111.8793313,maimai DX International Version,maimai International official / ALL.Net,https://location.am-all.net/alm/location?gm=98&ct=1009&lang=en,https://location.am-all.net/alm/shop?gm=98&astep=1009&sid=20229&lang=en,False,https://www.google.com/maps/search/?api=1&query=ROUND1+SOUTH+TOWN+CENTER+10450+S.+State+Street%2C+Suite+2405-1%2C+Sandy%2C+UT+84070
intl-1009-20768,ROUND1 SOUTH WEST PLAZA,North America,,"8501 West Bowles Ave., Space 1183 Littleton, CO 80123",39.6119798,-105.0956537,maimai DX International Version,maimai International official / ALL.Net,https://location.am-all.net/alm/location?gm=98&ct=1009&lang=en,https://location.am-all.net/alm/shop?gm=98&astep=1009&sid=20768&lang=en,False,https://www.google.com/maps/search/?api=1&query=ROUND1+SOUTH+WEST+PLAZA+8501+West+Bowles+Ave.%2C+Space+1183+Littleton%2C+CO+80123
intl-1009-20980,ROUND1 SOUTHCENTER MALL,North America,,"2351 Southcenter Mall, Tukwila,WA 98188",47.4576967,-122.2611286,maimai DX International Version,maimai International official / ALL.Net,https://location.am-all.net/alm/location?gm=98&ct=1009&lang=en,https://location.am-all.net/alm/shop?gm=98&astep=1009&sid=20980&lang=en,False,https://www.google.com/maps/search/?api=1&query=ROUND1+SOUTHCENTER+MALL+2351+Southcenter+Mall%2C+Tukwila%2CWA+98188
intl-1009-20062,ROUND1 SOUTHLAND MALL,North America,,"545 Southland Mall Dr. Hayward,CA 94545",37.6509859,-122.1036974,maimai DX International Version,maimai International official / ALL.Net,https://location.am-all.net/alm/location?gm=98&ct=1009&lang=en,https://location.am-all.net/alm/shop?gm=98&astep=1009&sid=20062&lang=en,False,https://www.google.com/maps/search/?api=1&query=ROUND1+SOUTHLAND+MALL+545+Southland+Mall+Dr.+Hayward%2CCA+94545
intl-1009-20139,ROUND1 SOUTHRIDGE MALL,North America,,"5200 S 76th St., Suite C, Greendale, WI 53129",42.9502674,-88.0057293,maimai DX International Version,maimai International official / ALL.Net,https://location.am-all.net/alm/location?gm=98&ct=1009&lang=en,https://location.am-all.net/alm/shop?gm=98&astep=1009&sid=20139&lang=en,False,https://www.google.com/maps/search/?api=1&query=ROUND1+SOUTHRIDGE+MALL+5200+S+76th+St.%2C+Suite+C%2C+Greendale%2C+WI+53129
intl-1009-18766,ROUND1 STONESTOWN GALLERIA,North America,,"3251 20th Ave, San Francisco, CA 94132",37.7277303,-122.4769749,maimai DX International Version,maimai International official / ALL.Net,https://location.am-all.net/alm/location?gm=98&ct=1009&lang=en,https://location.am-all.net/alm/shop?gm=98&astep=1009&sid=18766&lang=en,False,https://www.google.com/maps/search/?api=1&query=ROUND1+STONESTOWN+GALLERIA+3251+20th+Ave%2C+San+Francisco%2C+CA+94132
intl-1009-20877,ROUND1 SUNVALLEY MALL,North America,,"185 Sunvalley Mall Concord, CA 94520",37.9671559,-122.0617194,maimai DX International Version,maimai International official / ALL.Net,https://location.am-all.net/alm/location?gm=98&ct=1009&lang=en,https://location.am-all.net/alm/shop?gm=98&astep=1009&sid=20877&lang=en,False,https://www.google.com/maps/search/?api=1&query=ROUND1+SUNVALLEY+MALL+185+Sunvalley+Mall+Concord%2C+CA+94520
intl-1009-18367,ROUND1 THE SHOPS AT SKYVIEW,North America,,"131-07 40th Road, Suite C01 Flushing, Queens NY 11354",,,maimai DX International Version,maimai International official / ALL.Net,https://location.am-all.net/alm/location?gm=98&ct=1009&lang=en,https://location.am-all.net/alm/shop?gm=98&astep=1009&sid=18367&lang=en,True,https://www.google.com/maps/search/?api=1&query=ROUND1+THE+SHOPS+AT+SKYVIEW+131-07+40th+Road%2C+Suite+C01+Flushing%2C+Queens+NY+11354
intl-1009-19757,ROUND1 TOWN EAST SQUARE,North America,,"7700 East Kellogg Drive, Suite G03J, Wichita, KS 67207",37.6826997,-97.2474183,maimai DX International Version,maimai International official / ALL.Net,https://location.am-all.net/alm/location?gm=98&ct=1009&lang=en,https://location.am-all.net/alm/shop?gm=98&astep=1009&sid=19757&lang=en,False,https://www.google.com/maps/search/?api=1&query=ROUND1+TOWN+EAST+SQUARE+7700+East+Kellogg+Drive%2C+Suite+G03J%2C+Wichita%2C+KS+67207
intl-1009-19988,ROUND1 TOWSON TOWN CENTER,North America,,"825 Dulaney Valley Road, Suite 1190, Towson, MD 21204",39.4042658,-76.5990278,maimai DX International Version,maimai International official / ALL.Net,https://location.am-all.net/alm/location?gm=98&ct=1009&lang=en,https://location.am-all.net/alm/shop?gm=98&astep=1009&sid=19988&lang=en,False,https://www.google.com/maps/search/?api=1&query=ROUND1+TOWSON+TOWN+CENTER+825+Dulaney+Valley+Road%2C+Suite+1190%2C+Towson%2C+MD+21204
intl-1009-19873,ROUND1 VALLEY RIVER CENTER,North America,,"600 Valley River Center, Suite 100, Eugene, OR 97401",44.0669886,-123.1047543,maimai DX International Version,maimai International official / ALL.Net,https://location.am-all.net/alm/location?gm=98&ct=1009&lang=en,https://location.am-all.net/alm/shop?gm=98&astep=1009&sid=19873&lang=en,False,https://www.google.com/maps/search/?api=1&query=ROUND1+VALLEY+RIVER+CENTER+600+Valley+River+Center%2C+Suite+100%2C+Eugene%2C+OR+97401
intl-1009-19642,ROUND1 VANCOUVER MALL,North America,,"8800 NE Vancouver Mall Dr., Suite 100, Vancouver, WA 98662",45.6573284,-122.5830218,maimai DX International Version,maimai International official / ALL.Net,https://location.am-all.net/alm/location?gm=98&ct=1009&lang=en,https://location.am-all.net/alm/shop?gm=98&astep=1009&sid=19642&lang=en,False,https://www.google.com/maps/search/?api=1&query=ROUND1+VANCOUVER+MALL+8800+NE+Vancouver+Mall+Dr.%2C+Suite+100%2C+Vancouver%2C+WA+98662
intl-1009-18524,SF JAPAN CENTER,North America,,"1581 Webster St #225 San Francisco, CA 94115",37.7849544,-122.4317274,maimai DX International Version,maimai International official / ALL.Net,https://location.am-all.net/alm/location?gm=98&ct=1009&lang=en,https://location.am-all.net/alm/shop?gm=98&astep=1009&sid=18524&lang=en,False,https://www.google.com/maps/search/?api=1&query=SF+JAPAN+CENTER+1581+Webster+St+%23225+San+Francisco%2C+CA+94115
intl-1009-18326,SIZIGI 20TH STREET,North America,,933 20th st san fransisco ca 94107,,,maimai DX International Version,maimai International official / ALL.Net,https://location.am-all.net/alm/location?gm=98&ct=1009&lang=en,https://location.am-all.net/alm/shop?gm=98&astep=1009&sid=18326&lang=en,True,https://www.google.com/maps/search/?api=1&query=SIZIGI+20TH+STREET+933+20th+st+san+fransisco+ca+94107
intl-1009-18519,SOUTH POINT,North America,,"9777 S. Las Vegas Blvd, Las Vegas, NV 89183",36.0112104,-115.1751791,maimai DX International Version,maimai International official / ALL.Net,https://location.am-all.net/alm/location?gm=98&ct=1009&lang=en,https://location.am-all.net/alm/shop?gm=98&astep=1009&sid=18519&lang=en,False,https://www.google.com/maps/search/?api=1&query=SOUTH+POINT+9777+S.+Las+Vegas+Blvd%2C+Las+Vegas%2C+NV+89183
intl-1009-18498,THE GAME ROOM POWERED BY HASBRO,North America,,1 AMERICAN DREAM WAY #A-244 EAST RUTHERFORD NJ 07073,40.8100974,-74.0690763,maimai DX International Version,maimai International official / ALL.Net,https://location.am-all.net/alm/location?gm=98&ct=1009&lang=en,https://location.am-all.net/alm/shop?gm=98&astep=1009&sid=18498&lang=en,False,https://www.google.com/maps/search/?api=1&query=THE+GAME+ROOM+POWERED+BY+HASBRO+1+AMERICAN+DREAM+WAY+%23A-244+EAST+RUTHERFORD+NJ+07073
intl-1009-18520,THE ORLEANS,North America,,"The Orleans Hotel Casino,4500 WTropicana Ave,Las Vegas,NV 89103",36.1026267,-115.200939,maimai DX International Version,maimai International official / ALL.Net,https://location.am-all.net/alm/location?gm=98&ct=1009&lang=en,https://location.am-all.net/alm/shop?gm=98&astep=1009&sid=18520&lang=en,False,https://www.google.com/maps/search/?api=1&query=THE+ORLEANS+The+Orleans+Hotel+Casino%2C4500+WTropicana+Ave%2CLas+Vegas%2CNV+89103
intl-1009-18365,THE REC ROOM BRENTWOOD,North America,,1920 wellington ave unit 21-06 Burnaby BC v5c 0k3,,,maimai DX International Version,maimai International official / ALL.Net,https://location.am-all.net/alm/location?gm=98&ct=1009&lang=en,https://location.am-all.net/alm/shop?gm=98&astep=1009&sid=18365&lang=en,True,https://www.google.com/maps/search/?api=1&query=THE+REC+ROOM+BRENTWOOD+1920+wellington+ave+unit+21-06+Burnaby+BC+v5c+0k3
intl-1009-18435,UFO PANDA,North America,,1245 Geneva Ave Oakdale MN 55128,44.966239,-92.9841728,maimai DX International Version,maimai International official / ALL.Net,https://location.am-all.net/alm/location?gm=98&ct=1009&lang=en,https://location.am-all.net/alm/shop?gm=98&astep=1009&sid=18435&lang=en,False,https://www.google.com/maps/search/?api=1&query=UFO+PANDA+1245+Geneva+Ave+Oakdale+MN+55128
intl-1009-18331,WATERLOO RHYTHM ARCADE,North America,,"140 University Ave W, Unit 2-5 Waterloo, On N2L6J3 Canada",,,maimai DX International Version,maimai International official / ALL.Net,https://location.am-all.net/alm/location?gm=98&ct=1009&lang=en,https://location.am-all.net/alm/shop?gm=98&astep=1009&sid=18331&lang=en,True,https://www.google.com/maps/search/?api=1&query=WATERLOO+RHYTHM+ARCADE+140+University+Ave+W%2C+Unit+2-5+Waterloo%2C+On+N2L6J3+Canada
intl-1009-18393,WILLOWS HUCKLEBERRY LAND,North America,,8730 HWY 2 E HUNGRY HORSE MT 59919,48.3856642,-114.0704014,maimai DX International Version,maimai International official / ALL.Net,https://location.am-all.net/alm/location?gm=98&ct=1009&lang=en,https://location.am-all.net/alm/shop?gm=98&astep=1009&sid=18393&lang=en,False,https://www.google.com/maps/search/?api=1&query=WILLOWS+HUCKLEBERRY+LAND+8730+HWY+2+E+HUNGRY+HORSE+MT+59919
intl-1009-18518,XSCAPE,North America,,"342 East Broadway Bloomington, MN 55425",44.8540767,-93.2402681,maimai DX International Version,maimai International official / ALL.Net,https://location.am-all.net/alm/location?gm=98&ct=1009&lang=en,https://location.am-all.net/alm/shop?gm=98&astep=1009&sid=18518&lang=en,False,https://www.google.com/maps/search/?api=1&query=XSCAPE+342+East+Broadway+Bloomington%2C+MN+55425
intl-1010-19751,CLUB SYNERGY SM MEGAMALL,Philippines,,"LGF SM MEGAMALL, JULIA VARGAS COR EDSA, MANDALUYONG CITY",14.5851052,121.0569621,maimai DX International Version,maimai International official / ALL.Net,https://location.am-all.net/alm/location?gm=98&ct=1010&lang=en,https://location.am-all.net/alm/shop?gm=98&astep=1010&sid=19751&lang=en,False,https://www.google.com/maps/search/?api=1&query=CLUB+SYNERGY+SM+MEGAMALL+LGF+SM+MEGAMALL%2C+JULIA+VARGAS+COR+EDSA%2C+MANDALUYONG+CITY
intl-1010-19819,Q POWER STATION MALL OF ASIA,Philippines,,"3/F North Wing Expansion Area, SM Mall of Asia,OceanDrive,PASAY",14.5349838,120.9826825,maimai DX International Version,maimai International official / ALL.Net,https://location.am-all.net/alm/location?gm=98&ct=1010&lang=en,https://location.am-all.net/alm/shop?gm=98&astep=1010&sid=19819&lang=en,False,https://www.google.com/maps/search/?api=1&query=Q+POWER+STATION+MALL+OF+ASIA+3%2FF+North+Wing+Expansion+Area%2C+SM+Mall+of+Asia%2COceanDrive%2CPASAY
intl-1010-19830,Q POWER STATION ROCKWELL,Philippines,,"AMAPOLA STREET, POBLACION, MAKATI CITY",14.5631709,121.0406843,maimai DX International Version,maimai International official / ALL.Net,https://location.am-all.net/alm/location?gm=98&ct=1010&lang=en,https://location.am-all.net/alm/shop?gm=98&astep=1010&sid=19830&lang=en,False,https://www.google.com/maps/search/?api=1&query=Q+POWER+STATION+ROCKWELL+AMAPOLA+STREET%2C+POBLACION%2C+MAKATI+CITY
intl-1010-19784,Q POWER STATION SANTOLAN,Philippines,,"3RD FL., SANTOLAN TOWN PLAZA MALL, LITTLE BAGUIO, SAN JUAN CITY",14.6041985,121.0339139,maimai DX International Version,maimai International official / ALL.Net,https://location.am-all.net/alm/location?gm=98&ct=1010&lang=en,https://location.am-all.net/alm/shop?gm=98&astep=1010&sid=19784&lang=en,False,https://www.google.com/maps/search/?api=1&query=Q+POWER+STATION+SANTOLAN+3RD+FL.%2C+SANTOLAN+TOWN+PLAZA+MALL%2C+LITTLE+BAGUIO%2C+SAN+JUAN+CITY
intl-1010-19822,Q POWER STATION SHANGRILA,Philippines,,"EASTWING EDSA CORNER SHAW BOULEVARD, MANDALUYONG CITY",14.5812818,121.0538687,maimai DX International Version,maimai International official / ALL.Net,https://location.am-all.net/alm/location?gm=98&ct=1010&lang=en,https://location.am-all.net/alm/shop?gm=98&astep=1010&sid=19822&lang=en,False,https://www.google.com/maps/search/?api=1&query=Q+POWER+STATION+SHANGRILA+EASTWING+EDSA+CORNER+SHAW+BOULEVARD%2C+MANDALUYONG+CITY
intl-1010-18746,Q POWER STATION SM JMALL CEBU,Philippines,,"165 A.S. Fortuna St, Mandaue City",10.335407,123.9336908,maimai DX International Version,maimai International official / ALL.Net,https://location.am-all.net/alm/location?gm=98&ct=1010&lang=en,https://location.am-all.net/alm/shop?gm=98&astep=1010&sid=18746&lang=en,False,https://www.google.com/maps/search/?api=1&query=Q+POWER+STATION+SM+JMALL+CEBU+165+A.S.+Fortuna+St%2C+Mandaue+City
intl-1010-18341,Q POWER STATION-PARKTRIANGLE MALL-BGC,Philippines,,"4F Park Triangle Mall, Fort Bonifacio Global City, Taguig, 1634",,,maimai DX International Version,maimai International official / ALL.Net,https://location.am-all.net/alm/location?gm=98&ct=1010&lang=en,https://location.am-all.net/alm/shop?gm=98&astep=1010&sid=18341&lang=en,True,https://www.google.com/maps/search/?api=1&query=Q+POWER+STATION-PARKTRIANGLE+MALL-BGC+4F+Park+Triangle+Mall%2C+Fort+Bonifacio+Global+City%2C+Taguig%2C+1634
intl-1010-19782,Q-POWER STATION PODIUM,Philippines,,"4TH FL.,THE PODIUM MALL,18ADB AVE.CORJULIA VARGAS, MANDALUYONG",14.585312,121.0592867,maimai DX International Version,maimai International official / ALL.Net,https://location.am-all.net/alm/location?gm=98&ct=1010&lang=en,https://location.am-all.net/alm/shop?gm=98&astep=1010&sid=19782&lang=en,False,https://www.google.com/maps/search/?api=1&query=Q-POWER+STATION+PODIUM+4TH+FL.%2CTHE+PODIUM+MALL%2C18ADB+AVE.CORJULIA+VARGAS%2C+MANDALUYONG
intl-1010-19008,QUANTUM GREENHILLS,Philippines,,"L547 & L549 5F Greenhills Shopping Center, San Juan City,1502",,,maimai DX International Version,maimai International official / ALL.Net,https://location.am-all.net/alm/location?gm=98&ct=1010&lang=en,https://location.am-all.net/alm/shop?gm=98&astep=1010&sid=19008&lang=en,True,https://www.google.com/maps/search/?api=1&query=QUANTUM+GREENHILLS+L547+%26+L549+5F+Greenhills+Shopping+Center%2C+San+Juan+City%2C1502
intl-1010-19818,QUANTUM SM BACOLOD EXP,Philippines,,"SM BACOLOD EXP, SM CITY BACOLOD, RECLAMATION AREA, BACOLOD CITY",10.6707928,122.9426587,maimai DX International Version,maimai International official / ALL.Net,https://location.am-all.net/alm/location?gm=98&ct=1010&lang=en,https://location.am-all.net/alm/shop?gm=98&astep=1010&sid=19818&lang=en,False,https://www.google.com/maps/search/?api=1&query=QUANTUM+SM+BACOLOD+EXP+SM+BACOLOD+EXP%2C+SM+CITY+BACOLOD%2C+RECLAMATION+AREA%2C+BACOLOD+CITY
intl-1010-19823,QUANTUM SM BACOOR,Philippines,,"LGF SM BACOOR, CORNER AGUINALDO& TIRONA HWAY, BACOOR CAVITE",14.4448137,120.9517372,maimai DX International Version,maimai International official / ALL.Net,https://location.am-all.net/alm/location?gm=98&ct=1010&lang=en,https://location.am-all.net/alm/shop?gm=98&astep=1010&sid=19823&lang=en,False,https://www.google.com/maps/search/?api=1&query=QUANTUM+SM+BACOOR+LGF+SM+BACOOR%2C+CORNER+AGUINALDO%26+TIRONA+HWAY%2C+BACOOR+CAVITE
intl-1010-19828,QUANTUM SM BAGUIO,Philippines,,"3/F SM BAGUIO, LUNETA HILL SESSION ROAD, BAGUIO CITY",16.4088814,120.5991997,maimai DX International Version,maimai International official / ALL.Net,https://location.am-all.net/alm/location?gm=98&ct=1010&lang=en,https://location.am-all.net/alm/shop?gm=98&astep=1010&sid=19828&lang=en,False,https://www.google.com/maps/search/?api=1&query=QUANTUM+SM+BAGUIO+3%2FF+SM+BAGUIO%2C+LUNETA+HILL+SESSION+ROAD%2C+BAGUIO+CITY
intl-1010-18705,QUANTUM SM BATAAN,Philippines,,"2nd Level, Sm City Bataan, Balanga, Bataan",14.6824965,120.5381408,maimai DX International Version,maimai International official / ALL.Net,https://location.am-all.net/alm/location?gm=98&ct=1010&lang=en,https://location.am-all.net/alm/shop?gm=98&astep=1010&sid=18705&lang=en,False,https://www.google.com/maps/search/?api=1&query=QUANTUM+SM+BATAAN+2nd+Level%2C+Sm+City+Bataan%2C+Balanga%2C+Bataan
intl-1010-19827,QUANTUM SM CALAMBA,Philippines,,NATIONAL HIGHWAY BRGY.REAL.CALAMBA CITY,14.2204469,121.1393586,maimai DX International Version,maimai International official / ALL.Net,https://location.am-all.net/alm/location?gm=98&ct=1010&lang=en,https://location.am-all.net/alm/shop?gm=98&astep=1010&sid=19827&lang=en,False,https://www.google.com/maps/search/?api=1&query=QUANTUM+SM+CALAMBA+NATIONAL+HIGHWAY+BRGY.REAL.CALAMBA+CITY
intl-1010-18651,QUANTUM SM CITY LAOAG,Philippines,,"Barangay, 51-B Airport Rd, Laoag City, 2900 Ilocos Norte",18.1877508,120.578926,maimai DX International Version,maimai International official / ALL.Net,https://location.am-all.net/alm/location?gm=98&ct=1010&lang=en,https://location.am-all.net/alm/shop?gm=98&astep=1010&sid=18651&lang=en,False,https://www.google.com/maps/search/?api=1&query=QUANTUM+SM+CITY+LAOAG+Barangay%2C+51-B+Airport+Rd%2C+Laoag+City%2C+2900+Ilocos+Norte
intl-1010-18510,QUANTUM SM CITY MARILAO,Philippines,,2F SM City Marilao Mc arthur highway brgy. ibayo marilao bulacan,14.7537754,120.9553142,maimai DX International Version,maimai International official / ALL.Net,https://location.am-all.net/alm/location?gm=98&ct=1010&lang=en,https://location.am-all.net/alm/shop?gm=98&astep=1010&sid=18510&lang=en,False,https://www.google.com/maps/search/?api=1&query=QUANTUM+SM+CITY+MARILAO+2F+SM+City+Marilao+Mc+arthur+highway+brgy.+ibayo+marilao+bulacan
intl-1010-19824,QUANTUM SM CLARK,Philippines,,"SM CLARK M.A.ROXAS ST.,MALABANIAS,ANGELES CITY",15.1690253,120.580085,maimai DX International Version,maimai International official / ALL.Net,https://location.am-all.net/alm/location?gm=98&ct=1010&lang=en,https://location.am-all.net/alm/shop?gm=98&astep=1010&sid=19824&lang=en,False,https://www.google.com/maps/search/?api=1&query=QUANTUM+SM+CLARK+SM+CLARK+M.A.ROXAS+ST.%2CMALABANIAS%2CANGELES+CITY
intl-1010-19741,QUANTUM SM DASMARINAS,Philippines,,"Dasmarinas, 4114 Cavite, Phillipines",14.2990183,120.9589699,maimai DX International Version,maimai International official / ALL.Net,https://location.am-all.net/alm/location?gm=98&ct=1010&lang=en,https://location.am-all.net/alm/shop?gm=98&astep=1010&sid=19741&lang=en,False,https://www.google.com/maps/search/?api=1&query=QUANTUM+SM+DASMARINAS+Dasmarinas%2C+4114+Cavite%2C+Phillipines
intl-1010-18788,QUANTUM SM FAIRVIEW,Philippines,,"UGF/GF/FF, ANNEX 2, SM City Fairview",,,maimai DX International Version,maimai International official / ALL.Net,https://location.am-all.net/alm/location?gm=98&ct=1010&lang=en,https://location.am-all.net/alm/shop?gm=98&astep=1010&sid=18788&lang=en,True,https://www.google.com/maps/search/?api=1&query=QUANTUM+SM+FAIRVIEW+UGF%2FGF%2FFF%2C+ANNEX+2%2C+SM+City+Fairview
intl-1010-18667,QUANTUM SM GENERAL SANTOS,Philippines,,2nd Floor SM General Santos Santiago Blvd General Santos City,6.1154774,125.1810148,maimai DX International Version,maimai International official / ALL.Net,https://location.am-all.net/alm/location?gm=98&ct=1010&lang=en,https://location.am-all.net/alm/shop?gm=98&astep=1010&sid=18667&lang=en,False,https://www.google.com/maps/search/?api=1&query=QUANTUM+SM+GENERAL+SANTOS+2nd+Floor+SM+General+Santos+Santiago+Blvd+General+Santos+City
intl-1010-19082,QUANTUM SM GRAND CENTRAL,Philippines,,"5TH Fl., Sm Grand Central, Rizal Ave., Caloocan City",14.6143876,120.9826056,maimai DX International Version,maimai International official / ALL.Net,https://location.am-all.net/alm/location?gm=98&ct=1010&lang=en,https://location.am-all.net/alm/shop?gm=98&astep=1010&sid=19082&lang=en,False,https://www.google.com/maps/search/?api=1&query=QUANTUM+SM+GRAND+CENTRAL+5TH+Fl.%2C+Sm+Grand+Central%2C+Rizal+Ave.%2C+Caloocan+City
intl-1010-19167,QUANTUM SM LIPA,Philippines,,"2nd FL. SM LIPA,BATANGAS CITY",13.9540966,121.1635398,maimai DX International Version,maimai International official / ALL.Net,https://location.am-all.net/alm/location?gm=98&ct=1010&lang=en,https://location.am-all.net/alm/shop?gm=98&astep=1010&sid=19167&lang=en,False,https://www.google.com/maps/search/?api=1&query=QUANTUM+SM+LIPA+2nd+FL.+SM+LIPA%2CBATANGAS+CITY
intl-1010-18703,QUANTUM SM LUCENA,Philippines,,"2nd FL,140 Dalahican Road, corner Maharlika Hwy, Lucena",13.9410227,121.6246557,maimai DX International Version,maimai International official / ALL.Net,https://location.am-all.net/alm/location?gm=98&ct=1010&lang=en,https://location.am-all.net/alm/shop?gm=98&astep=1010&sid=18703&lang=en,False,https://www.google.com/maps/search/?api=1&query=QUANTUM+SM+LUCENA+2nd+FL%2C140+Dalahican+Road%2C+corner+Maharlika+Hwy%2C+Lucena
intl-1010-19826,QUANTUM SM MANILA,Philippines,,"CORNER ARROCEROS, ERMITA, METROMANILA",14.5910393,120.9818685,maimai DX International Version,maimai International official / ALL.Net,https://location.am-all.net/alm/location?gm=98&ct=1010&lang=en,https://location.am-all.net/alm/shop?gm=98&astep=1010&sid=19826&lang=en,False,https://www.google.com/maps/search/?api=1&query=QUANTUM+SM+MANILA+CORNER+ARROCEROS%2C+ERMITA%2C+METROMANILA
intl-1010-19821,QUANTUM SM MARIKINA,Philippines,,"BARANGAY CALUMPANG, BARANGKA, MARIKINA CITY",14.6249216,121.0865346,maimai DX International Version,maimai International official / ALL.Net,https://location.am-all.net/alm/location?gm=98&ct=1010&lang=en,https://location.am-all.net/alm/shop?gm=98&astep=1010&sid=19821&lang=en,False,https://www.google.com/maps/search/?api=1&query=QUANTUM+SM+MARIKINA+BARANGAY+CALUMPANG%2C+BARANGKA%2C+MARIKINA+CITY
intl-1010-19831,QUANTUM SM NORTH EDSA,Philippines,,"SM NORHT EDSA, QUEZON CITY",14.6567726,121.0291307,maimai DX International Version,maimai International official / ALL.Net,https://location.am-all.net/alm/location?gm=98&ct=1010&lang=en,https://location.am-all.net/alm/shop?gm=98&astep=1010&sid=19831&lang=en,False,https://www.google.com/maps/search/?api=1&query=QUANTUM+SM+NORTH+EDSA+SM+NORHT+EDSA%2C+QUEZON+CITY
intl-1010-19750,QUANTUM SM NOVALICHES GF,Philippines,,"GF SM NOVALICHES, QUIRINO HWY.,NOVALICHES, QUEZON CITY",14.708228,121.0373958,maimai DX International Version,maimai International official / ALL.Net,https://location.am-all.net/alm/location?gm=98&ct=1010&lang=en,https://location.am-all.net/alm/shop?gm=98&astep=1010&sid=19750&lang=en,False,https://www.google.com/maps/search/?api=1&query=QUANTUM+SM+NOVALICHES+GF+GF+SM+NOVALICHES%2C+QUIRINO+HWY.%2CNOVALICHES%2C+QUEZON+CITY
intl-1010-18702,QUANTUM SM PAMPANGA,Philippines,,"3rd Floor, San Jose, San Fernando",,,maimai DX International Version,maimai International official / ALL.Net,https://location.am-all.net/alm/location?gm=98&ct=1010&lang=en,https://location.am-all.net/alm/shop?gm=98&astep=1010&sid=18702&lang=en,True,https://www.google.com/maps/search/?api=1&query=QUANTUM+SM+PAMPANGA+3rd+Floor%2C+San+Jose%2C+San+Fernando
intl-1010-19829,QUANTUM SM SAN LAZARO,Philippines,,"A.H LACSON STREET, SAN LAZARO,METRO MANILA",14.610796,120.9917042,maimai DX International Version,maimai International official / ALL.Net,https://location.am-all.net/alm/location?gm=98&ct=1010&lang=en,https://location.am-all.net/alm/shop?gm=98&astep=1010&sid=19829&lang=en,False,https://www.google.com/maps/search/?api=1&query=QUANTUM+SM+SAN+LAZARO+A.H+LACSON+STREET%2C+SAN+LAZARO%2CMETRO+MANILA
intl-1010-19820,QUANTUM SM SEASIDE CEBU,Philippines,,"3104-3106 SM SEASIDE COMPLEX, SOUTH ROAD PROPERTIES, CEBU CITY",10.2816376,123.8815772,maimai DX International Version,maimai International official / ALL.Net,https://location.am-all.net/alm/location?gm=98&ct=1010&lang=en,https://location.am-all.net/alm/shop?gm=98&astep=1010&sid=19820&lang=en,False,https://www.google.com/maps/search/?api=1&query=QUANTUM+SM+SEASIDE+CEBU+3104-3106+SM+SEASIDE+COMPLEX%2C+SOUTH+ROAD+PROPERTIES%2C+CEBU+CITY
intl-1010-19749,QUANTUM SM SOUTHMALL,Philippines,,"LGF SM SOUTHMALL, ALMANZA, LAS PINAS CITY",14.432971,121.0101074,maimai DX International Version,maimai International official / ALL.Net,https://location.am-all.net/alm/location?gm=98&ct=1010&lang=en,https://location.am-all.net/alm/shop?gm=98&astep=1010&sid=19749&lang=en,False,https://www.google.com/maps/search/?api=1&query=QUANTUM+SM+SOUTHMALL+LGF+SM+SOUTHMALL%2C+ALMANZA%2C+LAS+PINAS+CITY
intl-1010-18761,QUANTUM SM STA ROSA,Philippines,,"SM City Sta. Rosa,Old National Hi-way,Sta.Rosa City,4026 Laguna",14.3128036,121.0983253,maimai DX International Version,maimai International official / ALL.Net,https://location.am-all.net/alm/location?gm=98&ct=1010&lang=en,https://location.am-all.net/alm/shop?gm=98&astep=1010&sid=18761&lang=en,False,https://www.google.com/maps/search/?api=1&query=QUANTUM+SM+STA+ROSA+SM+City+Sta.+Rosa%2COld+National+Hi-way%2CSta.Rosa+City%2C4026+Laguna
intl-1010-18704,QUANTUM SM URDANETA,Philippines,,"Level2, SM Urdaneta Central, McArthur Hwy, Pangasinan",15.9711341,120.5718656,maimai DX International Version,maimai International official / ALL.Net,https://location.am-all.net/alm/location?gm=98&ct=1010&lang=en,https://location.am-all.net/alm/shop?gm=98&astep=1010&sid=18704&lang=en,False,https://www.google.com/maps/search/?api=1&query=QUANTUM+SM+URDANETA+Level2%2C+SM+Urdaneta+Central%2C+McArthur+Hwy%2C+Pangasinan
intl-1010-18763,QUANTUM UPTOWN MALL BGC,Philippines,,"Uptown Mall,9th Ave cor36th St,Fort Bonifacio,Taguig,MetroManila",14.5565479,121.054103,maimai DX International Version,maimai International official / ALL.Net,https://location.am-all.net/alm/location?gm=98&ct=1010&lang=en,https://location.am-all.net/alm/shop?gm=98&astep=1010&sid=18763&lang=en,False,https://www.google.com/maps/search/?api=1&query=QUANTUM+UPTOWN+MALL+BGC+Uptown+Mall%2C9th+Ave+cor36th+St%2CFort+Bonifacio%2CTaguig%2CMetroManila
intl-1010-19825,QUANTUM(SM STA.MESA),Philippines,,"3FSMCitySta.Mesa,RamonMagsaysayBoulevard cor.AranetaAve,QuenzonC",14.6055525,121.0186901,maimai DX International Version,maimai International official / ALL.Net,https://location.am-all.net/alm/location?gm=98&ct=1010&lang=en,https://location.am-all.net/alm/shop?gm=98&astep=1010&sid=19825&lang=en,False,https://www.google.com/maps/search/?api=1&query=QUANTUM%28SM+STA.MESA%29+3FSMCitySta.Mesa%2CRamonMagsaysayBoulevard+cor.AranetaAve%2CQuenzonC
intl-1010-18867,TIMEZONE ALABANG TOWN CENTER MALL,Philippines,,"3rd Floor Alabang Town Center, Alabang, Muntinlupa City",14.4232712,121.0312031,maimai DX International Version,maimai International official / ALL.Net,https://location.am-all.net/alm/location?gm=98&ct=1010&lang=en,https://location.am-all.net/alm/shop?gm=98&astep=1010&sid=18867&lang=en,False,https://www.google.com/maps/search/?api=1&query=TIMEZONE+ALABANG+TOWN+CENTER+MALL+3rd+Floor+Alabang+Town+Center%2C+Alabang%2C+Muntinlupa+City
intl-1010-18335,TIMEZONE AYALA CENTER CEBU,Philippines,,"2nd Floor Ayala Center Cebu, Cebu Business Park, Cebu City",,,maimai DX International Version,maimai International official / ALL.Net,https://location.am-all.net/alm/location?gm=98&ct=1010&lang=en,https://location.am-all.net/alm/shop?gm=98&astep=1010&sid=18335&lang=en,True,https://www.google.com/maps/search/?api=1&query=TIMEZONE+AYALA+CENTER+CEBU+2nd+Floor+Ayala+Center+Cebu%2C+Cebu+Business+Park%2C+Cebu+City
intl-1010-18334,TIMEZONE AYALA MALLS FELIZ,Philippines,,"5F Ayala Malls Feliz, Marcos Hwy & Amang Rodriguez Av,",,,maimai DX International Version,maimai International official / ALL.Net,https://location.am-all.net/alm/location?gm=98&ct=1010&lang=en,https://location.am-all.net/alm/shop?gm=98&astep=1010&sid=18334&lang=en,True,https://www.google.com/maps/search/?api=1&query=TIMEZONE+AYALA+MALLS+FELIZ+5F+Ayala+Malls+Feliz%2C+Marcos+Hwy+%26+Amang+Rodriguez+Av%2C
intl-1010-18328,TIMEZONE AYALA MALLS VERMOSA,Philippines,,"2F Ayala Malls Vermosa, Daang Hari Road Cor. Vermosa Blvd",,,maimai DX International Version,maimai International official / ALL.Net,https://location.am-all.net/alm/location?gm=98&ct=1010&lang=en,https://location.am-all.net/alm/shop?gm=98&astep=1010&sid=18328&lang=en,True,https://www.google.com/maps/search/?api=1&query=TIMEZONE+AYALA+MALLS+VERMOSA+2F+Ayala+Malls+Vermosa%2C+Daang+Hari+Road+Cor.+Vermosa+Blvd
intl-1010-18866,TIMEZONE GLORIETTA 4 MALL,Philippines,,"4th Floor Glorietta 4, San Lorenzo, Makati City",14.5511369,121.0264665,maimai DX International Version,maimai International official / ALL.Net,https://location.am-all.net/alm/location?gm=98&ct=1010&lang=en,https://location.am-all.net/alm/shop?gm=98&astep=1010&sid=18866&lang=en,False,https://www.google.com/maps/search/?api=1&query=TIMEZONE+GLORIETTA+4+MALL+4th+Floor+Glorietta+4%2C+San+Lorenzo%2C+Makati+City
intl-1010-18865,TIMEZONE GREENHILLS MALL,Philippines,,"Greenhills Mall Phase 1Greenhills Center,Greenhills,SanJuan City",14.6013406,121.048813,maimai DX International Version,maimai International official / ALL.Net,https://location.am-all.net/alm/location?gm=98&ct=1010&lang=en,https://location.am-all.net/alm/shop?gm=98&astep=1010&sid=18865&lang=en,False,https://www.google.com/maps/search/?api=1&query=TIMEZONE+GREENHILLS+MALL+Greenhills+Mall+Phase+1Greenhills+Center%2CGreenhills%2CSanJuan+City
intl-1010-18374,TIMEZONE MANILA BAY,Philippines,,"3rd Floor Ayala Malls Manila Bay, Macapagal Blvd., Brgy. Tambo,",,,maimai DX International Version,maimai International official / ALL.Net,https://location.am-all.net/alm/location?gm=98&ct=1010&lang=en,https://location.am-all.net/alm/shop?gm=98&astep=1010&sid=18374&lang=en,True,https://www.google.com/maps/search/?api=1&query=TIMEZONE+MANILA+BAY+3rd+Floor+Ayala+Malls+Manila+Bay%2C+Macapagal+Blvd.%2C+Brgy.+Tambo%2C
intl-1010-18333,TIMEZONE ROBINSONS MAGNOLIA,Philippines,,"4F RobinsonsMagnolia, Aurora Blvd, Dona Hemady St, New Manila",,,maimai DX International Version,maimai International official / ALL.Net,https://location.am-all.net/alm/location?gm=98&ct=1010&lang=en,https://location.am-all.net/alm/shop?gm=98&astep=1010&sid=18333&lang=en,True,https://www.google.com/maps/search/?api=1&query=TIMEZONE+ROBINSONS+MAGNOLIA+4F+RobinsonsMagnolia%2C+Aurora+Blvd%2C+Dona+Hemady+St%2C+New+Manila
intl-1010-18329,TIMEZONE SM MALL OF ASIA,Philippines,,"3rd Level SM Mall of Asia Bldg., J.W Diokno Blvd., Barangay 76",,,maimai DX International Version,maimai International official / ALL.Net,https://location.am-all.net/alm/location?gm=98&ct=1010&lang=en,https://location.am-all.net/alm/shop?gm=98&astep=1010&sid=18329&lang=en,True,https://www.google.com/maps/search/?api=1&query=TIMEZONE+SM+MALL+OF+ASIA+3rd+Level+SM+Mall+of+Asia+Bldg.%2C+J.W+Diokno+Blvd.%2C+Barangay+76
intl-1010-18598,TIMEZONE SM MEGAMALL,Philippines,,L Ground Fl Bldg B Megamall Edsa J Vargas Wack Wack Greenhills,14.5922687,121.0535762,maimai DX International Version,maimai International official / ALL.Net,https://location.am-all.net/alm/location?gm=98&ct=1010&lang=en,https://location.am-all.net/alm/shop?gm=98&astep=1010&sid=18598&lang=en,False,https://www.google.com/maps/search/?api=1&query=TIMEZONE+SM+MEGAMALL+L+Ground+Fl+Bldg+B+Megamall+Edsa+J+Vargas+Wack+Wack+Greenhills
intl-1010-18332,TIMEZONE TIMEZONE GATEWAY,Philippines,,"L3 GatewayMall 2 General Araneta Av, Araneta City, Brgy. Socorro",,,maimai DX International Version,maimai International official / ALL.Net,https://location.am-all.net/alm/location?gm=98&ct=1010&lang=en,https://location.am-all.net/alm/shop?gm=98&astep=1010&sid=18332&lang=en,True,https://www.google.com/maps/search/?api=1&query=TIMEZONE+TIMEZONE+GATEWAY+L3+GatewayMall+2+General+Araneta+Av%2C+Araneta+City%2C+Brgy.+Socorro
intl-1010-18868,TIMEZONE TRINOMA MALL,Philippines,,"4th Floor Trinoma North Ave. Bagong Pag-asa, Quezon City",14.6533554,121.0333699,maimai DX International Version,maimai International official / ALL.Net,https://location.am-all.net/alm/location?gm=98&ct=1010&lang=en,https://location.am-all.net/alm/shop?gm=98&astep=1010&sid=18868&lang=en,False,https://www.google.com/maps/search/?api=1&query=TIMEZONE+TRINOMA+MALL+4th+Floor+Trinoma+North+Ave.+Bagong+Pag-asa%2C+Quezon+City
intl-1010-18671,TIMEZONE UP TOWN CENTER,Philippines,,"2F UP Town Center Phase 2 Katipunan Ave. U.P. Campus, Diliman",14.6507347,121.0746778,maimai DX International Version,maimai International official / ALL.Net,https://location.am-all.net/alm/location?gm=98&ct=1010&lang=en,https://location.am-all.net/alm/shop?gm=98&astep=1010&sid=18671&lang=en,False,https://www.google.com/maps/search/?api=1&query=TIMEZONE+UP+TOWN+CENTER+2F+UP+Town+Center+Phase+2+Katipunan+Ave.+U.P.+Campus%2C+Diliman
intl-1003-18910,BUNNYSIDE BASEMENT,Singapore,,637 Balestier Road Singapore 329921,1.2997043,103.8500107,maimai DX International Version,maimai International official / ALL.Net,https://location.am-all.net/alm/location?gm=98&ct=1003&lang=en,https://location.am-all.net/alm/shop?gm=98&astep=1003&sid=18910&lang=en,False,https://www.google.com/maps/search/?api=1&query=BUNNYSIDE+BASEMENT+637+Balestier+Road+Singapore+329921
intl-1003-18768,COW PLAY COW MOO 313 SOMERSET,Singapore,,"313 ORCHARD ROAD #05-05, SINGAPORE 238895",1.3009665,103.8384727,maimai DX International Version,maimai International official / ALL.Net,https://location.am-all.net/alm/location?gm=98&ct=1003&lang=en,https://location.am-all.net/alm/shop?gm=98&astep=1003&sid=18768&lang=en,False,https://www.google.com/maps/search/?api=1&query=COW+PLAY+COW+MOO+313+SOMERSET+313+ORCHARD+ROAD+%2305-05%2C+SINGAPORE+238895
intl-1003-18985,COW PLAY COW MOO CENTURY SQUARE,Singapore,,2 Tampines Central 5 04-07/ 19/20/ 21 Singapore 529509,1.3523888,103.9438567,maimai DX International Version,maimai International official / ALL.Net,https://location.am-all.net/alm/location?gm=98&ct=1003&lang=en,https://location.am-all.net/alm/shop?gm=98&astep=1003&sid=18985&lang=en,False,https://www.google.com/maps/search/?api=1&query=COW+PLAY+COW+MOO+CENTURY+SQUARE+2+Tampines+Central+5+04-07%2F+19%2F20%2F+21+Singapore+529509
intl-1003-19602,COW PLAY COW MOO DOWNTOWN EAST,Singapore,,"1 Pasir Ris Close,#04-102,Singapole 519599",1.3769815,103.9544216,maimai DX International Version,maimai International official / ALL.Net,https://location.am-all.net/alm/location?gm=98&ct=1003&lang=en,https://location.am-all.net/alm/shop?gm=98&astep=1003&sid=19602&lang=en,False,https://www.google.com/maps/search/?api=1&query=COW+PLAY+COW+MOO+DOWNTOWN+EAST+1+Pasir+Ris+Close%2C%2304-102%2CSingapole+519599
intl-1003-18984,COW PLAY COW MOO JURONG POINT,Singapore,,1 Jurong West Central 2 03-15/ 16/ 17 Singapore 648886,1.3399257,103.7062886,maimai DX International Version,maimai International official / ALL.Net,https://location.am-all.net/alm/location?gm=98&ct=1003&lang=en,https://location.am-all.net/alm/shop?gm=98&astep=1003&sid=18984&lang=en,False,https://www.google.com/maps/search/?api=1&query=COW+PLAY+COW+MOO+JURONG+POINT+1+Jurong+West+Central+2+03-15%2F+16%2F+17+Singapore+648886
intl-1003-18935,COW PLAY COW MOO NORTHSHORE PLAZA 2,Singapore,,418 Northshore Drive 03-01/ 02 Singapore 820418,1.4176495,103.9013264,maimai DX International Version,maimai International official / ALL.Net,https://location.am-all.net/alm/location?gm=98&ct=1003&lang=en,https://location.am-all.net/alm/shop?gm=98&astep=1003&sid=18935&lang=en,False,https://www.google.com/maps/search/?api=1&query=COW+PLAY+COW+MOO+NORTHSHORE+PLAZA+2+418+Northshore+Drive+03-01%2F+02+Singapore+820418
intl-1003-18380,COW PLAY COW MOO SELETAR MALL,Singapore,,"33 Sengkang W Ave, #04-28 Singapore 797653",,,maimai DX International Version,maimai International official / ALL.Net,https://location.am-all.net/alm/location?gm=98&ct=1003&lang=en,https://location.am-all.net/alm/shop?gm=98&astep=1003&sid=18380&lang=en,True,https://www.google.com/maps/search/?api=1&query=COW+PLAY+COW+MOO+SELETAR+MALL+33+Sengkang+W+Ave%2C+%2304-28+Singapore+797653
intl-1003-18934,COW PLAY COW MOO SUN PLAZA,Singapore,,30 Sembawang Drive 03-14 Singapore 757713,1.4482678,103.8196887,maimai DX International Version,maimai International official / ALL.Net,https://location.am-all.net/alm/location?gm=98&ct=1003&lang=en,https://location.am-all.net/alm/shop?gm=98&astep=1003&sid=18934&lang=en,False,https://www.google.com/maps/search/?api=1&query=COW+PLAY+COW+MOO+SUN+PLAZA+30+Sembawang+Drive+03-14+Singapore+757713
intl-1003-19880,COW PLAY COW MOO SUNTEC CITY,Singapore,,"Sun Tec City 3Temasek Boulevard, 02-408/409,Singapore 038983",1.29503,103.8583026,maimai DX International Version,maimai International official / ALL.Net,https://location.am-all.net/alm/location?gm=98&ct=1003&lang=en,https://location.am-all.net/alm/shop?gm=98&astep=1003&sid=19880&lang=en,False,https://www.google.com/maps/search/?api=1&query=COW+PLAY+COW+MOO+SUNTEC+CITY+Sun+Tec+City+3Temasek+Boulevard%2C+02-408%2F409%2CSingapore+038983
intl-1003-18347,COW PLAY COW MOO WEST MALL,Singapore,,"1 Bukit Batok Central #05-01B, Singapore 658713",,,maimai DX International Version,maimai International official / ALL.Net,https://location.am-all.net/alm/location?gm=98&ct=1003&lang=en,https://location.am-all.net/alm/shop?gm=98&astep=1003&sid=18347&lang=en,True,https://www.google.com/maps/search/?api=1&query=COW+PLAY+COW+MOO+WEST+MALL+1+Bukit+Batok+Central+%2305-01B%2C+Singapore+658713
intl-1003-18936,COW PLAY COW MOO WISTERIA MALL,Singapore,,598 Yishun Ring Road B1-02 Singapore 768698,1.4182745,103.8410316,maimai DX International Version,maimai International official / ALL.Net,https://location.am-all.net/alm/location?gm=98&ct=1003&lang=en,https://location.am-all.net/alm/shop?gm=98&astep=1003&sid=18936&lang=en,False,https://www.google.com/maps/search/?api=1&query=COW+PLAY+COW+MOO+WISTERIA+MALL+598+Yishun+Ring+Road+B1-02+Singapore+768698
intl-1003-18617,COW PLAY COW MOO WOODLANDS,Singapore,,11 Woodlands Square #B1-12/13/14/15/16,1.4371844,103.7876046,maimai DX International Version,maimai International official / ALL.Net,https://location.am-all.net/alm/location?gm=98&ct=1003&lang=en,https://location.am-all.net/alm/shop?gm=98&astep=1003&sid=18617&lang=en,False,https://www.google.com/maps/search/?api=1&query=COW+PLAY+COW+MOO+WOODLANDS+11+Woodlands+Square+%23B1-12%2F13%2F14%2F15%2F16
intl-1003-19428,FAT CAT HILLION,Singapore,,"Hillion Mall #01-28.17 Petir Rd, Singapore 678278",1.3784819,103.7632117,maimai DX International Version,maimai International official / ALL.Net,https://location.am-all.net/alm/location?gm=98&ct=1003&lang=en,https://location.am-all.net/alm/shop?gm=98&astep=1003&sid=19428&lang=en,False,https://www.google.com/maps/search/?api=1&query=FAT+CAT+HILLION+Hillion+Mall+%2301-28.17+Petir+Rd%2C+Singapore+678278
intl-1003-18773,FUNTAN KINEX,Singapore,,"11 Tanjong Katong Road #B1-21 ,Kinex Singapore 437157",1.3045681,103.8962665,maimai DX International Version,maimai International official / ALL.Net,https://location.am-all.net/alm/location?gm=98&ct=1003&lang=en,https://location.am-all.net/alm/shop?gm=98&astep=1003&sid=18773&lang=en,False,https://www.google.com/maps/search/?api=1&query=FUNTAN+KINEX+11+Tanjong+Katong+Road+%23B1-21+%2CKinex+Singapore+437157
intl-1003-19480,LOT1 SHOPPER'S MALL,Singapore,,"No.21,Choa Chu Kang Ave 4,#5-01/02/03,Singapore 689812",1.3852086,103.7449371,maimai DX International Version,maimai International official / ALL.Net,https://location.am-all.net/alm/location?gm=98&ct=1003&lang=en,https://location.am-all.net/alm/shop?gm=98&astep=1003&sid=19480&lang=en,False,https://www.google.com/maps/search/?api=1&query=LOT1+SHOPPER%27S+MALL+No.21%2CChoa+Chu+Kang+Ave+4%2C%235-01%2F02%2F03%2CSingapore+689812
intl-1003-18622,PACO FUNWORLD IMALL,Singapore,,5 Marine Parade Central #B1-01/02 Singpoare 449410,1.3031579,103.9066474,maimai DX International Version,maimai International official / ALL.Net,https://location.am-all.net/alm/location?gm=98&ct=1003&lang=en,https://location.am-all.net/alm/shop?gm=98&astep=1003&sid=18622&lang=en,False,https://www.google.com/maps/search/?api=1&query=PACO+FUNWORLD+IMALL+5+Marine+Parade+Central+%23B1-01%2F02+Singpoare+449410
intl-1003-18840,PACO FUNWORLD i12,Singapore,,"112 E Coast Rd, #04-23/24/25/26i12 Katong, Singapore 428802",1.3052002,103.9050645,maimai DX International Version,maimai International official / ALL.Net,https://location.am-all.net/alm/location?gm=98&ct=1003&lang=en,https://location.am-all.net/alm/shop?gm=98&astep=1003&sid=18840&lang=en,False,https://www.google.com/maps/search/?api=1&query=PACO+FUNWORLD+i12+112+E+Coast+Rd%2C+%2304-23%2F24%2F25%2F26i12+Katong%2C+Singapore+428802
intl-1003-19877,PACO FUNWORLD(BUGIS PLUS),Singapore,,"Bugis Plus201 VictoriaStreet,#05-07Singapore",1.2996018,103.8542325,maimai DX International Version,maimai International official / ALL.Net,https://location.am-all.net/alm/location?gm=98&ct=1003&lang=en,https://location.am-all.net/alm/shop?gm=98&astep=1003&sid=19877&lang=en,False,https://www.google.com/maps/search/?api=1&query=PACO+FUNWORLD%28BUGIS+PLUS%29+Bugis+Plus201+VictoriaStreet%2C%2305-07Singapore
intl-1003-19934,PACO FUNWORLD(KALLANG WAVE MALL),Singapore,,1 Stadium Place 01-59102 Singapore 397628,1.3025249,103.8736219,maimai DX International Version,maimai International official / ALL.Net,https://location.am-all.net/alm/location?gm=98&ct=1003&lang=en,https://location.am-all.net/alm/shop?gm=98&astep=1003&sid=19934&lang=en,False,https://www.google.com/maps/search/?api=1&query=PACO+FUNWORLD%28KALLANG+WAVE+MALL%29+1+Stadium+Place+01-59102+Singapore+397628
intl-1003-24433,TIMEZONE CAUSEWAY POINT,Singapore,,1 WOODLANDS SQUARE #07-02CAUSEWAY POINT SINGAPORE,1.43610307393434,103.785956374799,maimai DX International Version,maimai International official / ALL.Net,https://location.am-all.net/alm/location?gm=98&ct=1003&lang=en,https://location.am-all.net/alm/shop?gm=98&astep=1003&sid=24433&lang=en,False,https://www.google.com/maps/search/?api=1&query=TIMEZONE+CAUSEWAY+POINT+1+WOODLANDS+SQUARE+%2307-02CAUSEWAY+POINT+SINGAPORE
intl-1003-21157,TIMEZONE CITY SQUARE MALL,Singapore,,"180 KITCHENER ROAD #04-24/29,CITY SQUARE MALL SINGAPORE208539",1.31146985700655,103.856662858504,maimai DX International Version,maimai International official / ALL.Net,https://location.am-all.net/alm/location?gm=98&ct=1003&lang=en,https://location.am-all.net/alm/shop?gm=98&astep=1003&sid=21157&lang=en,False,https://www.google.com/maps/search/?api=1&query=TIMEZONE+CITY+SQUARE+MALL+180+KITCHENER+ROAD+%2304-24%2F29%2CCITY+SQUARE+MALL+SINGAPORE208539
intl-1003-19170,TIMEZONE JURONG POINT,Singapore,,"1 Jurong West Central 2, #02-45, Singapore 648886",1.3399257,103.7062886,maimai DX International Version,maimai International official / ALL.Net,https://location.am-all.net/alm/location?gm=98&ct=1003&lang=en,https://location.am-all.net/alm/shop?gm=98&astep=1003&sid=19170&lang=en,False,https://www.google.com/maps/search/?api=1&query=TIMEZONE+JURONG+POINT+1+Jurong+West+Central+2%2C+%2302-45%2C+Singapore+648886
intl-1003-21435,TIMEZONE NORTH POINT,Singapore,,"930 YISHUN AVE.2 #03-30,NORTHPOINT, SINGAPORE",1.42935181196729,103.835776371199,maimai DX International Version,maimai International official / ALL.Net,https://location.am-all.net/alm/location?gm=98&ct=1003&lang=en,https://location.am-all.net/alm/shop?gm=98&astep=1003&sid=21435&lang=en,False,https://www.google.com/maps/search/?api=1&query=TIMEZONE+NORTH+POINT+930+YISHUN+AVE.2+%2303-30%2CNORTHPOINT%2C+SINGAPORE
intl-1003-19091,TIMEZONE ORX,Singapore,,"437 Orchard Road. #B1-01/05, #B1-07/18, Common Area, Orchard",1.3033191,103.8322954,maimai DX International Version,maimai International official / ALL.Net,https://location.am-all.net/alm/location?gm=98&ct=1003&lang=en,https://location.am-all.net/alm/shop?gm=98&astep=1003&sid=19091&lang=en,False,https://www.google.com/maps/search/?api=1&query=TIMEZONE+ORX+437+Orchard+Road.+%23B1-01%2F05%2C+%23B1-07%2F18%2C+Common+Area%2C+Orchard
intl-1003-20789,TIMEZONE OUR TAMPINES HUB,Singapore,,51TAMPINES AVENUE4#B1-13OUR TAMPINES HUB SINGAPORE 529684,1.3459383,103.9382917,maimai DX International Version,maimai International official / ALL.Net,https://location.am-all.net/alm/location?gm=98&ct=1003&lang=en,https://location.am-all.net/alm/shop?gm=98&astep=1003&sid=20789&lang=en,False,https://www.google.com/maps/search/?api=1&query=TIMEZONE+OUR+TAMPINES+HUB+51TAMPINES+AVENUE4%23B1-13OUR+TAMPINES+HUB+SINGAPORE+529684
intl-1003-18808,TIMEZONE PASIR RIS MALL,Singapore,,"7 Pasir Ris Central, #2-55 Pasir Ris Mall, Singapore 519612",1.3720644,103.9495328,maimai DX International Version,maimai International official / ALL.Net,https://location.am-all.net/alm/location?gm=98&ct=1003&lang=en,https://location.am-all.net/alm/shop?gm=98&astep=1003&sid=18808&lang=en,False,https://www.google.com/maps/search/?api=1&query=TIMEZONE+PASIR+RIS+MALL+7+Pasir+Ris+Central%2C+%232-55+Pasir+Ris+Mall%2C+Singapore+519612
intl-1003-21089,TIMEZONE PLAZA SINGAPURA,Singapore,,"#07-02/03 68 ORCHARD ROAD,SINGAPORE 238839",1.30061930000001,103.844911363507,maimai DX International Version,maimai International official / ALL.Net,https://location.am-all.net/alm/location?gm=98&ct=1003&lang=en,https://location.am-all.net/alm/shop?gm=98&astep=1003&sid=21089&lang=en,False,https://www.google.com/maps/search/?api=1&query=TIMEZONE+PLAZA+SINGAPURA+%2307-02%2F03+68+ORCHARD+ROAD%2CSINGAPORE+238839
intl-1003-18615,TIMEZONE WATERWAY POINT,Singapore,,"83 Punggol Central, 02-19 Waterway Point, Singapore 828761",1.4068875,103.9016662,maimai DX International Version,maimai International official / ALL.Net,https://location.am-all.net/alm/location?gm=98&ct=1003&lang=en,https://location.am-all.net/alm/shop?gm=98&astep=1003&sid=18615&lang=en,False,https://www.google.com/maps/search/?api=1&query=TIMEZONE+WATERWAY+POINT+83+Punggol+Central%2C+02-19+Waterway+Point%2C+Singapore+828761
intl-1003-19416,TIMEZONE WESTGATE,Singapore,,"3 Gateway Drive,#B1-45/46 Westgate Singapore 608532",1.3345,103.74275,maimai DX International Version,maimai International official / ALL.Net,https://location.am-all.net/alm/location?gm=98&ct=1003&lang=en,https://location.am-all.net/alm/shop?gm=98&astep=1003&sid=19416&lang=en,False,https://www.google.com/maps/search/?api=1&query=TIMEZONE+WESTGATE+3+Gateway+Drive%2C%23B1-45%2F46+Westgate+Singapore+608532
intl-1003-20578,VIRTUALAND BUGIS+,Singapore,,"201 Victoria Street , #05-04/05/06 Bugis+, Singapore 188067",1.2998,103.85455,maimai DX International Version,maimai International official / ALL.Net,https://location.am-all.net/alm/location?gm=98&ct=1003&lang=en,https://location.am-all.net/alm/shop?gm=98&astep=1003&sid=20578&lang=en,False,https://www.google.com/maps/search/?api=1&query=VIRTUALAND+BUGIS%2B+201+Victoria+Street+%2C+%2305-04%2F05%2F06+Bugis%2B%2C+Singapore+188067
intl-1003-24160,VIRTUALAND(NEX),Singapore,,"23, SERANGOON CENTRAL #04-65 NEX SINGAPORE",1.35077136952738,103.872225765711,maimai DX International Version,maimai International official / ALL.Net,https://location.am-all.net/alm/location?gm=98&ct=1003&lang=en,https://location.am-all.net/alm/shop?gm=98&astep=1003&sid=24160&lang=en,False,https://www.google.com/maps/search/?api=1&query=VIRTUALAND%28NEX%29+23%2C+SERANGOON+CENTRAL+%2304-65+NEX+SINGAPORE
intl-1003-19882,ZONE-X EAST POINT MALL,Singapore,,"EastPoint Mall 3 Simei Street 6,B1-01102 Singapore 528833l",1.3427145,103.9530415,maimai DX International Version,maimai International official / ALL.Net,https://location.am-all.net/alm/location?gm=98&ct=1003&lang=en,https://location.am-all.net/alm/shop?gm=98&astep=1003&sid=19882&lang=en,False,https://www.google.com/maps/search/?api=1&query=ZONE-X+EAST+POINT+MALL+EastPoint+Mall+3+Simei+Street+6%2CB1-01102+Singapore+528833l
intl-1001-18743,CARTOONNI,Taiwan,,"7F., No.112, Sec. 1, Nankan Rd.Luzhu Dist., Taoyuan City 338207",25.0462073,121.2953089,maimai DX International Version,maimai International official / ALL.Net,https://location.am-all.net/alm/location?gm=98&ct=1001&lang=en,https://location.am-all.net/alm/shop?gm=98&astep=1001&sid=18743&lang=en,False,https://www.google.com/maps/search/?api=1&query=CARTOONNI+7F.%2C+No.112%2C+Sec.+1%2C+Nankan+Rd.Luzhu+Dist.%2C+Taoyuan+City+338207
intl-1001-19050,CATCH BUFFET (KEELUNG NIGHT MARKET),Taiwan,,"No.64, Ai 4th Rd., Ren’ai Dist., Keelung City 200010, Taiwan",25.1292241,121.7445904,maimai DX International Version,maimai International official / ALL.Net,https://location.am-all.net/alm/location?gm=98&ct=1001&lang=en,https://location.am-all.net/alm/shop?gm=98&astep=1001&sid=19050&lang=en,False,https://www.google.com/maps/search/?api=1&query=CATCH+BUFFET+%28KEELUNG+NIGHT+MARKET%29+No.64%2C+Ai+4th+Rd.%2C+Ren%E2%80%99ai+Dist.%2C+Keelung+City+200010%2C+Taiwan
intl-1001-19884,CATCH BUFFET(DA-NAN@SHLIN),Taiwan,,"1F.No.48,Sec.1,YangdeBlvd.Shilin Dist.TaipeiCity11146,Taiwan",25.0950492,121.5246077,maimai DX International Version,maimai International official / ALL.Net,https://location.am-all.net/alm/location?gm=98&ct=1001&lang=en,https://location.am-all.net/alm/shop?gm=98&astep=1001&sid=19884&lang=en,False,https://www.google.com/maps/search/?api=1&query=CATCH+BUFFET%28DA-NAN%40SHLIN%29+1F.No.48%2CSec.1%2CYangdeBlvd.Shilin+Dist.TaipeiCity11146%2CTaiwan
intl-1001-19070,CHAMELEON (CHIAYI),Taiwan,,No.79 Wenhua Rd. East Dist. Chiayi City 600 Taiwan,23.4773433,120.4497225,maimai DX International Version,maimai International official / ALL.Net,https://location.am-all.net/alm/location?gm=98&ct=1001&lang=en,https://location.am-all.net/alm/shop?gm=98&astep=1001&sid=19070&lang=en,False,https://www.google.com/maps/search/?api=1&query=CHAMELEON+%28CHIAYI%29+No.79+Wenhua+Rd.+East+Dist.+Chiayi+City+600+Taiwan
intl-1001-18828,GIGO KUANG SAN SOGO-Taichung,Taiwan,,"17F.,No.459,Sec.2,Taiwan Blvd.,West Dist.,Taichung City 403503",24.1430604,120.6631289,maimai DX International Version,maimai International official / ALL.Net,https://location.am-all.net/alm/location?gm=98&ct=1001&lang=en,https://location.am-all.net/alm/shop?gm=98&astep=1001&sid=18828&lang=en,False,https://www.google.com/maps/search/?api=1&query=GIGO+KUANG+SAN+SOGO-Taichung+17F.%2CNo.459%2CSec.2%2CTaiwan+Blvd.%2CWest+Dist.%2CTaichung+City+403503
intl-1001-19606,GUOBIN AMUSEMENT PARK,Taiwan,,"2F., No.66,Sec.1,Zhonghua E.Rd.East Dist.,TainanCity Taiwan",24.3330551,120.7404083,maimai DX International Version,maimai International official / ALL.Net,https://location.am-all.net/alm/location?gm=98&ct=1001&lang=en,https://location.am-all.net/alm/shop?gm=98&astep=1001&sid=19606&lang=en,False,https://www.google.com/maps/search/?api=1&query=GUOBIN+AMUSEMENT+PARK+2F.%2C+No.66%2CSec.1%2CZhonghua+E.Rd.East+Dist.%2CTainanCity+Taiwan
intl-1001-19124,GiGO LaLaport Taichung,Taiwan,,"3F., No.700, Jinde Rd., East Dist., Taichung City 401004",24.1339393,120.6924444,maimai DX International Version,maimai International official / ALL.Net,https://location.am-all.net/alm/location?gm=98&ct=1001&lang=en,https://location.am-all.net/alm/shop?gm=98&astep=1001&sid=19124&lang=en,False,https://www.google.com/maps/search/?api=1&query=GiGO+LaLaport+Taichung+3F.%2C+No.700%2C+Jinde+Rd.%2C+East+Dist.%2C+Taichung+City+401004
intl-1001-24700,GiGO METRO WALK,Taiwan,,"4F,NO.501 ,SEC.2,JHONGYUAN RD,JHONGLICITY,TAOYUAN COUNTY",25.0013610040415,121.228575054891,maimai DX International Version,maimai International official / ALL.Net,https://location.am-all.net/alm/location?gm=98&ct=1001&lang=en,https://location.am-all.net/alm/shop?gm=98&astep=1001&sid=24700&lang=en,False,https://www.google.com/maps/search/?api=1&query=GiGO+METRO+WALK+4F%2CNO.501+%2CSEC.2%2CJHONGYUAN+RD%2CJHONGLICITY%2CTAOYUAN+COUNTY
intl-1001-20505,GiGO MITSUI OUTLET PARK Lin Kou,Taiwan,,"2F, No.356, Sec.1,Wenhua3rdRd,LinkouDist,NewTaipeiCity,Taiwan",,,maimai DX International Version,maimai International official / ALL.Net,https://location.am-all.net/alm/location?gm=98&ct=1001&lang=en,https://location.am-all.net/alm/shop?gm=98&astep=1001&sid=20505&lang=en,True,https://www.google.com/maps/search/?api=1&query=GiGO+MITSUI+OUTLET+PARK+Lin+Kou+2F%2C+No.356%2C+Sec.1%2CWenhua3rdRd%2CLinkouDist%2CNewTaipeiCity%2CTaiwan
intl-1001-24698,GiGO TIGER CITY,Taiwan,,"B1F, NO.120, SEC.3,HENANRD.,SitunDistrict,TaichungCity",24.1643237945252,120.637863241322,maimai DX International Version,maimai International official / ALL.Net,https://location.am-all.net/alm/location?gm=98&ct=1001&lang=en,https://location.am-all.net/alm/shop?gm=98&astep=1001&sid=24698&lang=en,False,https://www.google.com/maps/search/?api=1&query=GiGO+TIGER+CITY+B1F%2C+NO.120%2C+SEC.3%2CHENANRD.%2CSitunDistrict%2CTaichungCity
intl-1001-19035,HALA (FENGJIA),Taiwan,,"269-48,Sec.2,Situn Rd.,Situn Dist.,Taichung City 407043,Taiwan",24.1792187,120.6404927,maimai DX International Version,maimai International official / ALL.Net,https://location.am-all.net/alm/location?gm=98&ct=1001&lang=en,https://location.am-all.net/alm/shop?gm=98&astep=1001&sid=19035&lang=en,False,https://www.google.com/maps/search/?api=1&query=HALA+%28FENGJIA%29+269-48%2CSec.2%2CSitun+Rd.%2CSitun+Dist.%2CTaichung+City+407043%2CTaiwan
intl-1001-20325,HALA PLANET,Taiwan,,"130,Sec.4,RooseveltRd.Zhongzheng Dist., Taipei City 100, Taiwan",25.0421407,121.5198716,maimai DX International Version,maimai International official / ALL.Net,https://location.am-all.net/alm/location?gm=98&ct=1001&lang=en,https://location.am-all.net/alm/shop?gm=98&astep=1001&sid=20325&lang=en,False,https://www.google.com/maps/search/?api=1&query=HALA+PLANET+130%2CSec.4%2CRooseveltRd.Zhongzheng+Dist.%2C+Taipei+City+100%2C+Taiwan
intl-1001-19533,HALA PLANET (NANYA),Taiwan,,"1F,No31-5,Nanya E Rd.Banqiao Dist.New Taipei City 220053",25.0056896,121.455297,maimai DX International Version,maimai International official / ALL.Net,https://location.am-all.net/alm/location?gm=98&ct=1001&lang=en,https://location.am-all.net/alm/shop?gm=98&astep=1001&sid=19533&lang=en,False,https://www.google.com/maps/search/?api=1&query=HALA+PLANET+%28NANYA%29+1F%2CNo31-5%2CNanya+E+Rd.Banqiao+Dist.New+Taipei+City+220053
intl-1001-19206,HALA PLANET (RAOHE),Taiwan,,"No.202, Raohe St., Songshan Dist., Taipei City 105058",25.050693,121.5770277,maimai DX International Version,maimai International official / ALL.Net,https://location.am-all.net/alm/location?gm=98&ct=1001&lang=en,https://location.am-all.net/alm/shop?gm=98&astep=1001&sid=19206&lang=en,False,https://www.google.com/maps/search/?api=1&query=HALA+PLANET+%28RAOHE%29+No.202%2C+Raohe+St.%2C+Songshan+Dist.%2C+Taipei+City+105058
intl-1001-20138,HALA PLANET (XIMEN),Taiwan,,"No.11, Ln.144, Sec.1,Zhonghua Rd.Wanhua Dist., Taipei City 108",25.0436445,121.508661,maimai DX International Version,maimai International official / ALL.Net,https://location.am-all.net/alm/location?gm=98&ct=1001&lang=en,https://location.am-all.net/alm/shop?gm=98&astep=1001&sid=20138&lang=en,False,https://www.google.com/maps/search/?api=1&query=HALA+PLANET+%28XIMEN%29+No.11%2C+Ln.144%2C+Sec.1%2CZhonghua+Rd.Wanhua+Dist.%2C+Taipei+City+108
intl-1001-18693,HALA PLANET(SHILIN),Taiwan,,"No. 43, Wenlin Rd., Shilin Dist., Taipei City 111012",25.0868787,121.5255253,maimai DX International Version,maimai International official / ALL.Net,https://location.am-all.net/alm/location?gm=98&ct=1001&lang=en,https://location.am-all.net/alm/shop?gm=98&astep=1001&sid=18693&lang=en,False,https://www.google.com/maps/search/?api=1&query=HALA+PLANET%28SHILIN%29+No.+43%2C+Wenlin+Rd.%2C+Shilin+Dist.%2C+Taipei+City+111012
intl-1001-18603,HALA PLANET(TAICHUNG YIZHONG),Taiwan,,"No.10, Taiping Rd., North Dist., Taichung City 404008, Taiwan",24.1476019,120.6859621,maimai DX International Version,maimai International official / ALL.Net,https://location.am-all.net/alm/location?gm=98&ct=1001&lang=en,https://location.am-all.net/alm/shop?gm=98&astep=1001&sid=18603&lang=en,False,https://www.google.com/maps/search/?api=1&query=HALA+PLANET%28TAICHUNG+YIZHONG%29+No.10%2C+Taiping+Rd.%2C+North+Dist.%2C+Taichung+City+404008%2C+Taiwan
intl-1001-18789,HALA PLANET(TAOYUAN),Taiwan,,"No. 168, Fuxing Rd., Taoyuan Dist., Taoyuan City 330046",24.9904077,121.312293,maimai DX International Version,maimai International official / ALL.Net,https://location.am-all.net/alm/location?gm=98&ct=1001&lang=en,https://location.am-all.net/alm/shop?gm=98&astep=1001&sid=18789&lang=en,False,https://www.google.com/maps/search/?api=1&query=HALA+PLANET%28TAOYUAN%29+No.+168%2C+Fuxing+Rd.%2C+Taoyuan+Dist.%2C+Taoyuan+City+330046
intl-1001-19759,HALA(XINYANG),Taiwan,,"1F., No.2, Xinyang St., Zhongzheng Dist., Taipei City 10047",25.0445923,121.5167157,maimai DX International Version,maimai International official / ALL.Net,https://location.am-all.net/alm/location?gm=98&ct=1001&lang=en,https://location.am-all.net/alm/shop?gm=98&astep=1001&sid=19759&lang=en,False,https://www.google.com/maps/search/?api=1&query=HALA%28XINYANG%29+1F.%2C+No.2%2C+Xinyang+St.%2C+Zhongzheng+Dist.%2C+Taipei+City+10047
intl-1001-19954,HAPPY100 (E DA),Taiwan,,"3F,No.12,Sec.1,XuechengRd DashuDist.KaohsiungCity84048,Taiwan",22.708371,120.4242401,maimai DX International Version,maimai International official / ALL.Net,https://location.am-all.net/alm/location?gm=98&ct=1001&lang=en,https://location.am-all.net/alm/shop?gm=98&astep=1001&sid=19954&lang=en,False,https://www.google.com/maps/search/?api=1&query=HAPPY100+%28E+DA%29+3F%2CNo.12%2CSec.1%2CXuechengRd+DashuDist.KaohsiungCity84048%2CTaiwan
intl-1001-22921,HAPPY100(DREAM MALL@KAOHSIUNG ),Taiwan,,"9F., NO.789, ZHONGHUA 5TH RD.,QIANZHEN DIST., KAOHSIUNG CITY",22.5950062863198,120.307781650332,maimai DX International Version,maimai International official / ALL.Net,https://location.am-all.net/alm/location?gm=98&ct=1001&lang=en,https://location.am-all.net/alm/shop?gm=98&astep=1001&sid=22921&lang=en,False,https://www.google.com/maps/search/?api=1&query=HAPPY100%28DREAM+MALL%40KAOHSIUNG+%29+9F.%2C+NO.789%2C+ZHONGHUA+5TH+RD.%2CQIANZHEN+DIST.%2C+KAOHSIUNG+CITY
intl-1001-18376,HAPPY100(E-DAMALL @KAOHSIUNG ),Taiwan,,"3 F No.12, Sec.1, Xuecheng Rd, Dashu Dist, Kaohsiung City 840403",,,maimai DX International Version,maimai International official / ALL.Net,https://location.am-all.net/alm/location?gm=98&ct=1001&lang=en,https://location.am-all.net/alm/shop?gm=98&astep=1001&sid=18376&lang=en,True,https://www.google.com/maps/search/?api=1&query=HAPPY100%28E-DAMALL+%40KAOHSIUNG+%29+3+F+No.12%2C+Sec.1%2C+Xuecheng+Rd%2C+Dashu+Dist%2C+Kaohsiung+City+840403
intl-1001-20654,HURO WORLD(CITY LINK@NANGANG),Taiwan,,"6F,NO369-C,SEC7,ZHONGXIAO E.RD.NANGANG DIST.,TAIPEI CITY115,TWN",25.0525582,121.604518,maimai DX International Version,maimai International official / ALL.Net,https://location.am-all.net/alm/location?gm=98&ct=1001&lang=en,https://location.am-all.net/alm/shop?gm=98&astep=1001&sid=20654&lang=en,False,https://www.google.com/maps/search/?api=1&query=HURO+WORLD%28CITY+LINK%40NANGANG%29+6F%2CNO369-C%2CSEC7%2CZHONGXIAO+E.RD.NANGANG+DIST.%2CTAIPEI+CITY115%2CTWN
intl-1001-19524,INFINITY WORLD,Taiwan,,No.22-50-1 Zhongshan Rd. Banqiao Dist. New Taipei City 220073,25.0093347,121.4611035,maimai DX International Version,maimai International official / ALL.Net,https://location.am-all.net/alm/location?gm=98&ct=1001&lang=en,https://location.am-all.net/alm/shop?gm=98&astep=1001&sid=19524&lang=en,False,https://www.google.com/maps/search/?api=1&query=INFINITY+WORLD+No.22-50-1+Zhongshan+Rd.+Banqiao+Dist.+New+Taipei+City+220073
intl-1001-19422,JAVA PLANET(LE-HUA@YOUNG-HE),Taiwan,,"No. 22, Yongping Rd., Yonghe Dist., New Taipei City, Taiwan",25.008979,121.513393,maimai DX International Version,maimai International official / ALL.Net,https://location.am-all.net/alm/location?gm=98&ct=1001&lang=en,https://location.am-all.net/alm/shop?gm=98&astep=1001&sid=19422&lang=en,False,https://www.google.com/maps/search/?api=1&query=JAVA+PLANET%28LE-HUA%40YOUNG-HE%29+No.+22%2C+Yongping+Rd.%2C+Yonghe+Dist.%2C+New+Taipei+City%2C+Taiwan
intl-1001-19738,KILEDO-XIN△YI,Taiwan,,"No.20, Songshou Rd, Sinyi Dist,Taipei City 110062",25.045098,121.5613131,maimai DX International Version,maimai International official / ALL.Net,https://location.am-all.net/alm/location?gm=98&ct=1001&lang=en,https://location.am-all.net/alm/shop?gm=98&astep=1001&sid=19738&lang=en,False,https://www.google.com/maps/search/?api=1&query=KILEDO-XIN%E2%96%B3YI+No.20%2C+Songshou+Rd%2C+Sinyi+Dist%2CTaipei+City+110062
intl-1001-20525,LIBAO COMPANY,Taiwan,,"NO.50-1,SEC.1,ZHONGXIAO W.RD.,ZHONGZHENG DIST., TAIPEI CITY100",25.0677905,121.4820754,maimai DX International Version,maimai International official / ALL.Net,https://location.am-all.net/alm/location?gm=98&ct=1001&lang=en,https://location.am-all.net/alm/shop?gm=98&astep=1001&sid=20525&lang=en,False,https://www.google.com/maps/search/?api=1&query=LIBAO+COMPANY+NO.50-1%2CSEC.1%2CZHONGXIAO+W.RD.%2CZHONGZHENG+DIST.%2C+TAIPEI+CITY100
intl-1001-23879,MAX GAME CENTER,Taiwan,,"NO.78, SEC.2, CHONGXIN RD.,SANCHONG DIST., NEW TAIPEI CITY",25.0618105204994,121.497292077315,maimai DX International Version,maimai International official / ALL.Net,https://location.am-all.net/alm/location?gm=98&ct=1001&lang=en,https://location.am-all.net/alm/shop?gm=98&astep=1001&sid=23879&lang=en,False,https://www.google.com/maps/search/?api=1&query=MAX+GAME+CENTER+NO.78%2C+SEC.2%2C+CHONGXIN+RD.%2CSANCHONG+DIST.%2C+NEW+TAIPEI+CITY
intl-1001-24066,NEW CITY(ZHONGLI),Taiwan,,"11F,NO.120,SEC.1,ZHONGYANG W.RD,ZHONGLI CITY, TAOYUAN",24.9584889,121.2203631,maimai DX International Version,maimai International official / ALL.Net,https://location.am-all.net/alm/location?gm=98&ct=1001&lang=en,https://location.am-all.net/alm/shop?gm=98&astep=1001&sid=24066&lang=en,False,https://www.google.com/maps/search/?api=1&query=NEW+CITY%28ZHONGLI%29+11F%2CNO.120%2CSEC.1%2CZHONGYANG+W.RD%2CZHONGLI+CITY%2C+TAOYUAN
intl-1001-19926,RED HAT ELEPHANT (TAOYUAN),Taiwan,,"9F.,No.61JhongjhengRd.TaoyuanDist.,TaoyuanCity33041,Taiwan",24.9934099,121.2969674,maimai DX International Version,maimai International official / ALL.Net,https://location.am-all.net/alm/location?gm=98&ct=1001&lang=en,https://location.am-all.net/alm/shop?gm=98&astep=1001&sid=19926&lang=en,False,https://www.google.com/maps/search/?api=1&query=RED+HAT+ELEPHANT+%28TAOYUAN%29+9F.%2CNo.61JhongjhengRd.TaoyuanDist.%2CTaoyuanCity33041%2CTaiwan
intl-1001-22323,RED HAT ELEPHANT(SOGO@FENGYUAN),Taiwan,,"10F., NO.2, FUXING RD., FENGYUAN DIST.,TAICHUNG CITY 420, TAIWAN",24.250721,120.720649,maimai DX International Version,maimai International official / ALL.Net,https://location.am-all.net/alm/location?gm=98&ct=1001&lang=en,https://location.am-all.net/alm/shop?gm=98&astep=1001&sid=22323&lang=en,False,https://www.google.com/maps/search/?api=1&query=RED+HAT+ELEPHANT%28SOGO%40FENGYUAN%29+10F.%2C+NO.2%2C+FUXING+RD.%2C+FENGYUAN+DIST.%2CTAICHUNG+CITY+420%2C+TAIWAN
intl-1001-22352,RED HAT ELEPHANT(SOGO@ZHONGLI ),Taiwan,,"11F,NO.357YUANHUA RD., JHONGLI CITY, TAOYUAN COUNTY",24.962581,121.223555,maimai DX International Version,maimai International official / ALL.Net,https://location.am-all.net/alm/location?gm=98&ct=1001&lang=en,https://location.am-all.net/alm/shop?gm=98&astep=1001&sid=22352&lang=en,False,https://www.google.com/maps/search/?api=1&query=RED+HAT+ELEPHANT%28SOGO%40ZHONGLI+%29+11F%2CNO.357YUANHUA+RD.%2C+JHONGLI+CITY%2C+TAOYUAN+COUNTY
intl-1001-18659,RHYTHM ARENA 2,Taiwan,,"2F No. 102, Tianxiang 1st Rd., Sanmin Dist",22.6675678,120.3202591,maimai DX International Version,maimai International official / ALL.Net,https://location.am-all.net/alm/location?gm=98&ct=1001&lang=en,https://location.am-all.net/alm/shop?gm=98&astep=1001&sid=18659&lang=en,False,https://www.google.com/maps/search/?api=1&query=RHYTHM+ARENA+2+2F+No.+102%2C+Tianxiang+1st+Rd.%2C+Sanmin+Dist
intl-1001-19007,RHYTHM ARENA(KAOHSIUNG),Taiwan,,"No.86-1, Zhonghua 3rd Rd.Qianjin Dist.,Kaohsiung City 801615",22.6272784,120.3014353,maimai DX International Version,maimai International official / ALL.Net,https://location.am-all.net/alm/location?gm=98&ct=1001&lang=en,https://location.am-all.net/alm/shop?gm=98&astep=1001&sid=19007&lang=en,False,https://www.google.com/maps/search/?api=1&query=RHYTHM+ARENA%28KAOHSIUNG%29+No.86-1%2C+Zhonghua+3rd+Rd.Qianjin+Dist.%2CKaohsiung+City+801615
intl-1001-19675,SHIRONEKOYA,Taiwan,,"No.127, Fuxing Rd., Taoyuan Dist., TaoyuanCity33066,Taiwan",24.990303,121.312723,maimai DX International Version,maimai International official / ALL.Net,https://location.am-all.net/alm/location?gm=98&ct=1001&lang=en,https://location.am-all.net/alm/shop?gm=98&astep=1001&sid=19675&lang=en,False,https://www.google.com/maps/search/?api=1&query=SHIRONEKOYA+No.127%2C+Fuxing+Rd.%2C+Taoyuan+Dist.%2C+TaoyuanCity33066%2CTaiwan
intl-1001-19469,SHIRONEKOYA(HSINCHU),Taiwan,,"1F., No.76, Xinyi St., East Dist., Hsinchu City 300025, Taiwan",24.8032086,120.9706468,maimai DX International Version,maimai International official / ALL.Net,https://location.am-all.net/alm/location?gm=98&ct=1001&lang=en,https://location.am-all.net/alm/shop?gm=98&astep=1001&sid=19469&lang=en,False,https://www.google.com/maps/search/?api=1&query=SHIRONEKOYA%28HSINCHU%29+1F.%2C+No.76%2C+Xinyi+St.%2C+East+Dist.%2C+Hsinchu+City+300025%2C+Taiwan
intl-1001-19234,SHIRONEKOYA(TAICHUNG),Taiwan,,"1F.,No.7,Ln. 6,Yucai St.,North Dist.,Taichung City,Taiwan",24.1502189,120.6849391,maimai DX International Version,maimai International official / ALL.Net,https://location.am-all.net/alm/location?gm=98&ct=1001&lang=en,https://location.am-all.net/alm/shop?gm=98&astep=1001&sid=19234&lang=en,False,https://www.google.com/maps/search/?api=1&query=SHIRONEKOYA%28TAICHUNG%29+1F.%2CNo.7%2CLn.+6%2CYucai+St.%2CNorth+Dist.%2CTaichung+City%2CTaiwan
intl-1001-18656,SHIRONEKOYA(TAIPEI),Taiwan,,"1 F No. 50, Nanyang St., Zhongzheng Dist., Taipei City 100007",25.0440094,121.5159911,maimai DX International Version,maimai International official / ALL.Net,https://location.am-all.net/alm/location?gm=98&ct=1001&lang=en,https://location.am-all.net/alm/shop?gm=98&astep=1001&sid=18656&lang=en,False,https://www.google.com/maps/search/?api=1&query=SHIRONEKOYA%28TAIPEI%29+1+F+No.+50%2C+Nanyang+St.%2C+Zhongzheng+Dist.%2C+Taipei+City+100007
intl-1001-18794,SHIRONEKOYA(ZHONGLI),Taiwan,,"1F., No. 575, Yanping Rd., Zhongli Dist., Taoyuan City 320061",24.9547944,121.222628,maimai DX International Version,maimai International official / ALL.Net,https://location.am-all.net/alm/location?gm=98&ct=1001&lang=en,https://location.am-all.net/alm/shop?gm=98&astep=1001&sid=18794&lang=en,False,https://www.google.com/maps/search/?api=1&query=SHIRONEKOYA%28ZHONGLI%29+1F.%2C+No.+575%2C+Yanping+Rd.%2C+Zhongli+Dist.%2C+Taoyuan+City+320061
intl-1001-20555,SIN YI CITY (HUWEI),Taiwan,,"1F., NO.80, XINXING RD., HUWEI TOWNSHIP, YUNLIN COUNTY 632",23.7094406,120.4346892,maimai DX International Version,maimai International official / ALL.Net,https://location.am-all.net/alm/location?gm=98&ct=1001&lang=en,https://location.am-all.net/alm/shop?gm=98&astep=1001&sid=20555&lang=en,False,https://www.google.com/maps/search/?api=1&query=SIN+YI+CITY+%28HUWEI%29+1F.%2C+NO.80%2C+XINXING+RD.%2C+HUWEI+TOWNSHIP%2C+YUNLIN+COUNTY+632
intl-1001-21498,SIN YI CITY (ZHANQIAN),Taiwan,,"NO.12,SANMIN RD.,FENGYUAN DIST.TAICHUNG CITY 420,TAIWAN",24.2513923,120.7210256,maimai DX International Version,maimai International official / ALL.Net,https://location.am-all.net/alm/location?gm=98&ct=1001&lang=en,https://location.am-all.net/alm/shop?gm=98&astep=1001&sid=21498&lang=en,False,https://www.google.com/maps/search/?api=1&query=SIN+YI+CITY+%28ZHANQIAN%29+NO.12%2CSANMIN+RD.%2CFENGYUAN+DIST.TAICHUNG+CITY+420%2CTAIWAN
intl-1001-19199,TIGER'S WORLD (JC PARK@ZHONGLI),Taiwan,,"4F., No.51, Jhongjheng Rd., Jhongli Dist., Taoyuan City 320001",24.9541156,121.2240366,maimai DX International Version,maimai International official / ALL.Net,https://location.am-all.net/alm/location?gm=98&ct=1001&lang=en,https://location.am-all.net/alm/shop?gm=98&astep=1001&sid=19199&lang=en,False,https://www.google.com/maps/search/?api=1&query=TIGER%27S+WORLD+%28JC+PARK%40ZHONGLI%29+4F.%2C+No.51%2C+Jhongjheng+Rd.%2C+Jhongli+Dist.%2C+Taoyuan+City+320001
intl-1001-19414,TIGER'S WORLD (LUZHOU),Taiwan,,"No.8, Changrong Rd., Luzhou Dist., New Taipei City 247033",25.0868908,121.4715241,maimai DX International Version,maimai International official / ALL.Net,https://location.am-all.net/alm/location?gm=98&ct=1001&lang=en,https://location.am-all.net/alm/shop?gm=98&astep=1001&sid=19414&lang=en,False,https://www.google.com/maps/search/?api=1&query=TIGER%27S+WORLD+%28LUZHOU%29+No.8%2C+Changrong+Rd.%2C+Luzhou+Dist.%2C+New+Taipei+City+247033
intl-1001-19424,TIGER'S WORLD (XINZHUANG),Taiwan,,"No.763,Xingfu E. Rd.,Xinzhuang Dist.,New Taipei City 242040,TWN",25.049437,121.4639439,maimai DX International Version,maimai International official / ALL.Net,https://location.am-all.net/alm/location?gm=98&ct=1001&lang=en,https://location.am-all.net/alm/shop?gm=98&astep=1001&sid=19424&lang=en,False,https://www.google.com/maps/search/?api=1&query=TIGER%27S+WORLD+%28XINZHUANG%29+No.763%2CXingfu+E.+Rd.%2CXinzhuang+Dist.%2CNew+Taipei+City+242040%2CTWN
intl-1001-18809,TIGER'S WORLD-CARREFOUR ZHONGYUAN,Taiwan,,"1F.,No.501,Sec.2,Zhonghua Rd.,Zhongli Dist.,Taoyuan City 320021",24.9721514,121.2053963,maimai DX International Version,maimai International official / ALL.Net,https://location.am-all.net/alm/location?gm=98&ct=1001&lang=en,https://location.am-all.net/alm/shop?gm=98&astep=1001&sid=18809&lang=en,False,https://www.google.com/maps/search/?api=1&query=TIGER%27S+WORLD-CARREFOUR+ZHONGYUAN+1F.%2CNo.501%2CSec.2%2CZhonghua+Rd.%2CZhongli+Dist.%2CTaoyuan+City+320021
intl-1001-19948,TOM'S WORLD (CHUNGYO@TAICHUNG),Taiwan,,"8F.No.161,Sec.3,Sanmin Rd.,Central Dist.,TaichungCity400,Taiwan",24.130577,120.660948,maimai DX International Version,maimai International official / ALL.Net,https://location.am-all.net/alm/location?gm=98&ct=1001&lang=en,https://location.am-all.net/alm/shop?gm=98&astep=1001&sid=19948&lang=en,False,https://www.google.com/maps/search/?api=1&query=TOM%27S+WORLD+%28CHUNGYO%40TAICHUNG%29+8F.No.161%2CSec.3%2CSanmin+Rd.%2CCentral+Dist.%2CTaichungCity400%2CTaiwan
intl-1001-19936,TOM'S WORLD (CIAO-LI@TAINAN)),Taiwan,,"2F.No.239,ZhongzhengRd.West Central Dist.,TainanCity70055,Taiwan",22.9948212,120.1964522,maimai DX International Version,maimai International official / ALL.Net,https://location.am-all.net/alm/location?gm=98&ct=1001&lang=en,https://location.am-all.net/alm/shop?gm=98&astep=1001&sid=19936&lang=en,False,https://www.google.com/maps/search/?api=1&query=TOM%27S+WORLD+%28CIAO-LI%40TAINAN%29%29+2F.No.239%2CZhongzhengRd.West+Central+Dist.%2CTainanCity70055%2CTaiwan
intl-1001-20135,TOM'S WORLD (CITY PLAZA@TAMSUI),Taiwan,,"4F., No.8, Jhongshan Rd., Tamsui Dist., New Taipei City 25151",25.2003326,121.4799342,maimai DX International Version,maimai International official / ALL.Net,https://location.am-all.net/alm/location?gm=98&ct=1001&lang=en,https://location.am-all.net/alm/shop?gm=98&astep=1001&sid=20135&lang=en,False,https://www.google.com/maps/search/?api=1&query=TOM%27S+WORLD+%28CITY+PLAZA%40TAMSUI%29+4F.%2C+No.8%2C+Jhongshan+Rd.%2C+Tamsui+Dist.%2C+New+Taipei+City+25151
intl-1001-20400,TOM'S WORLD (E-SQUARE@KEELUNG),Taiwan,,"3F,No.236,Ren 2nd Rd.,Ren’aiDist.,Keelung City 20048, Taiwan",,,maimai DX International Version,maimai International official / ALL.Net,https://location.am-all.net/alm/location?gm=98&ct=1001&lang=en,https://location.am-all.net/alm/shop?gm=98&astep=1001&sid=20400&lang=en,True,https://www.google.com/maps/search/?api=1&query=TOM%27S+WORLD+%28E-SQUARE%40KEELUNG%29+3F%2CNo.236%2CRen+2nd+Rd.%2CRen%E2%80%99aiDist.%2CKeelung+City+20048%2C+Taiwan
intl-1001-19933,TOM'S WORLD (HAIDIAN-LI@TAINAN)),Taiwan,,"1FNo329,Sec.1,Haidian Rd.,AnnanDist.,TainanCity70962,Taiwan",,,maimai DX International Version,maimai International official / ALL.Net,https://location.am-all.net/alm/location?gm=98&ct=1001&lang=en,https://location.am-all.net/alm/shop?gm=98&astep=1001&sid=19933&lang=en,True,https://www.google.com/maps/search/?api=1&query=TOM%27S+WORLD+%28HAIDIAN-LI%40TAINAN%29%29+1FNo329%2CSec.1%2CHaidian+Rd.%2CAnnanDist.%2CTainanCity70962%2CTaiwan
intl-1001-19592,TOM'S WORLD (HANSHIN@KAOHSIUNG),Taiwan,,"6F.No.777, Bo'ai 2ndRd.ZuoyingDist.KaohsiungCity813603,Taiwan",22.6877358,120.2916524,maimai DX International Version,maimai International official / ALL.Net,https://location.am-all.net/alm/location?gm=98&ct=1001&lang=en,https://location.am-all.net/alm/shop?gm=98&astep=1001&sid=19592&lang=en,False,https://www.google.com/maps/search/?api=1&query=TOM%27S+WORLD+%28HANSHIN%40KAOHSIUNG%29+6F.No.777%2C+Bo%27ai+2ndRd.ZuoyingDist.KaohsiungCity813603%2CTaiwan
intl-1001-20098,TOM'S WORLD (HUILAI@CHANGHUA),Taiwan,,"No.49-1, Huilai St., Yuanlin City, Changhua County 51054, Taiwan",23.9554794,120.573628,maimai DX International Version,maimai International official / ALL.Net,https://location.am-all.net/alm/location?gm=98&ct=1001&lang=en,https://location.am-all.net/alm/shop?gm=98&astep=1001&sid=20098&lang=en,False,https://www.google.com/maps/search/?api=1&query=TOM%27S+WORLD+%28HUILAI%40CHANGHUA%29+No.49-1%2C+Huilai+St.%2C+Yuanlin+City%2C+Changhua+County+51054%2C+Taiwan
intl-1001-19938,TOM'S WORLD (KAIYUAN@TAINAN),Taiwan,,"1F.,No.219,KaiyuanRd.,NorthDist.,TainanCity70442,Taiwan",23.00743,120.22004,maimai DX International Version,maimai International official / ALL.Net,https://location.am-all.net/alm/location?gm=98&ct=1001&lang=en,https://location.am-all.net/alm/shop?gm=98&astep=1001&sid=19938&lang=en,False,https://www.google.com/maps/search/?api=1&query=TOM%27S+WORLD+%28KAIYUAN%40TAINAN%29+1F.%2CNo.219%2CKaiyuanRd.%2CNorthDist.%2CTainanCity70442%2CTaiwan
intl-1001-19929,TOM'S WORLD (MITSUKOSHI@TAINAN ),Taiwan,,"11F.No.162,ZhongshanRd.WestCentralDist.,TainanCity70043,Taiwan",22.9955009,120.2098201,maimai DX International Version,maimai International official / ALL.Net,https://location.am-all.net/alm/location?gm=98&ct=1001&lang=en,https://location.am-all.net/alm/shop?gm=98&astep=1001&sid=19929&lang=en,False,https://www.google.com/maps/search/?api=1&query=TOM%27S+WORLD+%28MITSUKOSHI%40TAINAN+%29+11F.No.162%2CZhongshanRd.WestCentralDist.%2CTainanCity70043%2CTaiwan
intl-1001-19684,TOM'S WORLD (MITSUKOSHI@TAINAN),Taiwan,,"6F.No.658,Sec.1,XimenRd.,West Central Dist.,TainanCity70051",22.990311,120.197495,maimai DX International Version,maimai International official / ALL.Net,https://location.am-all.net/alm/location?gm=98&ct=1001&lang=en,https://location.am-all.net/alm/shop?gm=98&astep=1001&sid=19684&lang=en,False,https://www.google.com/maps/search/?api=1&query=TOM%27S+WORLD+%28MITSUKOSHI%40TAINAN%29+6F.No.658%2CSec.1%2CXimenRd.%2CWest+Central+Dist.%2CTainanCity70051
intl-1001-19215,TOM'S WORLD (SHOWTIME@KONG-SAN),Taiwan,,"No.2, Ln. 1, Jie'an Rd., Gangshan Dist., Kaohsiung City 820111",22.8016472,120.2858846,maimai DX International Version,maimai International official / ALL.Net,https://location.am-all.net/alm/location?gm=98&ct=1001&lang=en,https://location.am-all.net/alm/shop?gm=98&astep=1001&sid=19215&lang=en,False,https://www.google.com/maps/search/?api=1&query=TOM%27S+WORLD+%28SHOWTIME%40KONG-SAN%29+No.2%2C+Ln.+1%2C+Jie%27an+Rd.%2C+Gangshan+Dist.%2C+Kaohsiung+City+820111
intl-1001-19941,TOM'S WORLD (T.S. MALL@TAINAN),Taiwan,,"B1,No.366,Sec.1,ZhonghuaE.Rd.EastDist.,TainanCity70155,Taiwan",22.998693,120.234058,maimai DX International Version,maimai International official / ALL.Net,https://location.am-all.net/alm/location?gm=98&ct=1001&lang=en,https://location.am-all.net/alm/shop?gm=98&astep=1001&sid=19941&lang=en,False,https://www.google.com/maps/search/?api=1&query=TOM%27S+WORLD+%28T.S.+MALL%40TAINAN%29+B1%2CNo.366%2CSec.1%2CZhonghuaE.Rd.EastDist.%2CTainanCity70155%2CTaiwan
intl-1001-19928,TOM'S WORLD (TAITUNG),Taiwan,,"1F. No.439,Sec.1,ZhonghuaRd.,TaitungCity,TaitungCounty95042",22.753932,121.1527787,maimai DX International Version,maimai International official / ALL.Net,https://location.am-all.net/alm/location?gm=98&ct=1001&lang=en,https://location.am-all.net/alm/shop?gm=98&astep=1001&sid=19928&lang=en,False,https://www.google.com/maps/search/?api=1&query=TOM%27S+WORLD+%28TAITUNG%29+1F.+No.439%2CSec.1%2CZhonghuaRd.%2CTaitungCity%2CTaitungCounty95042
intl-1001-19028,TOM'S WORLD (YULON CITY@XINDIAN),Taiwan,,"7F No.70 Sec3,Zhongxing Rd,Xindian Dist,New Taipei City",25.00719,121.4553603,maimai DX International Version,maimai International official / ALL.Net,https://location.am-all.net/alm/location?gm=98&ct=1001&lang=en,https://location.am-all.net/alm/shop?gm=98&astep=1001&sid=19028&lang=en,False,https://www.google.com/maps/search/?api=1&query=TOM%27S+WORLD+%28YULON+CITY%40XINDIAN%29+7F+No.70+Sec3%2CZhongxing+Rd%2CXindian+Dist%2CNew+Taipei+City
intl-1001-18728,TOM'S WORLD MITSUI OUTLET PARK-LINKOU,Taiwan,,"3F,No.123,Sec.1,Wenhua 2nd Rd,Linkou Dist,New Taipei City 244008",25.2247173,121.6365176,maimai DX International Version,maimai International official / ALL.Net,https://location.am-all.net/alm/location?gm=98&ct=1001&lang=en,https://location.am-all.net/alm/shop?gm=98&astep=1001&sid=18728&lang=en,False,https://www.google.com/maps/search/?api=1&query=TOM%27S+WORLD+MITSUI+OUTLET+PARK-LINKOU+3F%2CNo.123%2CSec.1%2CWenhua+2nd+Rd%2CLinkou+Dist%2CNew+Taipei+City+244008
intl-1001-18712,TOM'S WORLD MITSUI OUTLET PARK-TAICHUNG,Taiwan,,"2F No168 Sec10, Taiwan Blvd Wuqi Dist TaichungCity 435407",24.2490793,120.5386546,maimai DX International Version,maimai International official / ALL.Net,https://location.am-all.net/alm/location?gm=98&ct=1001&lang=en,https://location.am-all.net/alm/shop?gm=98&astep=1001&sid=18712&lang=en,False,https://www.google.com/maps/search/?api=1&query=TOM%27S+WORLD+MITSUI+OUTLET+PARK-TAICHUNG+2F+No168+Sec10%2C+Taiwan+Blvd+Wuqi+Dist+TaichungCity+435407
intl-1001-24149,TOM'S WORLD(BOAI@CHIAYI),Taiwan,,"NO.181, SEC.2, BO'AI RD.,WEST DIST, CHIAYI CITY 60059",23.4809110810676,120.439305963893,maimai DX International Version,maimai International official / ALL.Net,https://location.am-all.net/alm/location?gm=98&ct=1001&lang=en,https://location.am-all.net/alm/shop?gm=98&astep=1001&sid=24149&lang=en,False,https://www.google.com/maps/search/?api=1&query=TOM%27S+WORLD%28BOAI%40CHIAYI%29+NO.181%2C+SEC.2%2C+BO%27AI+RD.%2CWEST+DIST%2C+CHIAYI+CITY+60059
intl-1001-19137,TOM'S WORLD(CARREFOUR@CHANGHUA),Taiwan,,"2F.No.321,Sec.2,Jinma Rd.Canghua City,Changhua Country 500044",24.092858,120.5731585,maimai DX International Version,maimai International official / ALL.Net,https://location.am-all.net/alm/location?gm=98&ct=1001&lang=en,https://location.am-all.net/alm/shop?gm=98&astep=1001&sid=19137&lang=en,False,https://www.google.com/maps/search/?api=1&query=TOM%27S+WORLD%28CARREFOUR%40CHANGHUA%29+2F.No.321%2CSec.2%2CJinma+Rd.Canghua+City%2CChanghua+Country+500044
intl-1001-24686,TOM'S WORLD(CHIN CHIN@TAICHUNG),Taiwan,,"B1F.-2,NO.14, BEITUN RD.,NORTH DISTRICT,TAICHUNG CITY",24.1601922906738,120.691991665929,maimai DX International Version,maimai International official / ALL.Net,https://location.am-all.net/alm/location?gm=98&ct=1001&lang=en,https://location.am-all.net/alm/shop?gm=98&astep=1001&sid=24686&lang=en,False,https://www.google.com/maps/search/?api=1&query=TOM%27S+WORLD%28CHIN+CHIN%40TAICHUNG%29+B1F.-2%2CNO.14%2C+BEITUN+RD.%2CNORTH+DISTRICT%2CTAICHUNG+CITY
intl-1001-23031,TOM'S WORLD(DALI@TAICHUNG),Taiwan,,"NO.446, SEC. 2, ZHONGXING RD.,DALI DIST., TAICHUNG CITY",24.1089146367288,120.690367542467,maimai DX International Version,maimai International official / ALL.Net,https://location.am-all.net/alm/location?gm=98&ct=1001&lang=en,https://location.am-all.net/alm/shop?gm=98&astep=1001&sid=23031&lang=en,False,https://www.google.com/maps/search/?api=1&query=TOM%27S+WORLD%28DALI%40TAICHUNG%29+NO.446%2C+SEC.+2%2C+ZHONGXING+RD.%2CDALI+DIST.%2C+TAICHUNG+CITY
intl-1001-22353,TOM'S WORLD(DREAM MALL@KAOHSIUNG),Taiwan,,"B1., NO.789, ZHONGHUA 5TH RD.QIANZHEN DIST., KAOHSIUNG CITY",22.6227313709171,120.358046096295,maimai DX International Version,maimai International official / ALL.Net,https://location.am-all.net/alm/location?gm=98&ct=1001&lang=en,https://location.am-all.net/alm/shop?gm=98&astep=1001&sid=22353&lang=en,False,https://www.google.com/maps/search/?api=1&query=TOM%27S+WORLD%28DREAM+MALL%40KAOHSIUNG%29+B1.%2C+NO.789%2C+ZHONGHUA+5TH+RD.QIANZHEN+DIST.%2C+KAOHSIUNG+CITY
intl-1001-19493,TOM'S WORLD(E SKY LAND@KAOHSIUNG),Taiwan,,"5F., No.115, Dashun 1st Rd., Gushan Dist., Kaohsiung City 804058",22.6568127,120.3066315,maimai DX International Version,maimai International official / ALL.Net,https://location.am-all.net/alm/location?gm=98&ct=1001&lang=en,https://location.am-all.net/alm/shop?gm=98&astep=1001&sid=19493&lang=en,False,https://www.google.com/maps/search/?api=1&query=TOM%27S+WORLD%28E+SKY+LAND%40KAOHSIUNG%29+5F.%2C+No.115%2C+Dashun+1st+Rd.%2C+Gushan+Dist.%2C+Kaohsiung+City+804058
intl-1001-24673,TOM'S WORLD(E33@HUALIEN),Taiwan,,"4F.,NO.530, JHONGJHENG RD.,HUALIEN CITY,HUALIEN COUNTY",23.9776428113001,121.608218455285,maimai DX International Version,maimai International official / ALL.Net,https://location.am-all.net/alm/location?gm=98&ct=1001&lang=en,https://location.am-all.net/alm/shop?gm=98&astep=1001&sid=24673&lang=en,False,https://www.google.com/maps/search/?api=1&query=TOM%27S+WORLD%28E33%40HUALIEN%29+4F.%2CNO.530%2C+JHONGJHENG+RD.%2CHUALIEN+CITY%2CHUALIEN+COUNTY
intl-1001-22390,TOM'S WORLD(FE21 MEGA@KAOHSIUNG),Taiwan,,"12/F,21 SANDUO 4TH RD.,LINGYA DIST.,KAOHSIUNG CITY,TAIWAN",22.6130726,120.3039507,maimai DX International Version,maimai International official / ALL.Net,https://location.am-all.net/alm/location?gm=98&ct=1001&lang=en,https://location.am-all.net/alm/shop?gm=98&astep=1001&sid=22390&lang=en,False,https://www.google.com/maps/search/?api=1&query=TOM%27S+WORLD%28FE21+MEGA%40KAOHSIUNG%29+12%2FF%2C21+SANDUO+4TH+RD.%2CLINGYA+DIST.%2CKAOHSIUNG+CITY%2CTAIWAN
intl-1001-24136,TOM'S WORLD(FE21@TAOYUAN),Taiwan,,"12F., NO.20,ZHONGZHENG RD.,TAOYUAN CITY, TAOYUAN COUNTY",24.9898544722003,121.313921236771,maimai DX International Version,maimai International official / ALL.Net,https://location.am-all.net/alm/location?gm=98&ct=1001&lang=en,https://location.am-all.net/alm/shop?gm=98&astep=1001&sid=24136&lang=en,False,https://www.google.com/maps/search/?api=1&query=TOM%27S+WORLD%28FE21%40TAOYUAN%29+12F.%2C+NO.20%2CZHONGZHENG+RD.%2CTAOYUAN+CITY%2C+TAOYUAN+COUNTY
intl-1001-24073,TOM'S WORLD(FENGSHAN@KAOHSIUNG),Taiwan,,"B1F.,NO.149,ZHONGSHAN RD.,FENGSHANG DIST., KAOHSIUNG,",22.6227308104161,120.358045460731,maimai DX International Version,maimai International official / ALL.Net,https://location.am-all.net/alm/location?gm=98&ct=1001&lang=en,https://location.am-all.net/alm/shop?gm=98&astep=1001&sid=24073&lang=en,False,https://www.google.com/maps/search/?api=1&query=TOM%27S+WORLD%28FENGSHAN%40KAOHSIUNG%29+B1F.%2CNO.149%2CZHONGSHAN+RD.%2CFENGSHANG+DIST.%2C+KAOHSIUNG%2C
intl-1001-24150,TOM'S WORLD(FOCUS@TAINAN),Taiwan,,"9F.,NO.166, ZHONGSHAN RD.,WEST CENTRAL DIST., TAINAN CITY",22.995715824494,120.210264941139,maimai DX International Version,maimai International official / ALL.Net,https://location.am-all.net/alm/location?gm=98&ct=1001&lang=en,https://location.am-all.net/alm/shop?gm=98&astep=1001&sid=24150&lang=en,False,https://www.google.com/maps/search/?api=1&query=TOM%27S+WORLD%28FOCUS%40TAINAN%29+9F.%2CNO.166%2C+ZHONGSHAN+RD.%2CWEST+CENTRAL+DIST.%2C+TAINAN+CITY
intl-1001-23030,TOM'S WORLD(GIANT CITY@HSINCHU),Taiwan,,"8F., NO.229, ZHONGYANG RD.,NORTH DIST., HSINCHU CITY",24.8103598821181,120.975195775424,maimai DX International Version,maimai International official / ALL.Net,https://location.am-all.net/alm/location?gm=98&ct=1001&lang=en,https://location.am-all.net/alm/shop?gm=98&astep=1001&sid=23030&lang=en,False,https://www.google.com/maps/search/?api=1&query=TOM%27S+WORLD%28GIANT+CITY%40HSINCHU%29+8F.%2C+NO.229%2C+ZHONGYANG+RD.%2CNORTH+DIST.%2C+HSINCHU+CITY
intl-1001-18503,TOM'S WORLD(GLOBALMALL-NANGANG),Taiwan,,"B2., No. 371, Sec. 7, ZhongxiaoE. Rd., Nangang Dist.",25.0529839,121.6071877,maimai DX International Version,maimai International official / ALL.Net,https://location.am-all.net/alm/location?gm=98&ct=1001&lang=en,https://location.am-all.net/alm/shop?gm=98&astep=1001&sid=18503&lang=en,False,https://www.google.com/maps/search/?api=1&query=TOM%27S+WORLD%28GLOBALMALL-NANGANG%29+B2.%2C+No.+371%2C+Sec.+7%2C+ZhongxiaoE.+Rd.%2C+Nangang+Dist.
intl-1001-19667,TOM'S WORLD(HONHUI PLAZA@NEW TAIPEI),Taiwan,,"9F No.3,Sec.4,New Taipei Blvd.,Xinzhuang Dist.New Taipei City",25.0265985,121.4178347,maimai DX International Version,maimai International official / ALL.Net,https://location.am-all.net/alm/location?gm=98&ct=1001&lang=en,https://location.am-all.net/alm/shop?gm=98&astep=1001&sid=19667&lang=en,False,https://www.google.com/maps/search/?api=1&query=TOM%27S+WORLD%28HONHUI+PLAZA%40NEW+TAIPEI%29+9F+No.3%2CSec.4%2CNew+Taipei+Blvd.%2CXinzhuang+Dist.New+Taipei+City
intl-1001-24055,TOM'S WORLD(JHENGUANG@PINGTUNG),Taiwan,,"NO.62, MINSHENG RD.,PINGTUNG CITY, PINGTUNG COUNTY",22.667925,120.497476,maimai DX International Version,maimai International official / ALL.Net,https://location.am-all.net/alm/location?gm=98&ct=1001&lang=en,https://location.am-all.net/alm/shop?gm=98&astep=1001&sid=24055&lang=en,False,https://www.google.com/maps/search/?api=1&query=TOM%27S+WORLD%28JHENGUANG%40PINGTUNG%29+NO.62%2C+MINSHENG+RD.%2CPINGTUNG+CITY%2C+PINGTUNG+COUNTY
intl-1001-24684,TOM'S WORLD(JHENGUANG@TAINAN),Taiwan,,"1F., NO.236, SEC.2,JHONGHUAE.RD., TAINAN CITY",22.9819470535495,120.229921589,maimai DX International Version,maimai International official / ALL.Net,https://location.am-all.net/alm/location?gm=98&ct=1001&lang=en,https://location.am-all.net/alm/shop?gm=98&astep=1001&sid=24684&lang=en,False,https://www.google.com/maps/search/?api=1&query=TOM%27S+WORLD%28JHENGUANG%40TAINAN%29+1F.%2C+NO.236%2C+SEC.2%2CJHONGHUAE.RD.%2C+TAINAN+CITY
intl-1001-24683,TOM'S WORLD(JHONGSING@HSINCHU),Taiwan,,"1F.,NO.32, LINSEN RD.,HSINCHU CITY,",24.801872,120.9689311,maimai DX International Version,maimai International official / ALL.Net,https://location.am-all.net/alm/location?gm=98&ct=1001&lang=en,https://location.am-all.net/alm/shop?gm=98&astep=1001&sid=24683&lang=en,False,https://www.google.com/maps/search/?api=1&query=TOM%27S+WORLD%28JHONGSING%40HSINCHU%29+1F.%2CNO.32%2C+LINSEN+RD.%2CHSINCHU+CITY%2C
intl-1001-24689,TOM'S WORLD(JINWANNIAN@TAIPEI),Taiwan,,"5F., NO.70, SINING S.RD.,WANHUADISTRICT, TAIPEI CITY,",25.0435100845026,121.505893338643,maimai DX International Version,maimai International official / ALL.Net,https://location.am-all.net/alm/location?gm=98&ct=1001&lang=en,https://location.am-all.net/alm/shop?gm=98&astep=1001&sid=24689&lang=en,False,https://www.google.com/maps/search/?api=1&query=TOM%27S+WORLD%28JINWANNIAN%40TAIPEI%29+5F.%2C+NO.70%2C+SINING+S.RD.%2CWANHUADISTRICT%2C+TAIPEI+CITY%2C
intl-1001-18509,TOM'S WORLD(JINWUA-TAINAN),Taiwan,,"1 F No. 412, Sec. 1, Jinhua Rd., South Dist., Tainan City 702011",22.971355,120.1910355,maimai DX International Version,maimai International official / ALL.Net,https://location.am-all.net/alm/location?gm=98&ct=1001&lang=en,https://location.am-all.net/alm/shop?gm=98&astep=1001&sid=18509&lang=en,False,https://www.google.com/maps/search/?api=1&query=TOM%27S+WORLD%28JINWUA-TAINAN%29+1+F+No.+412%2C+Sec.+1%2C+Jinhua+Rd.%2C+South+Dist.%2C+Tainan+City+702011
intl-1001-24622,TOM'S WORLD(LIUHE@KAOHSIUNG),Taiwan,,"NO.132, LIUHE 2ND RD.,QIANJIN DISTRICT, KAOHSIUNG",22.6311428516372,120.29597092943,maimai DX International Version,maimai International official / ALL.Net,https://location.am-all.net/alm/location?gm=98&ct=1001&lang=en,https://location.am-all.net/alm/shop?gm=98&astep=1001&sid=24622&lang=en,False,https://www.google.com/maps/search/?api=1&query=TOM%27S+WORLD%28LIUHE%40KAOHSIUNG%29+NO.132%2C+LIUHE+2ND+RD.%2CQIANJIN+DISTRICT%2C+KAOHSIUNG
intl-1001-24145,TOM'S WORLD(LUNA PLAZA@YILAN),Taiwan,,"4F.,NO.6, LANE38, SEC.2,MINQUANRD.,YILAN CITY,YILANCNTY",24.7544626818373,121.750711,maimai DX International Version,maimai International official / ALL.Net,https://location.am-all.net/alm/location?gm=98&ct=1001&lang=en,https://location.am-all.net/alm/shop?gm=98&astep=1001&sid=24145&lang=en,False,https://www.google.com/maps/search/?api=1&query=TOM%27S+WORLD%28LUNA+PLAZA%40YILAN%29+4F.%2CNO.6%2C+LANE38%2C+SEC.2%2CMINQUANRD.%2CYILAN+CITY%2CYILANCNTY
intl-1001-24665,TOM'S WORLD(MINSHENG@LOTONG),Taiwan,,"2F.,NO.6,MINSHENG RD.,LUODONG TOWNSHIP, YILAN COUNTY,",24.676720059988,121.771031055048,maimai DX International Version,maimai International official / ALL.Net,https://location.am-all.net/alm/location?gm=98&ct=1001&lang=en,https://location.am-all.net/alm/shop?gm=98&astep=1001&sid=24665&lang=en,False,https://www.google.com/maps/search/?api=1&query=TOM%27S+WORLD%28MINSHENG%40LOTONG%29+2F.%2CNO.6%2CMINSHENG+RD.%2CLUODONG+TOWNSHIP%2C+YILAN+COUNTY%2C
intl-1001-21370,TOM'S WORLD(MIRAMAR@TAIPEI),Taiwan,,"5F.,NO.22,JINGYE3RD RD.,ZHONGSHAN DIST.,TAIPEI CITY104,TAIWAN",25.0832870840152,121.557866867737,maimai DX International Version,maimai International official / ALL.Net,https://location.am-all.net/alm/location?gm=98&ct=1001&lang=en,https://location.am-all.net/alm/shop?gm=98&astep=1001&sid=21370&lang=en,False,https://www.google.com/maps/search/?api=1&query=TOM%27S+WORLD%28MIRAMAR%40TAIPEI%29+5F.%2CNO.22%2CJINGYE3RD+RD.%2CZHONGSHAN+DIST.%2CTAIPEI+CITY104%2CTAIWAN
intl-1001-19942,TOM'S WORLD(MITSUKOSHI@ZUOYING 10F),Taiwan,,"10F.No.123,GaotieRd.,ZuoyingDist.,KaohsiungCity81361,Taiwan",22.6884719,120.3100475,maimai DX International Version,maimai International official / ALL.Net,https://location.am-all.net/alm/location?gm=98&ct=1001&lang=en,https://location.am-all.net/alm/shop?gm=98&astep=1001&sid=19942&lang=en,False,https://www.google.com/maps/search/?api=1&query=TOM%27S+WORLD%28MITSUKOSHI%40ZUOYING+10F%29+10F.No.123%2CGaotieRd.%2CZuoyingDist.%2CKaohsiungCity81361%2CTaiwan
intl-1001-19944,TOM'S WORLD(MITSUKOSHI@ZUOYING 2F),Taiwan,,"2F.No.123,GaotieRd.,Zuoying Dist.,KaohsiungCity81361",22.6877358,120.2916524,maimai DX International Version,maimai International official / ALL.Net,https://location.am-all.net/alm/location?gm=98&ct=1001&lang=en,https://location.am-all.net/alm/shop?gm=98&astep=1001&sid=19944&lang=en,False,https://www.google.com/maps/search/?api=1&query=TOM%27S+WORLD%28MITSUKOSHI%40ZUOYING+2F%29+2F.No.123%2CGaotieRd.%2CZuoying+Dist.%2CKaohsiungCity81361
intl-1001-19591,TOM'S WORLD(MORI SHOWTIME@SHULIN),Taiwan,,"3F.No.40-6,Shuxin Rd. Shulin Dist.,New Taipei City 238, Taiwan",24.9955128,121.4284257,maimai DX International Version,maimai International official / ALL.Net,https://location.am-all.net/alm/location?gm=98&ct=1001&lang=en,https://location.am-all.net/alm/shop?gm=98&astep=1001&sid=19591&lang=en,False,https://www.google.com/maps/search/?api=1&query=TOM%27S+WORLD%28MORI+SHOWTIME%40SHULIN%29+3F.No.40-6%2CShuxin+Rd.+Shulin+Dist.%2CNew+Taipei+City+238%2C+Taiwan
intl-1001-19663,TOM'S WORLD(SHANG-SHUN WORLD@MIAOLI),Taiwan,,"6F., No.105, Zhongyang Rd., Toufen City, Miaoli County 35157",,,maimai DX International Version,maimai International official / ALL.Net,https://location.am-all.net/alm/location?gm=98&ct=1001&lang=en,https://location.am-all.net/alm/shop?gm=98&astep=1001&sid=19663&lang=en,True,https://www.google.com/maps/search/?api=1&query=TOM%27S+WORLD%28SHANG-SHUN+WORLD%40MIAOLI%29+6F.%2C+No.105%2C+Zhongyang+Rd.%2C+Toufen+City%2C+Miaoli+County+35157
intl-1001-19528,TOM'S WORLD(SHOW TIME@CHIAYI),Taiwan,,"No.299, Wenhua Rd., West Dist.,Chiayi City 600054, Taiwan",23.4852891,120.4476782,maimai DX International Version,maimai International official / ALL.Net,https://location.am-all.net/alm/location?gm=98&ct=1001&lang=en,https://location.am-all.net/alm/shop?gm=98&astep=1001&sid=19528&lang=en,False,https://www.google.com/maps/search/?api=1&query=TOM%27S+WORLD%28SHOW+TIME%40CHIAYI%29+No.299%2C+Wenhua+Rd.%2C+West+Dist.%2CChiayi+City+600054%2C+Taiwan
intl-1001-20076,TOM'S WORLD(SHOWTIME WENXIN@TAICHUNG),Taiwan,,"4F., No.289, Wenxin S. Rd., NantunDist., Taichung City 40854,",24.1296447,120.6461153,maimai DX International Version,maimai International official / ALL.Net,https://location.am-all.net/alm/location?gm=98&ct=1001&lang=en,https://location.am-all.net/alm/shop?gm=98&astep=1001&sid=20076&lang=en,False,https://www.google.com/maps/search/?api=1&query=TOM%27S+WORLD%28SHOWTIME+WENXIN%40TAICHUNG%29+4F.%2C+No.289%2C+Wenxin+S.+Rd.%2C+NantunDist.%2C+Taichung+City+40854%2C
intl-1001-19687,TOM'S WORLD(SKM PARK @KAOHSIUNGB1),Taiwan,,"B1,NO.100,ZHONGSHAN4TH RD.,QIANZHENDIST.,KAOHSIUNG CITY806,TWN",22.5824875,120.3288911,maimai DX International Version,maimai International official / ALL.Net,https://location.am-all.net/alm/location?gm=98&ct=1001&lang=en,https://location.am-all.net/alm/shop?gm=98&astep=1001&sid=19687&lang=en,False,https://www.google.com/maps/search/?api=1&query=TOM%27S+WORLD%28SKM+PARK+%40KAOHSIUNGB1%29+B1%2CNO.100%2CZHONGSHAN4TH+RD.%2CQIANZHENDIST.%2CKAOHSIUNG+CITY806%2CTWN
intl-1001-20968,TOM'S WORLD(SKM PARK@KAOHSIUNG 3F),Taiwan,,"NO.100,ZHONGSHAN4TH RD.,QIANZHENDIST.,KAOHSIUNG CITY806,TAIWAN",22.5872135,120.3232481,maimai DX International Version,maimai International official / ALL.Net,https://location.am-all.net/alm/location?gm=98&ct=1001&lang=en,https://location.am-all.net/alm/shop?gm=98&astep=1001&sid=20968&lang=en,False,https://www.google.com/maps/search/?api=1&query=TOM%27S+WORLD%28SKM+PARK%40KAOHSIUNG+3F%29+NO.100%2CZHONGSHAN4TH+RD.%2CQIANZHENDIST.%2CKAOHSIUNG+CITY806%2CTAIWAN
intl-1001-18425,TOM'S WORLD(TOM'S WORLD TAROKO MALL),Taiwan,,"10 F, No.186, Sec.4, Fuxing Rd,East Dist, Taichung City 401211",24.1359391,120.6877419,maimai DX International Version,maimai International official / ALL.Net,https://location.am-all.net/alm/location?gm=98&ct=1001&lang=en,https://location.am-all.net/alm/shop?gm=98&astep=1001&sid=18425&lang=en,False,https://www.google.com/maps/search/?api=1&query=TOM%27S+WORLD%28TOM%27S+WORLD+TAROKO+MALL%29+10+F%2C+No.186%2C+Sec.4%2C+Fuxing+Rd%2CEast+Dist%2C+Taichung+City+401211
intl-1001-24013,TOM'S WORLD(XIMEN@TAINAN),Taiwan,,"1F.,NO.273,SEC.4, XIMEN RD.,NORTH DIST., TAINAN CITY",23.013162,120.208839,maimai DX International Version,maimai International official / ALL.Net,https://location.am-all.net/alm/location?gm=98&ct=1001&lang=en,https://location.am-all.net/alm/shop?gm=98&astep=1001&sid=24013&lang=en,False,https://www.google.com/maps/search/?api=1&query=TOM%27S+WORLD%28XIMEN%40TAINAN%29+1F.%2CNO.273%2CSEC.4%2C+XIMEN+RD.%2CNORTH+DIST.%2C+TAINAN+CITY
intl-1001-18986,VAN'S PARADISE(TAMSUI),Taiwan,,"No.94 Yingzhuan Rd., Tamsui Dist., New Taipei City,Taiwan",25.1717774,121.4458778,maimai DX International Version,maimai International official / ALL.Net,https://location.am-all.net/alm/location?gm=98&ct=1001&lang=en,https://location.am-all.net/alm/shop?gm=98&astep=1001&sid=18986&lang=en,False,https://www.google.com/maps/search/?api=1&query=VAN%27S+PARADISE%28TAMSUI%29+No.94+Yingzhuan+Rd.%2C+Tamsui+Dist.%2C+New+Taipei+City%2CTaiwan
intl-1001-21127,WAWA EMPIRE(YIJHONG),Taiwan,,"1F,NO.9,ZUNXIAN ST., NORTH DIST.TAICHUNG CITY 404,TAIWAN(R.O.C.)",24.1488236,120.6853439,maimai DX International Version,maimai International official / ALL.Net,https://location.am-all.net/alm/location?gm=98&ct=1001&lang=en,https://location.am-all.net/alm/shop?gm=98&astep=1001&sid=21127&lang=en,False,https://www.google.com/maps/search/?api=1&query=WAWA+EMPIRE%28YIJHONG%29+1F%2CNO.9%2CZUNXIAN+ST.%2C+NORTH+DIST.TAICHUNG+CITY+404%2CTAIWAN%28R.O.C.%29
intl-1001-18377,X50 MGS KAOHSIUNG,Taiwan,,"No.1-12, Chongcing St., Sanmin Dist., Kaohsiung City 807010",,,maimai DX International Version,maimai International official / ALL.Net,https://location.am-all.net/alm/location?gm=98&ct=1001&lang=en,https://location.am-all.net/alm/shop?gm=98&astep=1001&sid=18377&lang=en,True,https://www.google.com/maps/search/?api=1&query=X50+MGS+KAOHSIUNG+No.1-12%2C+Chongcing+St.%2C+Sanmin+Dist.%2C+Kaohsiung+City+807010
intl-1001-20079,X50 MGS TAIPEI,Taiwan,,"No.49, Emei St., Wanhua Dist., Taipei City 108, Taiwan (R.O.C.)",25.0329694,121.5654177,maimai DX International Version,maimai International official / ALL.Net,https://location.am-all.net/alm/location?gm=98&ct=1001&lang=en,https://location.am-all.net/alm/shop?gm=98&astep=1001&sid=20079&lang=en,False,https://www.google.com/maps/search/?api=1&query=X50+MGS+TAIPEI+No.49%2C+Emei+St.%2C+Wanhua+Dist.%2C+Taipei+City+108%2C+Taiwan+%28R.O.C.%29
intl-1001-24024,YOUNG KEY PARADISE(DATONG),Taiwan,,"RM.37,NO.100,SEC.1, CIVIC BLBD.,DATONG DIST., TAIPEI CITY",25.0491067638321,121.515569327105,maimai DX International Version,maimai International official / ALL.Net,https://location.am-all.net/alm/location?gm=98&ct=1001&lang=en,https://location.am-all.net/alm/shop?gm=98&astep=1001&sid=24024&lang=en,False,https://www.google.com/maps/search/?api=1&query=YOUNG+KEY+PARADISE%28DATONG%29+RM.37%2CNO.100%2CSEC.1%2C+CIVIC+BLBD.%2CDATONG+DIST.%2C+TAIPEI+CITY
intl-1006-20677,ECHO GAMES(ZPELL),Thailand,,"PL2.3.SHP01094PRAHONYOTHINRD,PRACHATIPAT,TANYABURI,PRATHUMTHANI",13.9887697,100.617352,maimai DX International Version,maimai International official / ALL.Net,https://location.am-all.net/alm/location?gm=98&ct=1006&lang=en,https://location.am-all.net/alm/shop?gm=98&astep=1006&sid=20677&lang=en,False,https://www.google.com/maps/search/?api=1&query=ECHO+GAMES%28ZPELL%29+PL2.3.SHP01094PRAHONYOTHINRD%2CPRACHATIPAT%2CTANYABURI%2CPRATHUMTHANI
intl-1006-18722,ECHO XPERIENCE,Thailand,,"3Fl,301-304,Major Sukhumvit 1221/39, Sukhumvit Rd,North Khlong",13.7214312,100.5832743,maimai DX International Version,maimai International official / ALL.Net,https://location.am-all.net/alm/location?gm=98&ct=1006&lang=en,https://location.am-all.net/alm/shop?gm=98&astep=1006&sid=18722&lang=en,False,https://www.google.com/maps/search/?api=1&query=ECHO+XPERIENCE+3Fl%2C301-304%2CMajor+Sukhumvit+1221%2F39%2C+Sukhumvit+Rd%2CNorth+Khlong
intl-1006-20594,EX10(LADPRAO),Thailand,,"1693 PHAHOLYOTHIN RD. LADYAO,CHATUCHAK, BANGKOK",13.828598,100.559712,maimai DX International Version,maimai International official / ALL.Net,https://location.am-all.net/alm/location?gm=98&ct=1006&lang=en,https://location.am-all.net/alm/shop?gm=98&astep=1006&sid=20594&lang=en,False,https://www.google.com/maps/search/?api=1&query=EX10%28LADPRAO%29+1693+PHAHOLYOTHIN+RD.+LADYAO%2CCHATUCHAK%2C+BANGKOK
intl-1006-22393,EX10(MAYA CHIANGMAI),Thailand,,"55/5 M.5 CHANGPHEUK ,MEANG, CHIANGMAI",18.8026932947481,98.9672954806732,maimai DX International Version,maimai International official / ALL.Net,https://location.am-all.net/alm/location?gm=98&ct=1006&lang=en,https://location.am-all.net/alm/shop?gm=98&astep=1006&sid=22393&lang=en,False,https://www.google.com/maps/search/?api=1&query=EX10%28MAYA+CHIANGMAI%29+55%2F5+M.5+CHANGPHEUK+%2CMEANG%2C+CHIANGMAI
intl-1006-21537,EX10(MBK),Thailand,,"MBK CENTERBLDG.,444 PHAYATHAI RD.,PATHUM WAN BANGKOK",13.7443292698159,100.529997316579,maimai DX International Version,maimai International official / ALL.Net,https://location.am-all.net/alm/location?gm=98&ct=1006&lang=en,https://location.am-all.net/alm/shop?gm=98&astep=1006&sid=21537&lang=en,False,https://www.google.com/maps/search/?api=1&query=EX10%28MBK%29+MBK+CENTERBLDG.%2C444+PHAYATHAI+RD.%2CPATHUM+WAN+BANGKOK
intl-1006-19165,GIGA PARK,Thailand,,"No.14/9 Tesgo-Lutus Extra Bangna-Trad, Bang Kaseo Sub-Dist.,",13.6542149,100.6772822,maimai DX International Version,maimai International official / ALL.Net,https://location.am-all.net/alm/location?gm=98&ct=1006&lang=en,https://location.am-all.net/alm/shop?gm=98&astep=1006&sid=19165&lang=en,False,https://www.google.com/maps/search/?api=1&query=GIGA+PARK+No.14%2F9+Tesgo-Lutus+Extra+Bangna-Trad%2C+Bang+Kaseo+Sub-Dist.%2C
intl-1011-18860,AEON MALL TAN PHU,Viet Nam,,"2F, 30 Bo Bao Tan Thang Street,Son Ky Ward, Tan Phu District",10.8070945,106.6216373,maimai DX International Version,maimai International official / ALL.Net,https://location.am-all.net/alm/location?gm=98&ct=1011&lang=en,https://location.am-all.net/alm/shop?gm=98&astep=1011&sid=18860&lang=en,False,https://www.google.com/maps/search/?api=1&query=AEON+MALL+TAN+PHU+2F%2C+30+Bo+Bao+Tan+Thang+Street%2CSon+Ky+Ward%2C+Tan+Phu+District
intl-1011-19838,DREAM GAMES HO CHI MINH,Viet Nam,,"Bo Bao Tan Thang Street, Son KyWard, Tan Phu District,HoChiMinh",10.8018964709086,106.617999986976,maimai DX International Version,maimai International official / ALL.Net,https://location.am-all.net/alm/location?gm=98&ct=1011&lang=en,https://location.am-all.net/alm/shop?gm=98&astep=1011&sid=19838&lang=en,False,https://www.google.com/maps/search/?api=1&query=DREAM+GAMES+HO+CHI+MINH+Bo+Bao+Tan+Thang+Street%2C+Son+KyWard%2C+Tan+Phu+District%2CHoChiMinh
intl-1011-18646,DREAM GAMES MIPEC,Viet Nam,,"122 - 124 Xuan Thuy Street, Dich Vong Hau ward",21.0378193,105.7872989,maimai DX International Version,maimai International official / ALL.Net,https://location.am-all.net/alm/location?gm=98&ct=1011&lang=en,https://location.am-all.net/alm/shop?gm=98&astep=1011&sid=18646&lang=en,False,https://www.google.com/maps/search/?api=1&query=DREAM+GAMES+MIPEC+122+-+124+Xuan+Thuy+Street%2C+Dich+Vong+Hau+ward
intl-1011-19836,DREAM GAMES(BINH TAN),Viet Nam,,"AeonMallBinhTan,BinhTri DongBward,BinhTanDist.,HoChiMinhCity",10.7427069,106.6119055,maimai DX International Version,maimai International official / ALL.Net,https://location.am-all.net/alm/location?gm=98&ct=1011&lang=en,https://location.am-all.net/alm/shop?gm=98&astep=1011&sid=19836&lang=en,False,https://www.google.com/maps/search/?api=1&query=DREAM+GAMES%28BINH+TAN%29+AeonMallBinhTan%2CBinhTri+DongBward%2CBinhTanDist.%2CHoChiMinhCity
intl-1011-19420,DREAM GAMES(HAI PHONG LE CHAN),Viet Nam,,"3F,Aeonmall Hai Phong Le Chan,10,Vo Nguyen Giap St.,Kenh Duong W",20.8324943,106.682241,maimai DX International Version,maimai International official / ALL.Net,https://location.am-all.net/alm/location?gm=98&ct=1011&lang=en,https://location.am-all.net/alm/shop?gm=98&astep=1011&sid=19420&lang=en,False,https://www.google.com/maps/search/?api=1&query=DREAM+GAMES%28HAI+PHONG+LE+CHAN%29+3F%2CAeonmall+Hai+Phong+Le+Chan%2C10%2CVo+Nguyen+Giap+St.%2CKenh+Duong+W
intl-1011-19837,DREAM GAMES(LONG BIEN),Viet Nam,,"27 Co Linh Street, Long Bien Ward, Long Bien District, Ha Noi",21.02702,105.90099,maimai DX International Version,maimai International official / ALL.Net,https://location.am-all.net/alm/location?gm=98&ct=1011&lang=en,https://location.am-all.net/alm/shop?gm=98&astep=1011&sid=19837&lang=en,False,https://www.google.com/maps/search/?api=1&query=DREAM+GAMES%28LONG+BIEN%29+27+Co+Linh+Street%2C+Long+Bien+Ward%2C+Long+Bien+District%2C+Ha+Noi
intl-1011-18994,DREAM KIDS SU VAN HANH,Viet Nam,,11 SU VAN HANH PHUONG 12 QUAN 10,10.77075,106.66969,maimai DX International Version,maimai International official / ALL.Net,https://location.am-all.net/alm/location?gm=98&ct=1011&lang=en,https://location.am-all.net/alm/shop?gm=98&astep=1011&sid=18994&lang=en,False,https://www.google.com/maps/search/?api=1&query=DREAM+KIDS+SU+VAN+HANH+11+SU+VAN+HANH+PHUONG+12+QUAN+10
intl-1011-18370,GIGO AEON MALL HA DONG,Viet Nam,,"Lot T325, 3F, AEON MALL HA DONG, Duong Noi Ward, Ha Noi City",,,maimai DX International Version,maimai International official / ALL.Net,https://location.am-all.net/alm/location?gm=98&ct=1011&lang=en,https://location.am-all.net/alm/shop?gm=98&astep=1011&sid=18370&lang=en,True,https://www.google.com/maps/search/?api=1&query=GIGO+AEON+MALL+HA+DONG+Lot+T325%2C+3F%2C+AEON+MALL+HA+DONG%2C+Duong+Noi+Ward%2C+Ha+Noi+City
intl-1011-18673,GiGO VINCOM MEGAMALL THAO DIEN,Viet Nam,,"L4-07, No. 161 Vo Nguyen Giap, Thao Dien Ward",10.8023796,106.7409716,maimai DX International Version,maimai International official / ALL.Net,https://location.am-all.net/alm/location?gm=98&ct=1011&lang=en,https://location.am-all.net/alm/shop?gm=98&astep=1011&sid=18673&lang=en,False,https://www.google.com/maps/search/?api=1&query=GiGO+VINCOM+MEGAMALL+THAO+DIEN+L4-07%2C+No.+161+Vo+Nguyen+Giap%2C+Thao+Dien+Ward
intl-1011-18982,HEROWORLD BOWLING AND GAMES CENTER,Viet Nam,,"B2R304,Royalcity Megamall,72 Nguyen Trai,Thanh Xuan,Ha Noi",21.0010656,105.8161199,maimai DX International Version,maimai International official / ALL.Net,https://location.am-all.net/alm/location?gm=98&ct=1011&lang=en,https://location.am-all.net/alm/shop?gm=98&astep=1011&sid=18982&lang=en,False,https://www.google.com/maps/search/?api=1&query=HEROWORLD+BOWLING+AND+GAMES+CENTER+B2R304%2CRoyalcity+Megamall%2C72+Nguyen+Trai%2CThanh+Xuan%2CHa+Noi
intl-1011-19060,IPH INDOCHINA,Viet Nam,,"IPH, 241 Xuan Thuy Street,Dich Vong Hau Ward, Cau Giay, Hanoi",21.0360605,105.7833056,maimai DX International Version,maimai International official / ALL.Net,https://location.am-all.net/alm/location?gm=98&ct=1011&lang=en,https://location.am-all.net/alm/shop?gm=98&astep=1011&sid=19060&lang=en,False,https://www.google.com/maps/search/?api=1&query=IPH+INDOCHINA+IPH%2C+241+Xuan+Thuy+Street%2CDich+Vong+Hau+Ward%2C+Cau+Giay%2C+Hanoi
intl-1011-18565,KIDS BOX&TINY MF AEON TAN AN,Viet Nam,,"Lot T212. 2nd Fl No88 Aeon TanAn SC, National Highway 1 Ward 6",,,maimai DX International Version,maimai International official / ALL.Net,https://location.am-all.net/alm/location?gm=98&ct=1011&lang=en,https://location.am-all.net/alm/shop?gm=98&astep=1011&sid=18565&lang=en,True,https://www.google.com/maps/search/?api=1&query=KIDS+BOX%26TINY+MF+AEON+TAN+AN+Lot+T212.+2nd+Fl+No88+Aeon+TanAn+SC%2C+National+Highway+1+Ward+6
intl-1011-18975,LGG LIEU GIAI,Viet Nam,,"Vincom Center,29 Lieu Giai street,Ngoc Khanh Ward,Ba Dinh,Hanoi",10.7285352,106.7187468,maimai DX International Version,maimai International official / ALL.Net,https://location.am-all.net/alm/location?gm=98&ct=1011&lang=en,https://location.am-all.net/alm/shop?gm=98&astep=1011&sid=18975&lang=en,False,https://www.google.com/maps/search/?api=1&query=LGG+LIEU+GIAI+Vincom+Center%2C29+Lieu+Giai+street%2CNgoc+Khanh+Ward%2CBa+Dinh%2CHanoi
intl-1011-18424,MOLLY FANTASY - OCEAN CITY,Viet Nam,,"L2-26, Vincom Mega Mall Ocean City, Nghia Tru Commune, Hung Yen",20.9520601,105.9751024,maimai DX International Version,maimai International official / ALL.Net,https://location.am-all.net/alm/location?gm=98&ct=1011&lang=en,https://location.am-all.net/alm/shop?gm=98&astep=1011&sid=18424&lang=en,False,https://www.google.com/maps/search/?api=1&query=MOLLY+FANTASY+-+OCEAN+CITY+L2-26%2C+Vincom+Mega+Mall+Ocean+City%2C+Nghia+Tru+Commune%2C+Hung+Yen
intl-1011-18776,MOLLY FANTASY AEON CANARY,Viet Nam,,"Lot S20 2F, No.01 Binh Duong blv, Binh Giao quarter, Thuan Giao",10.9400153,106.7088775,maimai DX International Version,maimai International official / ALL.Net,https://location.am-all.net/alm/location?gm=98&ct=1011&lang=en,https://location.am-all.net/alm/shop?gm=98&astep=1011&sid=18776&lang=en,False,https://www.google.com/maps/search/?api=1&query=MOLLY+FANTASY+AEON+CANARY+Lot+S20+2F%2C+No.01+Binh+Duong+blv%2C+Binh+Giao+quarter%2C+Thuan+Giao
intl-1011-18777,MOLLY FANTASY AEON CELADON,Viet Nam,,"Lot S19 2F, No30 Bo Bao Tan Thang st, Tan Phu Dst, HCM",10.7994592,106.6132931,maimai DX International Version,maimai International official / ALL.Net,https://location.am-all.net/alm/location?gm=98&ct=1011&lang=en,https://location.am-all.net/alm/shop?gm=98&astep=1011&sid=18777&lang=en,False,https://www.google.com/maps/search/?api=1&query=MOLLY+FANTASY+AEON+CELADON+Lot+S19+2F%2C+No30+Bo+Bao+Tan+Thang+st%2C+Tan+Phu+Dst%2C+HCM
intl-1011-18762,MOLLY FANTASY BINH TAN,Viet Nam,,"17A Street,Binh Tri Dong B Ward,Binh Tan District,HoChiMinh City",10.7478829,106.6118492,maimai DX International Version,maimai International official / ALL.Net,https://location.am-all.net/alm/location?gm=98&ct=1011&lang=en,https://location.am-all.net/alm/shop?gm=98&astep=1011&sid=18762&lang=en,False,https://www.google.com/maps/search/?api=1&query=MOLLY+FANTASY+BINH+TAN+17A+Street%2CBinh+Tri+Dong+B+Ward%2CBinh+Tan+District%2CHoChiMinh+City
intl-1011-18992,MOLLY FANTASY HAI PHONG 2F,Viet Nam,,"10 Vo Nguyen Giap,Du Hang Kenh,Le Chan Hai Phong,Vietnam",20.833226,106.6824513,maimai DX International Version,maimai International official / ALL.Net,https://location.am-all.net/alm/location?gm=98&ct=1011&lang=en,https://location.am-all.net/alm/shop?gm=98&astep=1011&sid=18992&lang=en,False,https://www.google.com/maps/search/?api=1&query=MOLLY+FANTASY+HAI+PHONG+2F+10+Vo+Nguyen+Giap%2CDu+Hang+Kenh%2CLe+Chan+Hai+Phong%2CVietnam
intl-1011-18423,MOLLY FANTASY HANOI CENTRE,Viet Nam,,"L2-C10, 2F TienBoPlaza, 175 Nguyen Thai Hoc St, O Cho Dua Ward",21.0317173,105.8310216,maimai DX International Version,maimai International official / ALL.Net,https://location.am-all.net/alm/location?gm=98&ct=1011&lang=en,https://location.am-all.net/alm/shop?gm=98&astep=1011&sid=18423&lang=en,False,https://www.google.com/maps/search/?api=1&query=MOLLY+FANTASY+HANOI+CENTRE+L2-C10%2C+2F+TienBoPlaza%2C+175+Nguyen+Thai+Hoc+St%2C+O+Cho+Dua+Ward
intl-1011-18775,MOLLY FANTASY LOTTE NSG,Viet Nam,,"Lot 2F 01+03 2F, Lotte Mart NamLot 2F 01+03 2F, Lotte Mart Nam Sai Gon, No.469 Nguyen Huu Tho",10.7409449,106.7018086,maimai DX International Version,maimai International official / ALL.Net,https://location.am-all.net/alm/location?gm=98&ct=1011&lang=en,https://location.am-all.net/alm/shop?gm=98&astep=1011&sid=18775&lang=en,False,https://www.google.com/maps/search/?api=1&query=MOLLY+FANTASY+LOTTE+NSG+Lot+2F+01%2B03+2F%2C+Lotte+Mart+NamLot+2F+01%2B03+2F%2C+Lotte+Mart+Nam+Sai+Gon%2C+No.469+Nguyen+Huu+Tho
intl-1011-18989,MOLLY FANTASY SORA GARDEN,Viet Nam,,"Lot 203,SORA Gardens,C19 Duong Hung Vuong,Thu Dau Mot,Binh Duong",11.0458701,106.6783378,maimai DX International Version,maimai International official / ALL.Net,https://location.am-all.net/alm/location?gm=98&ct=1011&lang=en,https://location.am-all.net/alm/shop?gm=98&astep=1011&sid=18989&lang=en,False,https://www.google.com/maps/search/?api=1&query=MOLLY+FANTASY+SORA+GARDEN+Lot+203%2CSORA+Gardens%2CC19+Duong+Hung+Vuong%2CThu+Dau+Mot%2CBinh+Duong
intl-1011-18991,MOLLY FANTASY TINY LB,Viet Nam,,"Lot 3F-1,3F,Aeon Mall Long Bien,27 D.Co Linh,Long Bien,Hanoi",21.0274359,105.8987956,maimai DX International Version,maimai International official / ALL.Net,https://location.am-all.net/alm/location?gm=98&ct=1011&lang=en,https://location.am-all.net/alm/shop?gm=98&astep=1011&sid=18991&lang=en,False,https://www.google.com/maps/search/?api=1&query=MOLLY+FANTASY+TINY+LB+Lot+3F-1%2C3F%2CAeon+Mall+Long+Bien%2C27+D.Co+Linh%2CLong+Bien%2CHanoi
intl-1011-18988,MOLLY FANTASY VINCOM ROYAL CITY,Viet Nam,,"Lot B2-R5-27,Vincom Royal City,72A Nguyen Trai,Thanh Xuan,Hanoi",21.0021365,105.8151956,maimai DX International Version,maimai International official / ALL.Net,https://location.am-all.net/alm/location?gm=98&ct=1011&lang=en,https://location.am-all.net/alm/shop?gm=98&astep=1011&sid=18988&lang=en,False,https://www.google.com/maps/search/?api=1&query=MOLLY+FANTASY+VINCOM+ROYAL+CITY+Lot+B2-R5-27%2CVincom+Royal+City%2C72A+Nguyen+Trai%2CThanh+Xuan%2CHanoi
intl-1011-18648,NOWZONE FASHION MALL,Viet Nam,,"235 Nguyen Van Cu Street, Nguyen Cu Ward, District 1",10.7610332,106.6837686,maimai DX International Version,maimai International official / ALL.Net,https://location.am-all.net/alm/location?gm=98&ct=1011&lang=en,https://location.am-all.net/alm/shop?gm=98&astep=1011&sid=18648&lang=en,False,https://www.google.com/maps/search/?api=1&query=NOWZONE+FASHION+MALL+235+Nguyen+Van+Cu+Street%2C+Nguyen+Cu+Ward%2C+District+1
intl-1011-19557,TIMEZONE AEON HAI PHONG,Viet Nam,,"T339,3F,AeonMall Hai Phong,KenhDuong w.,Le Chan Dist,Hai Phong",20.8324937,106.6822778,maimai DX International Version,maimai International official / ALL.Net,https://location.am-all.net/alm/location?gm=98&ct=1011&lang=en,https://location.am-all.net/alm/shop?gm=98&astep=1011&sid=19557&lang=en,False,https://www.google.com/maps/search/?api=1&query=TIMEZONE+AEON+HAI+PHONG+T339%2C3F%2CAeonMall+Hai+Phong%2CKenhDuong+w.%2CLe+Chan+Dist%2CHai+Phong
intl-1011-18861,TIMEZONE AEON HUE,Viet Nam,,"No. 08, Vo Nguyen Giap Street, An Dong Ward, Hue City",16.45462,107.6139515,maimai DX International Version,maimai International official / ALL.Net,https://location.am-all.net/alm/location?gm=98&ct=1011&lang=en,https://location.am-all.net/alm/shop?gm=98&astep=1011&sid=18861&lang=en,False,https://www.google.com/maps/search/?api=1&query=TIMEZONE+AEON+HUE+No.+08%2C+Vo+Nguyen+Giap+Street%2C+An+Dong+Ward%2C+Hue+City
intl-1011-18582,TIMEZONE AEON LONG BIEN,Viet Nam,,"NO. 27 CO LINH STREET, LONG BIEN WARD, HANOI CITY",21.0269505,105.8992565,maimai DX International Version,maimai International official / ALL.Net,https://location.am-all.net/alm/location?gm=98&ct=1011&lang=en,https://location.am-all.net/alm/shop?gm=98&astep=1011&sid=18582&lang=en,False,https://www.google.com/maps/search/?api=1&query=TIMEZONE+AEON+LONG+BIEN+NO.+27+CO+LINH+STREET%2C+LONG+BIEN+WARD%2C+HANOI+CITY
intl-1011-18337,TIMEZONE AEON MALL THANH KHE,Viet Nam,,"Dien Bien Phu, Thanh Khe District, Da Nang city ,Viet Nam",,,maimai DX International Version,maimai International official / ALL.Net,https://location.am-all.net/alm/location?gm=98&ct=1011&lang=en,https://location.am-all.net/alm/shop?gm=98&astep=1011&sid=18337&lang=en,True,https://www.google.com/maps/search/?api=1&query=TIMEZONE+AEON+MALL+THANH+KHE+Dien+Bien+Phu%2C+Thanh+Khe+District%2C+Da+Nang+city+%2CViet+Nam
intl-1011-18859,TIMEZONE CRESCENT MALL,Viet Nam,,"5F Crescent Mall,101 Ton Dat Tien street, Tan Phu Ward,District7",10.7285352,106.7187468,maimai DX International Version,maimai International official / ALL.Net,https://location.am-all.net/alm/location?gm=98&ct=1011&lang=en,https://location.am-all.net/alm/shop?gm=98&astep=1011&sid=18859&lang=en,False,https://www.google.com/maps/search/?api=1&query=TIMEZONE+CRESCENT+MALL+5F+Crescent+Mall%2C101+Ton+Dat+Tien+street%2C+Tan+Phu+Ward%2CDistrict7
intl-1011-18606,TIMEZONE HANOI CENTER,Viet Nam,,"NO 175 Nguyen Thai Hoc, Ba Dinh, Hanoi",21.0319498,105.8302501,maimai DX International Version,maimai International official / ALL.Net,https://location.am-all.net/alm/location?gm=98&ct=1011&lang=en,https://location.am-all.net/alm/shop?gm=98&astep=1011&sid=18606&lang=en,False,https://www.google.com/maps/search/?api=1&query=TIMEZONE+HANOI+CENTER+NO+175+Nguyen+Thai+Hoc%2C+Ba+Dinh%2C+Hanoi
intl-1011-18858,TIMEZONE PARC MALL,Viet Nam,,"195 Cao Lo, District 8, Ho Chi Minh",10.7386235,106.6789521,maimai DX International Version,maimai International official / ALL.Net,https://location.am-all.net/alm/location?gm=98&ct=1011&lang=en,https://location.am-all.net/alm/shop?gm=98&astep=1011&sid=18858&lang=en,False,https://www.google.com/maps/search/?api=1&query=TIMEZONE+PARC+MALL+195+Cao+Lo%2C+District+8%2C+Ho+Chi+Minh
intl-1011-19471,TIMEZONE(AEON BINH DUONG),Viet Nam,,"Aeon Mall Binh Duong Canary,Binh Giao,Thuan Giao,Thuan An City",10.9323347,106.7119938,maimai DX International Version,maimai International official / ALL.Net,https://location.am-all.net/alm/location?gm=98&ct=1011&lang=en,https://location.am-all.net/alm/shop?gm=98&astep=1011&sid=19471&lang=en,False,https://www.google.com/maps/search/?api=1&query=TIMEZONE%28AEON+BINH+DUONG%29+Aeon+Mall+Binh+Duong+Canary%2CBinh+Giao%2CThuan+Giao%2CThuan+An+City
intl-1011-19834,TIMEZONE(AEON HA DONG),Viet Nam,,"AEONMALL,HoangVanThuStreet DuongNoiWard,HaDong District, Ha Noi",21.0277644,105.8341598,maimai DX International Version,maimai International official / ALL.Net,https://location.am-all.net/alm/location?gm=98&ct=1011&lang=en,https://location.am-all.net/alm/shop?gm=98&astep=1011&sid=19834&lang=en,False,https://www.google.com/maps/search/?api=1&query=TIMEZONE%28AEON+HA+DONG%29+AEONMALL%2CHoangVanThuStreet+DuongNoiWard%2CHaDong+District%2C+Ha+Noi
intl-1011-19833,TIMEZONE(AEON TAN PHU),Viet Nam,,Dia chi So 30 Tan Thang Phuong Son Ky Quan Tan PhuTp Ho Chi Minh,10.8013663,106.6172025,maimai DX International Version,maimai International official / ALL.Net,https://location.am-all.net/alm/location?gm=98&ct=1011&lang=en,https://location.am-all.net/alm/shop?gm=98&astep=1011&sid=19833&lang=en,False,https://www.google.com/maps/search/?api=1&query=TIMEZONE%28AEON+TAN+PHU%29+Dia+chi+So+30+Tan+Thang+Phuong+Son+Ky+Quan+Tan+PhuTp+Ho+Chi+Minh
intl-1011-19832,TIMEZONE(ESTELLA),Viet Nam,,"Estella Place, 88 Song Hanh Street, An Phu Ward, 2 District",10.8020658,106.7484709,maimai DX International Version,maimai International official / ALL.Net,https://location.am-all.net/alm/location?gm=98&ct=1011&lang=en,https://location.am-all.net/alm/shop?gm=98&astep=1011&sid=19832&lang=en,False,https://www.google.com/maps/search/?api=1&query=TIMEZONE%28ESTELLA%29+Estella+Place%2C+88+Song+Hanh+Street%2C+An+Phu+Ward%2C+2+District
